2025-07-02 17:12:28 INFO  o.h.validator.internal.util.Version - HV000001: Hibernate Validator 8.0.2.Final
2025-07-02 17:12:28 INFO  com.nt.LMS.LmsApplication - Starting LmsApplication using Java 17.0.12 with PID 1612 (C:\Users\DELL\Desktop\LMS-NT\LMS\build\classes\java\main started by DELL in C:\Users\DELL\Desktop\LMS-NT)
2025-07-02 17:12:28 INFO  com.nt.LMS.LmsApplication - No active profile set, falling back to 1 default profile: "default"
2025-07-02 17:12:30 INFO  o.s.d.r.c.RepositoryConfigurationDelegate - Bootstrapping Spring Data JPA repositories in DEFAULT mode.
2025-07-02 17:12:30 INFO  o.s.d.r.c.RepositoryConfigurationDelegate - Finished Spring Data repository scanning in 132 ms. Found 10 JPA repository interfaces.
2025-07-02 17:12:30 INFO  o.s.cloud.context.scope.GenericScope - BeanFactory id=ba30d0a8-4893-3dfd-8a99-8de263d9bdbc
2025-07-02 17:12:31 INFO  o.s.b.w.e.tomcat.TomcatWebServer - Tomcat initialized with port 8081 (http)
2025-07-02 17:12:31 INFO  o.a.coyote.http11.Http11NioProtocol - Initializing ProtocolHandler ["http-nio-8081"]
2025-07-02 17:12:31 INFO  o.a.catalina.core.StandardService - Starting service [Tomcat]
2025-07-02 17:12:31 INFO  o.a.catalina.core.StandardEngine - Starting Servlet engine: [Apache Tomcat/10.1.39]
2025-07-02 17:12:31 INFO  o.a.c.c.C.[Tomcat].[localhost].[/] - Initializing Spring embedded WebApplicationContext
2025-07-02 17:12:31 INFO  o.s.b.w.s.c.ServletWebServerApplicationContext - Root WebApplicationContext: initialization completed in 3179 ms
2025-07-02 17:12:32 INFO  o.h.jpa.internal.util.LogHelper - HHH000204: Processing PersistenceUnitInfo [name: default]
2025-07-02 17:12:32 INFO  org.hibernate.Version - HHH000412: Hibernate ORM core version 6.6.11.Final
2025-07-02 17:12:32 INFO  o.h.c.i.RegionFactoryInitiator - HHH000026: Second-level cache disabled
2025-07-02 17:12:32 INFO  o.s.o.j.p.SpringPersistenceUnitInfo - No LoadTimeWeaver setup: ignoring JPA class transformer
2025-07-02 17:12:32 INFO  com.zaxxer.hikari.HikariDataSource - HikariPool-1 - Starting...
2025-07-02 17:12:33 INFO  com.zaxxer.hikari.pool.HikariPool - HikariPool-1 - Added connection org.postgresql.jdbc.PgConnection@3460e4ed
2025-07-02 17:12:33 INFO  com.zaxxer.hikari.HikariDataSource - HikariPool-1 - Start completed.
2025-07-02 17:12:33 WARN  org.hibernate.orm.deprecation - HHH90000025: PostgreSQLDialect does not need to be specified explicitly using 'hibernate.dialect' (remove the property setting and it will be selected by default)
2025-07-02 17:12:33 INFO  o.hibernate.orm.connections.pooling - HHH10001005: Database info:
	Database JDBC URL [Connecting through datasource 'HikariDataSource (HikariPool-1)']
	Database driver: undefined/unknown
	Database version: 16.3
	Autocommit mode: undefined/unknown
	Isolation level: undefined/unknown
	Minimum pool size: undefined/unknown
	Maximum pool size: undefined/unknown
2025-07-02 17:12:34 INFO  o.h.e.t.j.p.i.JtaPlatformInitiator - HHH000489: No JTA platform available (set 'hibernate.transaction.jta.platform' to enable JTA platform integration)
2025-07-02 17:12:34 INFO  o.s.o.j.LocalContainerEntityManagerFactoryBean - Initialized JPA EntityManagerFactory for persistence unit 'default'
2025-07-02 17:12:35 INFO  o.s.d.j.r.query.QueryEnhancerFactory - Hibernate is in classpath; If applicable, HQL parser will be used.
2025-07-02 17:12:36 WARN  o.s.b.a.o.j.JpaBaseConfiguration$JpaWebConfiguration - spring.jpa.open-in-view is enabled by default. Therefore, database queries may be performed during view rendering. Explicitly configure spring.jpa.open-in-view to disable this warning
2025-07-02 17:12:36 INFO  o.s.s.c.a.a.c.InitializeUserDetailsBeanManagerConfigurer$InitializeUserDetailsManagerConfigurer - Global AuthenticationManager configured with UserDetailsService bean with name userServiceImpl
2025-07-02 17:12:36 DEBUG o.s.w.s.m.m.a.RequestMappingHandlerMapping - 42 mappings in 'requestMappingHandlerMapping'
2025-07-02 17:12:37 DEBUG o.s.w.s.h.SimpleUrlHandlerMapping - Patterns [/webjars/**, /**] in 'resourceHandlerMapping'
2025-07-02 17:12:37 DEBUG o.s.w.s.m.m.a.RequestMappingHandlerAdapter - ControllerAdvice beans: 0 @ModelAttribute, 0 @InitBinder, 1 RequestBodyAdvice, 1 ResponseBodyAdvice
2025-07-02 17:12:37 DEBUG o.s.w.s.m.m.a.ExceptionHandlerExceptionResolver - ControllerAdvice beans: 1 @ExceptionHandler, 1 ResponseBodyAdvice
2025-07-02 17:12:37 INFO  o.a.coyote.http11.Http11NioProtocol - Starting ProtocolHandler ["http-nio-8081"]
2025-07-02 17:12:37 INFO  o.s.b.w.e.tomcat.TomcatWebServer - Tomcat started on port 8081 (http) with context path '/'
2025-07-02 17:12:37 INFO  com.nt.LMS.LmsApplication - Started LmsApplication in 10.08 seconds (process running for 11.256)
2025-07-02 17:16:31 INFO  o.a.c.c.C.[Tomcat].[localhost].[/] - Initializing Spring DispatcherServlet 'dispatcherServlet'
2025-07-02 17:16:31 INFO  o.s.web.servlet.DispatcherServlet - Initializing Servlet 'dispatcherServlet'
2025-07-02 17:16:31 DEBUG o.s.web.servlet.DispatcherServlet - Detected StandardServletMultipartResolver
2025-07-02 17:16:31 DEBUG o.s.web.servlet.DispatcherServlet - Detected AcceptHeaderLocaleResolver
2025-07-02 17:16:31 DEBUG o.s.web.servlet.DispatcherServlet - Detected FixedThemeResolver
2025-07-02 17:16:31 DEBUG o.s.web.servlet.DispatcherServlet - Detected org.springframework.web.servlet.view.DefaultRequestToViewNameTranslator@6145981c
2025-07-02 17:16:31 DEBUG o.s.web.servlet.DispatcherServlet - Detected org.springframework.web.servlet.support.SessionFlashMapManager@63fa0b9
2025-07-02 17:16:31 DEBUG o.s.web.servlet.DispatcherServlet - enableLoggingRequestDetails='false': request parameters and headers will be masked to prevent unsafe logging of potentially sensitive data
2025-07-02 17:16:31 INFO  o.s.web.servlet.DispatcherServlet - Completed initialization in 11 ms
2025-07-02 17:16:32 DEBUG o.s.web.servlet.DispatcherServlet - GET "/api/service-api/enrollment/statistics", parameters={}
2025-07-02 17:16:32 DEBUG o.s.web.servlet.DispatcherServlet - GET "/api/service-api/admin/users/recent", parameters={}
2025-07-02 17:16:32 DEBUG o.s.web.servlet.DispatcherServlet - GET "/api/service-api/group/count", parameters={}
2025-07-02 17:16:32 DEBUG o.s.web.servlet.DispatcherServlet - GET "/api/service-api/admin/count", parameters={}
2025-07-02 17:16:32 DEBUG o.s.w.s.m.m.a.RequestMappingHandlerMapping - Mapped to com.nt.LMS.controller.GroupController#getGroupCount()
2025-07-02 17:16:32 DEBUG o.s.w.s.m.m.a.RequestMappingHandlerMapping - Mapped to com.nt.LMS.controller.AdminController#getTotalUserCount()
2025-07-02 17:16:32 DEBUG o.s.w.s.m.m.a.RequestMappingHandlerMapping - Mapped to com.nt.LMS.controller.EnrollmentController#getEnrollmentStatistics()
2025-07-02 17:16:32 DEBUG o.s.w.s.m.m.a.RequestMappingHandlerMapping - Mapped to com.nt.LMS.controller.AdminController#getRecentUsers()
2025-07-02 17:16:32 INFO  c.nt.LMS.controller.GroupController - Received request to get total Group count.
2025-07-02 17:16:32 INFO  c.nt.LMS.controller.AdminController - Fetching total user count
2025-07-02 17:16:32 INFO  c.nt.LMS.controller.GroupController - Total Group count retrieved: 0
2025-07-02 17:16:32 INFO  c.nt.LMS.controller.AdminController - Total user count retrieved: 10
2025-07-02 17:16:32 DEBUG o.s.w.s.m.m.a.HttpEntityMethodProcessor - Using 'application/json', given [application/json, text/plain, */*] and supported [application/json, application/*+json]
2025-07-02 17:16:32 DEBUG o.s.w.s.m.m.a.HttpEntityMethodProcessor - Using 'application/json', given [application/json, text/plain, */*] and supported [application/json, application/*+json]
2025-07-02 17:16:32 DEBUG o.s.w.s.m.m.a.HttpEntityMethodProcessor - Using 'application/json', given [application/json, text/plain, */*] and supported [application/json, application/*+json]
2025-07-02 17:16:32 DEBUG o.s.w.s.m.m.a.HttpEntityMethodProcessor - Using 'application/json', given [application/json, text/plain, */*] and supported [application/json, application/*+json]
2025-07-02 17:16:32 DEBUG o.s.w.s.m.m.a.HttpEntityMethodProcessor - Writing [MessageOutDto(message=0)]
2025-07-02 17:16:32 DEBUG o.s.w.s.m.m.a.HttpEntityMethodProcessor - Writing [StandardResponseOutDTO{status='SUCCESS', message='Fetched User Count', data=10}]
2025-07-02 17:16:32 DEBUG o.s.w.s.m.m.a.HttpEntityMethodProcessor - Writing [StandardResponseOutDTO{status='SUCCESS', message='Fetched Recent Users', data=[UsersDetailsViewDTO(f (truncated)...]
2025-07-02 17:16:32 DEBUG o.s.w.s.m.m.a.HttpEntityMethodProcessor - Writing [StandardResponseOutDTO{status='SUCCESS', message='Fetched Enrollment Statistics', data=EnrollmentDas (truncated)...]
2025-07-02 17:16:32 DEBUG o.s.web.servlet.DispatcherServlet - Completed 200 OK
2025-07-02 17:16:32 DEBUG o.s.web.servlet.DispatcherServlet - Completed 200 OK
2025-07-02 17:16:32 DEBUG o.s.web.servlet.DispatcherServlet - Completed 200 OK
2025-07-02 17:16:32 DEBUG o.s.web.servlet.DispatcherServlet - Completed 200 OK
2025-07-02 17:16:32 DEBUG o.s.web.servlet.DispatcherServlet - GET "/api/service-api/group/recent", parameters={}
2025-07-02 17:16:32 DEBUG o.s.w.s.m.m.a.RequestMappingHandlerMapping - Mapped to com.nt.LMS.controller.GroupController#getRecentGroups()
2025-07-02 17:16:32 DEBUG o.s.w.s.m.m.a.HttpEntityMethodProcessor - Using 'application/json', given [application/json, text/plain, */*] and supported [application/json, application/*+json]
2025-07-02 17:16:32 DEBUG o.s.w.s.m.m.a.HttpEntityMethodProcessor - Writing [StandardResponseOutDTO{status='SUCCESS', message='Group summary fetched successfully', data=[]}]
2025-07-02 17:16:32 DEBUG o.s.web.servlet.DispatcherServlet - Completed 200 OK
2025-07-02 17:28:15 DEBUG o.s.web.servlet.DispatcherServlet - GET "/api/service-api/report/course/1/pdf", parameters={}
2025-07-02 17:28:15 DEBUG o.s.w.s.m.m.a.RequestMappingHandlerMapping - Mapped to com.nt.LMS.controller.CourseReportGenerationController#getCourseReportAsPdf(Long, HttpServletResponse)
2025-07-02 17:28:15 DEBUG o.s.web.servlet.DispatcherServlet - Completed 200 OK
2025-07-02 17:28:19 DEBUG o.s.web.servlet.DispatcherServlet - GET "/api/service-api/report/course/1/pdf", parameters={}
2025-07-02 17:28:19 DEBUG o.s.w.s.m.m.a.RequestMappingHandlerMapping - Mapped to com.nt.LMS.controller.CourseReportGenerationController#getCourseReportAsPdf(Long, HttpServletResponse)
2025-07-02 17:28:19 DEBUG o.s.web.servlet.DispatcherServlet - Completed 200 OK
2025-07-02 17:28:30 DEBUG o.s.web.servlet.DispatcherServlet - GET "/api/service-api/report/course/1/pdf", parameters={}
2025-07-02 17:28:30 DEBUG o.s.w.s.m.m.a.RequestMappingHandlerMapping - Mapped to com.nt.LMS.controller.CourseReportGenerationController#getCourseReportAsPdf(Long, HttpServletResponse)
2025-07-02 17:28:30 DEBUG o.s.web.servlet.DispatcherServlet - Completed 200 OK
2025-07-02 17:28:52 DEBUG o.s.web.servlet.DispatcherServlet - GET "/api/service-api/report/course/1/pdf", parameters={}
2025-07-02 17:28:52 DEBUG o.s.w.s.m.m.a.RequestMappingHandlerMapping - Mapped to com.nt.LMS.controller.CourseReportGenerationController#getCourseReportAsPdf(Long, HttpServletResponse)
2025-07-02 17:28:52 DEBUG o.s.web.servlet.DispatcherServlet - Completed 200 OK
2025-07-02 17:29:00 DEBUG o.s.web.servlet.DispatcherServlet - GET "/api/service-api/report/course/1/pdf", parameters={}
2025-07-02 17:29:00 DEBUG o.s.w.s.m.m.a.RequestMappingHandlerMapping - Mapped to com.nt.LMS.controller.CourseReportGenerationController#getCourseReportAsPdf(Long, HttpServletResponse)
2025-07-02 17:29:00 DEBUG o.s.web.servlet.DispatcherServlet - Completed 200 OK
2025-07-02 17:30:52 DEBUG o.s.web.servlet.DispatcherServlet - GET "/api/service-api/report/course/1/pdf", parameters={}
2025-07-02 17:30:52 DEBUG o.s.w.s.m.m.a.RequestMappingHandlerMapping - Mapped to com.nt.LMS.controller.CourseReportGenerationController#getCourseReportAsPdf(Long, HttpServletResponse)
2025-07-02 17:30:52 DEBUG o.s.web.servlet.DispatcherServlet - Completed 200 OK
2025-07-02 17:36:31 DEBUG o.s.web.servlet.DispatcherServlet - GET "/api/service-api/admin/count", parameters={}
2025-07-02 17:36:31 DEBUG o.s.w.s.m.m.a.RequestMappingHandlerMapping - Mapped to com.nt.LMS.controller.AdminController#getTotalUserCount()
2025-07-02 17:36:31 INFO  c.nt.LMS.controller.AdminController - Fetching total user count
2025-07-02 17:36:31 DEBUG o.s.web.servlet.DispatcherServlet - GET "/api/service-api/group/count", parameters={}
2025-07-02 17:36:31 DEBUG o.s.web.servlet.DispatcherServlet - GET "/api/service-api/enrollment/statistics", parameters={}
2025-07-02 17:36:31 DEBUG o.s.w.s.m.m.a.RequestMappingHandlerMapping - Mapped to com.nt.LMS.controller.GroupController#getGroupCount()
2025-07-02 17:36:31 DEBUG o.s.w.s.m.m.a.RequestMappingHandlerMapping - Mapped to com.nt.LMS.controller.EnrollmentController#getEnrollmentStatistics()
2025-07-02 17:36:31 INFO  c.nt.LMS.controller.GroupController - Received request to get total Group count.
2025-07-02 17:36:31 DEBUG o.s.web.servlet.DispatcherServlet - GET "/api/service-api/admin/users/recent", parameters={}
2025-07-02 17:36:31 DEBUG o.s.w.s.m.m.a.RequestMappingHandlerMapping - Mapped to com.nt.LMS.controller.AdminController#getRecentUsers()
2025-07-02 17:36:31 INFO  c.nt.LMS.controller.GroupController - Total Group count retrieved: 0
2025-07-02 17:36:31 DEBUG o.s.w.s.m.m.a.HttpEntityMethodProcessor - Using 'application/json', given [application/json, text/plain, */*] and supported [application/json, application/*+json]
2025-07-02 17:36:31 DEBUG o.s.w.s.m.m.a.HttpEntityMethodProcessor - Using 'application/json', given [application/json, text/plain, */*] and supported [application/json, application/*+json]
2025-07-02 17:36:31 DEBUG o.s.w.s.m.m.a.HttpEntityMethodProcessor - Using 'application/json', given [application/json, text/plain, */*] and supported [application/json, application/*+json]
2025-07-02 17:36:31 DEBUG o.s.w.s.m.m.a.HttpEntityMethodProcessor - Writing [MessageOutDto(message=0)]
2025-07-02 17:36:31 DEBUG o.s.w.s.m.m.a.HttpEntityMethodProcessor - Writing [StandardResponseOutDTO{status='SUCCESS', message='Fetched Recent Users', data=[UsersDetailsViewDTO(f (truncated)...]
2025-07-02 17:36:31 DEBUG o.s.w.s.m.m.a.HttpEntityMethodProcessor - Writing [StandardResponseOutDTO{status='SUCCESS', message='Fetched Enrollment Statistics', data=EnrollmentDas (truncated)...]
2025-07-02 17:36:31 INFO  c.nt.LMS.controller.AdminController - Total user count retrieved: 10
2025-07-02 17:36:31 DEBUG o.s.w.s.m.m.a.HttpEntityMethodProcessor - Using 'application/json', given [application/json, text/plain, */*] and supported [application/json, application/*+json]
2025-07-02 17:36:31 DEBUG o.s.w.s.m.m.a.HttpEntityMethodProcessor - Writing [StandardResponseOutDTO{status='SUCCESS', message='Fetched User Count', data=10}]
2025-07-02 17:36:31 DEBUG o.s.web.servlet.DispatcherServlet - Completed 200 OK
2025-07-02 17:36:31 DEBUG o.s.web.servlet.DispatcherServlet - Completed 200 OK
2025-07-02 17:36:31 DEBUG o.s.web.servlet.DispatcherServlet - Completed 200 OK
2025-07-02 17:36:31 DEBUG o.s.web.servlet.DispatcherServlet - Completed 200 OK
2025-07-02 17:36:31 DEBUG o.s.web.servlet.DispatcherServlet - GET "/api/service-api/group/recent", parameters={}
2025-07-02 17:36:31 DEBUG o.s.w.s.m.m.a.RequestMappingHandlerMapping - Mapped to com.nt.LMS.controller.GroupController#getRecentGroups()
2025-07-02 17:36:31 DEBUG o.s.w.s.m.m.a.HttpEntityMethodProcessor - Using 'application/json', given [application/json, text/plain, */*] and supported [application/json, application/*+json]
2025-07-02 17:36:31 DEBUG o.s.w.s.m.m.a.HttpEntityMethodProcessor - Writing [StandardResponseOutDTO{status='SUCCESS', message='Group summary fetched successfully', data=[]}]
2025-07-02 17:36:31 DEBUG o.s.web.servlet.DispatcherServlet - Completed 200 OK
2025-07-02 17:36:33 DEBUG o.s.web.servlet.DispatcherServlet - GET "/api/service-api/admin/active-employees", parameters={}
2025-07-02 17:36:33 DEBUG o.s.w.s.m.m.a.RequestMappingHandlerMapping - Mapped to com.nt.LMS.controller.AdminController#getAllEmployees()
2025-07-02 17:36:33 INFO  c.nt.LMS.controller.AdminController - Fetching all employees
2025-07-02 17:36:33 INFO  c.n.L.s.serviceImpl.AdminServiceImpl - Fetching all users
2025-07-02 17:36:33 INFO  c.n.L.s.serviceImpl.AdminServiceImpl - Successfully fetched 10 users
2025-07-02 17:36:33 INFO  c.nt.LMS.controller.AdminController - Fetched 10 employees
2025-07-02 17:36:33 DEBUG o.s.w.s.m.m.a.HttpEntityMethodProcessor - Using 'application/json', given [application/json, text/plain, */*] and supported [application/json, application/*+json]
2025-07-02 17:36:33 DEBUG o.s.w.s.m.m.a.HttpEntityMethodProcessor - Writing [StandardResponseOutDTO{status='SUCCESS', message='User fetched Successfully', data=[UserOutDTO(userI (truncated)...]
2025-07-02 17:36:33 DEBUG o.s.web.servlet.DispatcherServlet - Completed 200 OK
2025-07-02 17:36:33 DEBUG o.s.web.servlet.DispatcherServlet - GET "/api/service-api/admin/inactive-employees", parameters={}
2025-07-02 17:36:33 DEBUG o.s.w.s.m.m.a.RequestMappingHandlerMapping - Mapped to com.nt.LMS.controller.AdminController#getAllInactiveEmployees()
2025-07-02 17:36:33 INFO  c.nt.LMS.controller.AdminController - Fetching all inactive employees
2025-07-02 17:36:33 INFO  c.n.L.s.serviceImpl.AdminServiceImpl - Fetching all  inactive users
2025-07-02 17:36:33 INFO  c.n.L.s.serviceImpl.AdminServiceImpl - Successfully fetched 5 inactive users
2025-07-02 17:36:33 INFO  c.nt.LMS.controller.AdminController - Fetched 5 inactive employees
2025-07-02 17:36:33 DEBUG o.s.w.s.m.m.a.HttpEntityMethodProcessor - Using 'application/json', given [application/json, text/plain, */*] and supported [application/json, application/*+json]
2025-07-02 17:36:33 DEBUG o.s.w.s.m.m.a.HttpEntityMethodProcessor - Writing [StandardResponseOutDTO{status='SUCCESS', message='User fetched Successfully', data=[UserOutDTO(userI (truncated)...]
2025-07-02 17:36:33 DEBUG o.s.web.servlet.DispatcherServlet - Completed 200 OK
2025-07-02 17:36:38 DEBUG o.s.web.servlet.DispatcherServlet - GET "/api/service-api/report/course/1/pdf", parameters={}
2025-07-02 17:36:38 DEBUG o.s.w.s.m.m.a.RequestMappingHandlerMapping - Mapped to com.nt.LMS.controller.CourseReportGenerationController#getCourseReportAsPdf(Long, HttpServletResponse)
2025-07-02 17:36:38 DEBUG o.s.web.servlet.DispatcherServlet - Completed 200 OK
2025-07-02 17:36:57 DEBUG o.s.web.servlet.DispatcherServlet - GET "/api/service-api/report/course/2/pdf", parameters={}
2025-07-02 17:36:57 DEBUG o.s.w.s.m.m.a.RequestMappingHandlerMapping - Mapped to com.nt.LMS.controller.CourseReportGenerationController#getCourseReportAsPdf(Long, HttpServletResponse)
2025-07-02 17:36:57 DEBUG o.s.web.servlet.DispatcherServlet - Completed 200 OK
2025-07-02 17:37:07 DEBUG o.s.web.servlet.DispatcherServlet - GET "/api/service-api/report/course/1/pdf", parameters={}
2025-07-02 17:37:07 DEBUG o.s.w.s.m.m.a.RequestMappingHandlerMapping - Mapped to com.nt.LMS.controller.CourseReportGenerationController#getCourseReportAsPdf(Long, HttpServletResponse)
2025-07-02 17:37:08 DEBUG o.s.web.servlet.DispatcherServlet - Completed 200 OK
2025-07-02 17:38:35 DEBUG o.s.web.servlet.DispatcherServlet - GET "/api/service-api/report/course/1/pdf", parameters={}
2025-07-02 17:38:35 DEBUG o.s.w.s.m.m.a.RequestMappingHandlerMapping - Mapped to com.nt.LMS.controller.CourseReportGenerationController#getCourseReportAsPdf(Long, HttpServletResponse)
2025-07-02 17:38:35 DEBUG o.s.web.servlet.DispatcherServlet - Completed 200 OK
2025-07-02 17:38:40 DEBUG o.s.web.servlet.DispatcherServlet - GET "/api/service-api/admin/active-employees", parameters={}
2025-07-02 17:38:40 DEBUG o.s.w.s.m.m.a.RequestMappingHandlerMapping - Mapped to com.nt.LMS.controller.AdminController#getAllEmployees()
2025-07-02 17:38:40 INFO  c.nt.LMS.controller.AdminController - Fetching all employees
2025-07-02 17:38:40 INFO  c.n.L.s.serviceImpl.AdminServiceImpl - Fetching all users
2025-07-02 17:38:40 INFO  c.n.L.s.serviceImpl.AdminServiceImpl - Successfully fetched 10 users
2025-07-02 17:38:40 INFO  c.nt.LMS.controller.AdminController - Fetched 10 employees
2025-07-02 17:38:40 DEBUG o.s.w.s.m.m.a.HttpEntityMethodProcessor - Using 'application/json', given [application/json, text/plain, */*] and supported [application/json, application/*+json]
2025-07-02 17:38:40 DEBUG o.s.w.s.m.m.a.HttpEntityMethodProcessor - Writing [StandardResponseOutDTO{status='SUCCESS', message='User fetched Successfully', data=[UserOutDTO(userI (truncated)...]
2025-07-02 17:38:40 DEBUG o.s.web.servlet.DispatcherServlet - Completed 200 OK
2025-07-02 17:38:40 DEBUG o.s.web.servlet.DispatcherServlet - GET "/api/service-api/admin/inactive-employees", parameters={}
2025-07-02 17:38:40 DEBUG o.s.w.s.m.m.a.RequestMappingHandlerMapping - Mapped to com.nt.LMS.controller.AdminController#getAllInactiveEmployees()
2025-07-02 17:38:40 INFO  c.nt.LMS.controller.AdminController - Fetching all inactive employees
2025-07-02 17:38:40 INFO  c.n.L.s.serviceImpl.AdminServiceImpl - Fetching all  inactive users
2025-07-02 17:38:40 INFO  c.n.L.s.serviceImpl.AdminServiceImpl - Successfully fetched 5 inactive users
2025-07-02 17:38:40 INFO  c.nt.LMS.controller.AdminController - Fetched 5 inactive employees
2025-07-02 17:38:40 DEBUG o.s.w.s.m.m.a.HttpEntityMethodProcessor - Using 'application/json', given [application/json, text/plain, */*] and supported [application/json, application/*+json]
2025-07-02 17:38:40 DEBUG o.s.w.s.m.m.a.HttpEntityMethodProcessor - Writing [StandardResponseOutDTO{status='SUCCESS', message='User fetched Successfully', data=[UserOutDTO(userI (truncated)...]
2025-07-02 17:38:40 DEBUG o.s.web.servlet.DispatcherServlet - Completed 200 OK
2025-07-02 17:38:48 DEBUG o.s.web.servlet.DispatcherServlet - GET "/api/service-api/enrollments/47/statistics", parameters={}
2025-07-02 17:38:48 DEBUG o.s.w.s.m.m.a.RequestMappingHandlerMapping - Mapped to com.nt.LMS.controller.UserCourseEnrollmentController#getUserEnrollments(Long)
2025-07-02 17:38:48 DEBUG o.s.w.s.m.m.a.HttpEntityMethodProcessor - Using 'application/json', given [application/json, text/plain, */*] and supported [application/json, application/*+json]
2025-07-02 17:38:48 DEBUG o.s.w.s.m.m.a.HttpEntityMethodProcessor - Writing [StandardResponseOutDTO{status='SUCCESS', message='Fetched Users Enrolled', data={groups=0, enrollmen (truncated)...]
2025-07-02 17:38:48 DEBUG o.s.web.servlet.DispatcherServlet - Completed 200 OK
2025-07-02 17:38:48 WARN  c.n.L.c.ServiceAuthenticationFilter - Gateway secret validation failed
2025-07-02 17:39:08 DEBUG o.s.web.servlet.DispatcherServlet - GET "/api/service-api/report/course/1/pdf", parameters={}
2025-07-02 17:39:08 DEBUG o.s.w.s.m.m.a.RequestMappingHandlerMapping - Mapped to com.nt.LMS.controller.CourseReportGenerationController#getCourseReportAsPdf(Long, HttpServletResponse)
2025-07-02 17:39:08 DEBUG o.s.web.servlet.DispatcherServlet - Completed 200 OK
2025-07-02 17:39:13 DEBUG o.s.web.servlet.DispatcherServlet - GET "/api/service-api/report/course/1/pdf/download", parameters={}
2025-07-02 17:39:13 DEBUG o.s.w.s.m.m.a.RequestMappingHandlerMapping - Mapped to com.nt.LMS.controller.CourseReportGenerationController#downloadCourseReportAsPdf(Long, HttpServletResponse)
2025-07-02 17:39:13 DEBUG o.s.web.servlet.DispatcherServlet - Completed 200 OK
2025-07-02 17:40:33 DEBUG o.s.web.servlet.DispatcherServlet - GET "/api/service-api/report/course/1/pdf", parameters={}
2025-07-02 17:40:33 DEBUG o.s.w.s.m.m.a.RequestMappingHandlerMapping - Mapped to com.nt.LMS.controller.CourseReportGenerationController#getCourseReportAsPdf(Long, HttpServletResponse)
2025-07-02 17:40:33 DEBUG o.s.web.servlet.DispatcherServlet - Completed 200 OK
2025-07-02 17:40:45 WARN  c.n.L.c.ServiceAuthenticationFilter - Gateway secret validation failed
2025-07-02 17:40:45 WARN  c.n.L.c.ServiceAuthenticationFilter - Gateway secret validation failed
2025-07-02 17:40:45 WARN  c.n.L.c.ServiceAuthenticationFilter - Gateway secret validation failed
2025-07-02 17:40:45 WARN  c.n.L.c.ServiceAuthenticationFilter - Gateway secret validation failed
2025-07-02 17:41:07 DEBUG o.s.web.servlet.DispatcherServlet - GET "/api/service-api/report/course/1/pdf", parameters={}
2025-07-02 17:41:07 DEBUG o.s.w.s.m.m.a.RequestMappingHandlerMapping - Mapped to com.nt.LMS.controller.CourseReportGenerationController#getCourseReportAsPdf(Long, HttpServletResponse)
2025-07-02 17:41:07 DEBUG o.s.web.servlet.DispatcherServlet - Completed 200 OK
2025-07-02 17:43:21 DEBUG o.s.web.servlet.DispatcherServlet - GET "/api/service-api/report/course/1/pdf", parameters={}
2025-07-02 17:43:21 DEBUG o.s.w.s.m.m.a.RequestMappingHandlerMapping - Mapped to com.nt.LMS.controller.CourseReportGenerationController#getCourseReportAsPdf(Long, HttpServletResponse)
2025-07-02 17:43:21 DEBUG o.s.web.servlet.DispatcherServlet - Completed 200 OK
2025-07-02 17:44:10 DEBUG o.s.web.servlet.DispatcherServlet - GET "/api/service-api/report/course/1/pdf", parameters={}
2025-07-02 17:44:10 DEBUG o.s.w.s.m.m.a.RequestMappingHandlerMapping - Mapped to com.nt.LMS.controller.CourseReportGenerationController#getCourseReportAsPdf(Long, HttpServletResponse)
2025-07-02 17:44:10 DEBUG o.s.web.servlet.DispatcherServlet - Completed 200 OK
2025-07-02 17:47:17 DEBUG o.s.web.servlet.DispatcherServlet - GET "/api/service-api/admin/active-employees", parameters={}
2025-07-02 17:47:17 DEBUG o.s.w.s.m.m.a.RequestMappingHandlerMapping - Mapped to com.nt.LMS.controller.AdminController#getAllEmployees()
2025-07-02 17:47:17 INFO  c.nt.LMS.controller.AdminController - Fetching all employees
2025-07-02 17:47:17 INFO  c.n.L.s.serviceImpl.AdminServiceImpl - Fetching all users
2025-07-02 17:47:17 INFO  c.n.L.s.serviceImpl.AdminServiceImpl - Successfully fetched 10 users
2025-07-02 17:47:17 INFO  c.nt.LMS.controller.AdminController - Fetched 10 employees
2025-07-02 17:47:17 DEBUG o.s.w.s.m.m.a.HttpEntityMethodProcessor - Using 'application/json', given [application/json, text/plain, */*] and supported [application/json, application/*+json]
2025-07-02 17:47:17 DEBUG o.s.w.s.m.m.a.HttpEntityMethodProcessor - Writing [StandardResponseOutDTO{status='SUCCESS', message='User fetched Successfully', data=[UserOutDTO(userI (truncated)...]
2025-07-02 17:47:17 DEBUG o.s.web.servlet.DispatcherServlet - Completed 200 OK
2025-07-02 17:47:17 DEBUG o.s.web.servlet.DispatcherServlet - GET "/api/service-api/admin/inactive-employees", parameters={}
2025-07-02 17:47:17 DEBUG o.s.w.s.m.m.a.RequestMappingHandlerMapping - Mapped to com.nt.LMS.controller.AdminController#getAllInactiveEmployees()
2025-07-02 17:47:17 INFO  c.nt.LMS.controller.AdminController - Fetching all inactive employees
2025-07-02 17:47:17 INFO  c.n.L.s.serviceImpl.AdminServiceImpl - Fetching all  inactive users
2025-07-02 17:47:17 INFO  c.n.L.s.serviceImpl.AdminServiceImpl - Successfully fetched 5 inactive users
2025-07-02 17:47:17 INFO  c.nt.LMS.controller.AdminController - Fetched 5 inactive employees
2025-07-02 17:47:17 DEBUG o.s.w.s.m.m.a.HttpEntityMethodProcessor - Using 'application/json', given [application/json, text/plain, */*] and supported [application/json, application/*+json]
2025-07-02 17:47:17 DEBUG o.s.w.s.m.m.a.HttpEntityMethodProcessor - Writing [StandardResponseOutDTO{status='SUCCESS', message='User fetched Successfully', data=[UserOutDTO(userI (truncated)...]
2025-07-02 17:47:17 DEBUG o.s.web.servlet.DispatcherServlet - Completed 200 OK
2025-07-02 17:47:25 DEBUG o.s.web.servlet.DispatcherServlet - GET "/api/service-api/admin/active-employees", parameters={}
2025-07-02 17:47:25 DEBUG o.s.w.s.m.m.a.RequestMappingHandlerMapping - Mapped to com.nt.LMS.controller.AdminController#getAllEmployees()
2025-07-02 17:47:25 INFO  c.nt.LMS.controller.AdminController - Fetching all employees
2025-07-02 17:47:25 INFO  c.n.L.s.serviceImpl.AdminServiceImpl - Fetching all users
2025-07-02 17:47:25 INFO  c.n.L.s.serviceImpl.AdminServiceImpl - Successfully fetched 10 users
2025-07-02 17:47:25 INFO  c.nt.LMS.controller.AdminController - Fetched 10 employees
2025-07-02 17:47:25 DEBUG o.s.w.s.m.m.a.HttpEntityMethodProcessor - Using 'application/json', given [application/json, text/plain, */*] and supported [application/json, application/*+json]
2025-07-02 17:47:25 DEBUG o.s.w.s.m.m.a.HttpEntityMethodProcessor - Writing [StandardResponseOutDTO{status='SUCCESS', message='User fetched Successfully', data=[UserOutDTO(userI (truncated)...]
2025-07-02 17:47:25 DEBUG o.s.web.servlet.DispatcherServlet - Completed 200 OK
2025-07-02 17:47:25 DEBUG o.s.web.servlet.DispatcherServlet - GET "/api/service-api/admin/inactive-employees", parameters={}
2025-07-02 17:47:25 DEBUG o.s.w.s.m.m.a.RequestMappingHandlerMapping - Mapped to com.nt.LMS.controller.AdminController#getAllInactiveEmployees()
2025-07-02 17:47:25 INFO  c.nt.LMS.controller.AdminController - Fetching all inactive employees
2025-07-02 17:47:25 INFO  c.n.L.s.serviceImpl.AdminServiceImpl - Fetching all  inactive users
2025-07-02 17:47:25 INFO  c.n.L.s.serviceImpl.AdminServiceImpl - Successfully fetched 5 inactive users
2025-07-02 17:47:25 INFO  c.nt.LMS.controller.AdminController - Fetched 5 inactive employees
2025-07-02 17:47:25 DEBUG o.s.w.s.m.m.a.HttpEntityMethodProcessor - Using 'application/json', given [application/json, text/plain, */*] and supported [application/json, application/*+json]
2025-07-02 17:47:25 DEBUG o.s.w.s.m.m.a.HttpEntityMethodProcessor - Writing [StandardResponseOutDTO{status='SUCCESS', message='User fetched Successfully', data=[UserOutDTO(userI (truncated)...]
2025-07-02 17:47:25 DEBUG o.s.web.servlet.DispatcherServlet - Completed 200 OK
2025-07-02 17:48:13 WARN  c.n.L.c.ServiceAuthenticationFilter - Gateway secret validation failed
2025-07-02 17:48:13 WARN  c.n.L.c.ServiceAuthenticationFilter - Gateway secret validation failed
2025-07-02 17:48:13 WARN  c.n.L.c.ServiceAuthenticationFilter - Gateway secret validation failed
2025-07-02 17:48:13 WARN  c.n.L.c.ServiceAuthenticationFilter - Gateway secret validation failed
2025-07-02 17:48:22 WARN  c.n.L.c.ServiceAuthenticationFilter - Gateway secret validation failed
2025-07-02 17:48:22 WARN  c.n.L.c.ServiceAuthenticationFilter - Gateway secret validation failed
2025-07-02 17:48:22 WARN  c.n.L.c.ServiceAuthenticationFilter - Gateway secret validation failed
2025-07-02 17:48:22 WARN  c.n.L.c.ServiceAuthenticationFilter - Gateway secret validation failed
2025-07-02 17:57:09 DEBUG o.s.web.servlet.DispatcherServlet - GET "/api/service-api/admin/count", parameters={}
2025-07-02 17:57:09 DEBUG o.s.w.s.m.m.a.RequestMappingHandlerMapping - Mapped to com.nt.LMS.controller.AdminController#getTotalUserCount()
2025-07-02 17:57:09 INFO  c.nt.LMS.controller.AdminController - Fetching total user count
2025-07-02 17:57:09 DEBUG o.s.web.servlet.DispatcherServlet - GET "/api/service-api/group/count", parameters={}
2025-07-02 17:57:09 DEBUG o.s.w.s.m.m.a.RequestMappingHandlerMapping - Mapped to com.nt.LMS.controller.GroupController#getGroupCount()
2025-07-02 17:57:09 DEBUG o.s.web.servlet.DispatcherServlet - GET "/api/service-api/enrollment/statistics", parameters={}
2025-07-02 17:57:09 INFO  c.nt.LMS.controller.GroupController - Received request to get total Group count.
2025-07-02 17:57:09 DEBUG o.s.w.s.m.m.a.RequestMappingHandlerMapping - Mapped to com.nt.LMS.controller.EnrollmentController#getEnrollmentStatistics()
2025-07-02 17:57:09 DEBUG o.s.web.servlet.DispatcherServlet - GET "/api/service-api/admin/users/recent", parameters={}
2025-07-02 17:57:09 DEBUG o.s.w.s.m.m.a.RequestMappingHandlerMapping - Mapped to com.nt.LMS.controller.AdminController#getRecentUsers()
2025-07-02 17:57:09 INFO  c.nt.LMS.controller.AdminController - Total user count retrieved: 10
2025-07-02 17:57:09 DEBUG o.s.w.s.m.m.a.HttpEntityMethodProcessor - Using 'application/json', given [application/json, text/plain, */*] and supported [application/json, application/*+json]
2025-07-02 17:57:09 DEBUG o.s.w.s.m.m.a.HttpEntityMethodProcessor - Writing [StandardResponseOutDTO{status='SUCCESS', message='Fetched User Count', data=10}]
2025-07-02 17:57:09 DEBUG o.s.web.servlet.DispatcherServlet - Completed 200 OK
2025-07-02 17:57:09 INFO  c.nt.LMS.controller.GroupController - Total Group count retrieved: 0
2025-07-02 17:57:09 DEBUG o.s.w.s.m.m.a.HttpEntityMethodProcessor - Using 'application/json', given [application/json, text/plain, */*] and supported [application/json, application/*+json]
2025-07-02 17:57:09 DEBUG o.s.w.s.m.m.a.HttpEntityMethodProcessor - Writing [MessageOutDto(message=0)]
2025-07-02 17:57:09 DEBUG o.s.web.servlet.DispatcherServlet - Completed 200 OK
2025-07-02 17:57:09 DEBUG o.s.w.s.m.m.a.HttpEntityMethodProcessor - Using 'application/json', given [application/json, text/plain, */*] and supported [application/json, application/*+json]
2025-07-02 17:57:09 DEBUG o.s.w.s.m.m.a.HttpEntityMethodProcessor - Writing [StandardResponseOutDTO{status='SUCCESS', message='Fetched Enrollment Statistics', data=EnrollmentDas (truncated)...]
2025-07-02 17:57:09 DEBUG o.s.web.servlet.DispatcherServlet - Completed 200 OK
2025-07-02 17:57:09 DEBUG o.s.w.s.m.m.a.HttpEntityMethodProcessor - Using 'application/json', given [application/json, text/plain, */*] and supported [application/json, application/*+json]
2025-07-02 17:57:09 DEBUG o.s.w.s.m.m.a.HttpEntityMethodProcessor - Writing [StandardResponseOutDTO{status='SUCCESS', message='Fetched Recent Users', data=[UsersDetailsViewDTO(f (truncated)...]
2025-07-02 17:57:09 DEBUG o.s.web.servlet.DispatcherServlet - Completed 200 OK
2025-07-02 17:57:09 DEBUG o.s.web.servlet.DispatcherServlet - GET "/api/service-api/group/recent", parameters={}
2025-07-02 17:57:09 DEBUG o.s.w.s.m.m.a.RequestMappingHandlerMapping - Mapped to com.nt.LMS.controller.GroupController#getRecentGroups()
2025-07-02 17:57:09 DEBUG o.s.w.s.m.m.a.HttpEntityMethodProcessor - Using 'application/json', given [application/json, text/plain, */*] and supported [application/json, application/*+json]
2025-07-02 17:57:09 DEBUG o.s.w.s.m.m.a.HttpEntityMethodProcessor - Writing [StandardResponseOutDTO{status='SUCCESS', message='Group summary fetched successfully', data=[]}]
2025-07-02 17:57:09 DEBUG o.s.web.servlet.DispatcherServlet - Completed 200 OK
2025-07-02 17:57:12 DEBUG o.s.web.servlet.DispatcherServlet - GET "/api/service-api/enrollment/statistics", parameters={}
2025-07-02 17:57:12 DEBUG o.s.w.s.m.m.a.RequestMappingHandlerMapping - Mapped to com.nt.LMS.controller.EnrollmentController#getEnrollmentStatistics()
2025-07-02 17:57:12 DEBUG o.s.web.servlet.DispatcherServlet - GET "/api/service-api/admin/active-employees", parameters={}
2025-07-02 17:57:12 DEBUG o.s.w.s.m.m.a.RequestMappingHandlerMapping - Mapped to com.nt.LMS.controller.AdminController#getAllEmployees()
2025-07-02 17:57:12 INFO  c.nt.LMS.controller.AdminController - Fetching all employees
2025-07-02 17:57:12 INFO  c.n.L.s.serviceImpl.AdminServiceImpl - Fetching all users
2025-07-02 17:57:12 DEBUG o.s.w.s.m.m.a.HttpEntityMethodProcessor - Using 'application/json', given [application/json, text/plain, */*] and supported [application/json, application/*+json]
2025-07-02 17:57:12 DEBUG o.s.w.s.m.m.a.HttpEntityMethodProcessor - Writing [StandardResponseOutDTO{status='SUCCESS', message='Fetched Enrollment Statistics', data=EnrollmentDas (truncated)...]
2025-07-02 17:57:12 DEBUG o.s.web.servlet.DispatcherServlet - Completed 200 OK
2025-07-02 17:57:12 DEBUG o.s.web.servlet.DispatcherServlet - GET "/api/service-api/enrollment/user-enrollments", parameters={}
2025-07-02 17:57:12 DEBUG o.s.w.s.m.m.a.RequestMappingHandlerMapping - Mapped to com.nt.LMS.controller.EnrollmentController#getUserEnrollments()
2025-07-02 17:57:12 INFO  c.n.L.s.serviceImpl.AdminServiceImpl - Successfully fetched 10 users
2025-07-02 17:57:12 INFO  c.nt.LMS.controller.AdminController - Fetched 10 employees
2025-07-02 17:57:12 DEBUG o.s.w.s.m.m.a.HttpEntityMethodProcessor - Using 'application/json', given [application/json, text/plain, */*] and supported [application/json, application/*+json]
2025-07-02 17:57:12 DEBUG o.s.w.s.m.m.a.HttpEntityMethodProcessor - Writing [StandardResponseOutDTO{status='SUCCESS', message='User fetched Successfully', data=[UserOutDTO(userI (truncated)...]
2025-07-02 17:57:12 DEBUG o.s.web.servlet.DispatcherServlet - Completed 200 OK
2025-07-02 17:57:12 DEBUG o.s.w.s.m.m.a.HttpEntityMethodProcessor - Using 'application/json', given [application/json, text/plain, */*] and supported [application/json, application/*+json]
2025-07-02 17:57:12 DEBUG o.s.w.s.m.m.a.HttpEntityMethodProcessor - Writing [StandardResponseOutDTO{status='SUCCESS', message='User Enrollment Fetched', data=[]}]
2025-07-02 17:57:12 DEBUG o.s.web.servlet.DispatcherServlet - Completed 200 OK
2025-07-02 17:57:12 DEBUG o.s.web.servlet.DispatcherServlet - GET "/api/service-api/enrollment/user-enrollments", parameters={}
2025-07-02 17:57:12 DEBUG o.s.w.s.m.m.a.RequestMappingHandlerMapping - Mapped to com.nt.LMS.controller.EnrollmentController#getUserEnrollments()
2025-07-02 17:57:12 DEBUG o.s.w.s.m.m.a.HttpEntityMethodProcessor - Using 'application/json', given [application/json, text/plain, */*] and supported [application/json, application/*+json]
2025-07-02 17:57:12 DEBUG o.s.w.s.m.m.a.HttpEntityMethodProcessor - Writing [StandardResponseOutDTO{status='SUCCESS', message='User Enrollment Fetched', data=[]}]
2025-07-02 17:57:12 DEBUG o.s.web.servlet.DispatcherServlet - Completed 200 OK
2025-07-02 17:57:23 DEBUG o.s.web.servlet.DispatcherServlet - GET "/api/service-api/enrollment/user-enrollments", parameters={}
2025-07-02 17:57:23 DEBUG o.s.web.servlet.DispatcherServlet - GET "/api/service-api/enrollment/statistics", parameters={}
2025-07-02 17:57:23 DEBUG o.s.w.s.m.m.a.RequestMappingHandlerMapping - Mapped to com.nt.LMS.controller.EnrollmentController#getEnrollmentStatistics()
2025-07-02 17:57:23 DEBUG o.s.w.s.m.m.a.RequestMappingHandlerMapping - Mapped to com.nt.LMS.controller.EnrollmentController#getUserEnrollments()
2025-07-02 17:57:23 DEBUG o.s.web.servlet.DispatcherServlet - GET "/api/service-api/admin/active-employees", parameters={}
2025-07-02 17:57:23 DEBUG o.s.w.s.m.m.a.RequestMappingHandlerMapping - Mapped to com.nt.LMS.controller.AdminController#getAllEmployees()
2025-07-02 17:57:23 INFO  c.nt.LMS.controller.AdminController - Fetching all employees
2025-07-02 17:57:23 INFO  c.n.L.s.serviceImpl.AdminServiceImpl - Fetching all users
2025-07-02 17:57:23 DEBUG o.s.w.s.m.m.a.HttpEntityMethodProcessor - Using 'application/json', given [application/json, text/plain, */*] and supported [application/json, application/*+json]
2025-07-02 17:57:23 DEBUG o.s.w.s.m.m.a.HttpEntityMethodProcessor - Writing [StandardResponseOutDTO{status='SUCCESS', message='Fetched Enrollment Statistics', data=EnrollmentDas (truncated)...]
2025-07-02 17:57:23 DEBUG o.s.web.servlet.DispatcherServlet - Completed 200 OK
2025-07-02 17:57:23 DEBUG o.s.w.s.m.m.a.HttpEntityMethodProcessor - Using 'application/json', given [application/json, text/plain, */*] and supported [application/json, application/*+json]
2025-07-02 17:57:23 DEBUG o.s.w.s.m.m.a.HttpEntityMethodProcessor - Writing [StandardResponseOutDTO{status='SUCCESS', message='User Enrollment Fetched', data=[]}]
2025-07-02 17:57:23 DEBUG o.s.web.servlet.DispatcherServlet - Completed 200 OK
2025-07-02 17:57:23 INFO  c.n.L.s.serviceImpl.AdminServiceImpl - Successfully fetched 10 users
2025-07-02 17:57:23 INFO  c.nt.LMS.controller.AdminController - Fetched 10 employees
2025-07-02 17:57:23 DEBUG o.s.w.s.m.m.a.HttpEntityMethodProcessor - Using 'application/json', given [application/json, text/plain, */*] and supported [application/json, application/*+json]
2025-07-02 17:57:23 DEBUG o.s.w.s.m.m.a.HttpEntityMethodProcessor - Writing [StandardResponseOutDTO{status='SUCCESS', message='User fetched Successfully', data=[UserOutDTO(userI (truncated)...]
2025-07-02 17:57:23 DEBUG o.s.web.servlet.DispatcherServlet - Completed 200 OK
2025-07-02 17:57:23 DEBUG o.s.web.servlet.DispatcherServlet - GET "/api/service-api/enrollment/user-enrollments", parameters={}
2025-07-02 17:57:23 DEBUG o.s.w.s.m.m.a.RequestMappingHandlerMapping - Mapped to com.nt.LMS.controller.EnrollmentController#getUserEnrollments()
2025-07-02 17:57:23 DEBUG o.s.w.s.m.m.a.HttpEntityMethodProcessor - Using 'application/json', given [application/json, text/plain, */*] and supported [application/json, application/*+json]
2025-07-02 17:57:23 DEBUG o.s.w.s.m.m.a.HttpEntityMethodProcessor - Writing [StandardResponseOutDTO{status='SUCCESS', message='User Enrollment Fetched', data=[]}]
2025-07-02 17:57:23 DEBUG o.s.web.servlet.DispatcherServlet - Completed 200 OK
2025-07-02 17:57:55 DEBUG o.s.web.servlet.DispatcherServlet - GET "/api/service-api/admin/count", parameters={}
2025-07-02 17:57:55 DEBUG o.s.w.s.m.m.a.RequestMappingHandlerMapping - Mapped to com.nt.LMS.controller.AdminController#getTotalUserCount()
2025-07-02 17:57:55 INFO  c.nt.LMS.controller.AdminController - Fetching total user count
2025-07-02 17:57:55 DEBUG o.s.web.servlet.DispatcherServlet - GET "/api/service-api/group/count", parameters={}
2025-07-02 17:57:55 DEBUG o.s.w.s.m.m.a.RequestMappingHandlerMapping - Mapped to com.nt.LMS.controller.GroupController#getGroupCount()
2025-07-02 17:57:55 DEBUG o.s.web.servlet.DispatcherServlet - GET "/api/service-api/admin/users/recent", parameters={}
2025-07-02 17:57:55 DEBUG o.s.w.s.m.m.a.RequestMappingHandlerMapping - Mapped to com.nt.LMS.controller.AdminController#getRecentUsers()
2025-07-02 17:57:55 INFO  c.nt.LMS.controller.GroupController - Received request to get total Group count.
2025-07-02 17:57:55 DEBUG o.s.web.servlet.DispatcherServlet - GET "/api/service-api/enrollment/statistics", parameters={}
2025-07-02 17:57:55 DEBUG o.s.w.s.m.m.a.RequestMappingHandlerMapping - Mapped to com.nt.LMS.controller.EnrollmentController#getEnrollmentStatistics()
2025-07-02 17:57:55 INFO  c.nt.LMS.controller.GroupController - Total Group count retrieved: 0
2025-07-02 17:57:55 DEBUG o.s.w.s.m.m.a.HttpEntityMethodProcessor - Using 'application/json', given [application/json, text/plain, */*] and supported [application/json, application/*+json]
2025-07-02 17:57:55 DEBUG o.s.w.s.m.m.a.HttpEntityMethodProcessor - Writing [MessageOutDto(message=0)]
2025-07-02 17:57:55 INFO  c.nt.LMS.controller.AdminController - Total user count retrieved: 10
2025-07-02 17:57:55 DEBUG o.s.web.servlet.DispatcherServlet - Completed 200 OK
2025-07-02 17:57:55 DEBUG o.s.w.s.m.m.a.HttpEntityMethodProcessor - Using 'application/json', given [application/json, text/plain, */*] and supported [application/json, application/*+json]
2025-07-02 17:57:55 DEBUG o.s.w.s.m.m.a.HttpEntityMethodProcessor - Writing [StandardResponseOutDTO{status='SUCCESS', message='Fetched User Count', data=10}]
2025-07-02 17:57:55 DEBUG o.s.web.servlet.DispatcherServlet - Completed 200 OK
2025-07-02 17:57:55 DEBUG o.s.w.s.m.m.a.HttpEntityMethodProcessor - Using 'application/json', given [application/json, text/plain, */*] and supported [application/json, application/*+json]
2025-07-02 17:57:55 DEBUG o.s.w.s.m.m.a.HttpEntityMethodProcessor - Writing [StandardResponseOutDTO{status='SUCCESS', message='Fetched Enrollment Statistics', data=EnrollmentDas (truncated)...]
2025-07-02 17:57:55 DEBUG o.s.web.servlet.DispatcherServlet - Completed 200 OK
2025-07-02 17:57:55 DEBUG o.s.w.s.m.m.a.HttpEntityMethodProcessor - Using 'application/json', given [application/json, text/plain, */*] and supported [application/json, application/*+json]
2025-07-02 17:57:55 DEBUG o.s.w.s.m.m.a.HttpEntityMethodProcessor - Writing [StandardResponseOutDTO{status='SUCCESS', message='Fetched Recent Users', data=[UsersDetailsViewDTO(f (truncated)...]
2025-07-02 17:57:55 DEBUG o.s.web.servlet.DispatcherServlet - Completed 200 OK
2025-07-02 17:57:55 DEBUG o.s.web.servlet.DispatcherServlet - GET "/api/service-api/group/recent", parameters={}
2025-07-02 17:57:55 DEBUG o.s.w.s.m.m.a.RequestMappingHandlerMapping - Mapped to com.nt.LMS.controller.GroupController#getRecentGroups()
2025-07-02 17:57:55 DEBUG o.s.w.s.m.m.a.HttpEntityMethodProcessor - Using 'application/json', given [application/json, text/plain, */*] and supported [application/json, application/*+json]
2025-07-02 17:57:55 DEBUG o.s.w.s.m.m.a.HttpEntityMethodProcessor - Writing [StandardResponseOutDTO{status='SUCCESS', message='Group summary fetched successfully', data=[]}]
2025-07-02 17:57:55 DEBUG o.s.web.servlet.DispatcherServlet - Completed 200 OK
2025-07-02 17:58:02 DEBUG o.s.web.servlet.DispatcherServlet - GET "/api/service-api/enrollment/user-enrollments", parameters={}
2025-07-02 17:58:02 DEBUG o.s.web.servlet.DispatcherServlet - GET "/api/service-api/enrollment/statistics", parameters={}
2025-07-02 17:58:02 DEBUG o.s.w.s.m.m.a.RequestMappingHandlerMapping - Mapped to com.nt.LMS.controller.EnrollmentController#getUserEnrollments()
2025-07-02 17:58:02 DEBUG o.s.w.s.m.m.a.RequestMappingHandlerMapping - Mapped to com.nt.LMS.controller.EnrollmentController#getEnrollmentStatistics()
2025-07-02 17:58:02 DEBUG o.s.web.servlet.DispatcherServlet - GET "/api/service-api/admin/active-employees", parameters={}
2025-07-02 17:58:02 DEBUG o.s.w.s.m.m.a.RequestMappingHandlerMapping - Mapped to com.nt.LMS.controller.AdminController#getAllEmployees()
2025-07-02 17:58:02 INFO  c.nt.LMS.controller.AdminController - Fetching all employees
2025-07-02 17:58:02 INFO  c.n.L.s.serviceImpl.AdminServiceImpl - Fetching all users
2025-07-02 17:58:02 DEBUG o.s.w.s.m.m.a.HttpEntityMethodProcessor - Using 'application/json', given [application/json, text/plain, */*] and supported [application/json, application/*+json]
2025-07-02 17:58:02 DEBUG o.s.w.s.m.m.a.HttpEntityMethodProcessor - Using 'application/json', given [application/json, text/plain, */*] and supported [application/json, application/*+json]
2025-07-02 17:58:02 DEBUG o.s.w.s.m.m.a.HttpEntityMethodProcessor - Writing [StandardResponseOutDTO{status='SUCCESS', message='User Enrollment Fetched', data=[]}]
2025-07-02 17:58:02 DEBUG o.s.w.s.m.m.a.HttpEntityMethodProcessor - Writing [StandardResponseOutDTO{status='SUCCESS', message='Fetched Enrollment Statistics', data=EnrollmentDas (truncated)...]
2025-07-02 17:58:02 DEBUG o.s.web.servlet.DispatcherServlet - Completed 200 OK
2025-07-02 17:58:02 DEBUG o.s.web.servlet.DispatcherServlet - Completed 200 OK
2025-07-02 17:58:02 INFO  c.n.L.s.serviceImpl.AdminServiceImpl - Successfully fetched 10 users
2025-07-02 17:58:02 INFO  c.nt.LMS.controller.AdminController - Fetched 10 employees
2025-07-02 17:58:02 DEBUG o.s.w.s.m.m.a.HttpEntityMethodProcessor - Using 'application/json', given [application/json, text/plain, */*] and supported [application/json, application/*+json]
2025-07-02 17:58:02 DEBUG o.s.w.s.m.m.a.HttpEntityMethodProcessor - Writing [StandardResponseOutDTO{status='SUCCESS', message='User fetched Successfully', data=[UserOutDTO(userI (truncated)...]
2025-07-02 17:58:02 DEBUG o.s.web.servlet.DispatcherServlet - Completed 200 OK
2025-07-02 17:58:02 DEBUG o.s.web.servlet.DispatcherServlet - GET "/api/service-api/enrollment/user-enrollments", parameters={}
2025-07-02 17:58:02 DEBUG o.s.w.s.m.m.a.RequestMappingHandlerMapping - Mapped to com.nt.LMS.controller.EnrollmentController#getUserEnrollments()
2025-07-02 17:58:02 DEBUG o.s.w.s.m.m.a.HttpEntityMethodProcessor - Using 'application/json', given [application/json, text/plain, */*] and supported [application/json, application/*+json]
2025-07-02 17:58:02 DEBUG o.s.w.s.m.m.a.HttpEntityMethodProcessor - Writing [StandardResponseOutDTO{status='SUCCESS', message='User Enrollment Fetched', data=[]}]
2025-07-02 17:58:02 DEBUG o.s.web.servlet.DispatcherServlet - Completed 200 OK
2025-07-02 17:58:17 DEBUG o.s.web.servlet.DispatcherServlet - GET "/api/service-api/admin/active-employees", parameters={}
2025-07-02 17:58:17 DEBUG o.s.w.s.m.m.a.RequestMappingHandlerMapping - Mapped to com.nt.LMS.controller.AdminController#getAllEmployees()
2025-07-02 17:58:17 INFO  c.nt.LMS.controller.AdminController - Fetching all employees
2025-07-02 17:58:17 INFO  c.n.L.s.serviceImpl.AdminServiceImpl - Fetching all users
2025-07-02 17:58:17 INFO  c.n.L.s.serviceImpl.AdminServiceImpl - Successfully fetched 10 users
2025-07-02 17:58:17 INFO  c.nt.LMS.controller.AdminController - Fetched 10 employees
2025-07-02 17:58:17 DEBUG o.s.w.s.m.m.a.HttpEntityMethodProcessor - Using 'application/json', given [application/json, text/plain, */*] and supported [application/json, application/*+json]
2025-07-02 17:58:17 DEBUG o.s.w.s.m.m.a.HttpEntityMethodProcessor - Writing [StandardResponseOutDTO{status='SUCCESS', message='User fetched Successfully', data=[UserOutDTO(userI (truncated)...]
2025-07-02 17:58:17 DEBUG o.s.web.servlet.DispatcherServlet - Completed 200 OK
2025-07-02 17:58:17 DEBUG o.s.web.servlet.DispatcherServlet - GET "/api/service-api/enrollment/user-enrollments", parameters={}
2025-07-02 17:58:17 DEBUG o.s.w.s.m.m.a.RequestMappingHandlerMapping - Mapped to com.nt.LMS.controller.EnrollmentController#getUserEnrollments()
2025-07-02 17:58:17 DEBUG o.s.w.s.m.m.a.HttpEntityMethodProcessor - Using 'application/json', given [application/json, text/plain, */*] and supported [application/json, application/*+json]
2025-07-02 17:58:17 DEBUG o.s.w.s.m.m.a.HttpEntityMethodProcessor - Writing [StandardResponseOutDTO{status='SUCCESS', message='User Enrollment Fetched', data=[]}]
2025-07-02 17:58:17 DEBUG o.s.web.servlet.DispatcherServlet - Completed 200 OK
2025-07-02 17:58:17 DEBUG o.s.web.servlet.DispatcherServlet - GET "/api/service-api/enrollment/statistics", parameters={}
2025-07-02 17:58:17 DEBUG o.s.w.s.m.m.a.RequestMappingHandlerMapping - Mapped to com.nt.LMS.controller.EnrollmentController#getEnrollmentStatistics()
2025-07-02 17:58:17 DEBUG o.s.w.s.m.m.a.HttpEntityMethodProcessor - Using 'application/json', given [application/json, text/plain, */*] and supported [application/json, application/*+json]
2025-07-02 17:58:17 DEBUG o.s.w.s.m.m.a.HttpEntityMethodProcessor - Writing [StandardResponseOutDTO{status='SUCCESS', message='Fetched Enrollment Statistics', data=EnrollmentDas (truncated)...]
2025-07-02 17:58:17 DEBUG o.s.web.servlet.DispatcherServlet - Completed 200 OK
2025-07-02 17:58:17 DEBUG o.s.web.servlet.DispatcherServlet - GET "/api/service-api/enrollment/user-enrollments", parameters={}
2025-07-02 17:58:17 DEBUG o.s.w.s.m.m.a.RequestMappingHandlerMapping - Mapped to com.nt.LMS.controller.EnrollmentController#getUserEnrollments()
2025-07-02 17:58:17 DEBUG o.s.w.s.m.m.a.HttpEntityMethodProcessor - Using 'application/json', given [application/json, text/plain, */*] and supported [application/json, application/*+json]
2025-07-02 17:58:17 DEBUG o.s.w.s.m.m.a.HttpEntityMethodProcessor - Writing [StandardResponseOutDTO{status='SUCCESS', message='User Enrollment Fetched', data=[]}]
2025-07-02 17:58:17 DEBUG o.s.web.servlet.DispatcherServlet - Completed 200 OK
2025-07-02 17:58:52 WARN  c.n.L.c.ServiceAuthenticationFilter - Gateway secret validation failed
2025-07-02 17:58:52 WARN  c.n.L.c.ServiceAuthenticationFilter - Gateway secret validation failed
2025-07-02 17:58:52 WARN  c.n.L.c.ServiceAuthenticationFilter - Gateway secret validation failed
2025-07-02 17:58:52 WARN  c.n.L.c.ServiceAuthenticationFilter - Gateway secret validation failed
2025-07-02 18:18:12 WARN  com.zaxxer.hikari.pool.HikariPool - HikariPool-1 - Thread starvation or clock leap detected (housekeeper delta=1m37s955ms561µs500ns).
2025-07-02 18:22:52 WARN  com.zaxxer.hikari.pool.HikariPool - HikariPool-1 - Thread starvation or clock leap detected (housekeeper delta=4m40s618ms896µs300ns).
2025-07-02 18:23:11 DEBUG o.s.web.servlet.DispatcherServlet - GET "/api/service-api/admin/count", parameters={}
2025-07-02 18:23:11 DEBUG o.s.web.servlet.DispatcherServlet - GET "/api/service-api/enrollment/statistics", parameters={}
2025-07-02 18:23:11 DEBUG o.s.w.s.m.m.a.RequestMappingHandlerMapping - Mapped to com.nt.LMS.controller.AdminController#getTotalUserCount()
2025-07-02 18:23:11 DEBUG o.s.w.s.m.m.a.RequestMappingHandlerMapping - Mapped to com.nt.LMS.controller.EnrollmentController#getEnrollmentStatistics()
2025-07-02 18:23:11 INFO  c.nt.LMS.controller.AdminController - Fetching total user count
2025-07-02 18:23:11 DEBUG o.s.web.servlet.DispatcherServlet - GET "/api/service-api/group/count", parameters={}
2025-07-02 18:23:11 DEBUG o.s.w.s.m.m.a.RequestMappingHandlerMapping - Mapped to com.nt.LMS.controller.GroupController#getGroupCount()
2025-07-02 18:23:11 INFO  c.nt.LMS.controller.GroupController - Received request to get total Group count.
2025-07-02 18:23:11 DEBUG o.s.w.s.m.m.a.HttpEntityMethodProcessor - Using 'application/json', given [application/json, text/plain, */*] and supported [application/json, application/*+json]
2025-07-02 18:23:11 DEBUG o.s.w.s.m.m.a.HttpEntityMethodProcessor - Writing [StandardResponseOutDTO{status='SUCCESS', message='Fetched Enrollment Statistics', data=EnrollmentDas (truncated)...]
2025-07-02 18:23:11 DEBUG o.s.web.servlet.DispatcherServlet - Completed 200 OK
2025-07-02 18:23:11 INFO  c.nt.LMS.controller.GroupController - Total Group count retrieved: 0
2025-07-02 18:23:11 DEBUG o.s.w.s.m.m.a.HttpEntityMethodProcessor - Using 'application/json', given [application/json, text/plain, */*] and supported [application/json, application/*+json]
2025-07-02 18:23:11 DEBUG o.s.w.s.m.m.a.HttpEntityMethodProcessor - Writing [MessageOutDto(message=0)]
2025-07-02 18:23:11 INFO  c.nt.LMS.controller.AdminController - Total user count retrieved: 10
2025-07-02 18:23:11 DEBUG o.s.w.s.m.m.a.HttpEntityMethodProcessor - Using 'application/json', given [application/json, text/plain, */*] and supported [application/json, application/*+json]
2025-07-02 18:23:11 DEBUG o.s.w.s.m.m.a.HttpEntityMethodProcessor - Writing [StandardResponseOutDTO{status='SUCCESS', message='Fetched User Count', data=10}]
2025-07-02 18:23:11 DEBUG o.s.web.servlet.DispatcherServlet - Completed 200 OK
2025-07-02 18:23:11 DEBUG o.s.web.servlet.DispatcherServlet - Completed 200 OK
2025-07-02 18:23:11 DEBUG o.s.web.servlet.DispatcherServlet - GET "/api/service-api/admin/users/recent", parameters={}
2025-07-02 18:23:11 DEBUG o.s.w.s.m.m.a.RequestMappingHandlerMapping - Mapped to com.nt.LMS.controller.AdminController#getRecentUsers()
2025-07-02 18:23:11 DEBUG o.s.w.s.m.m.a.HttpEntityMethodProcessor - Using 'application/json', given [application/json, text/plain, */*] and supported [application/json, application/*+json]
2025-07-02 18:23:11 DEBUG o.s.w.s.m.m.a.HttpEntityMethodProcessor - Writing [StandardResponseOutDTO{status='SUCCESS', message='Fetched Recent Users', data=[UsersDetailsViewDTO(f (truncated)...]
2025-07-02 18:23:11 DEBUG o.s.web.servlet.DispatcherServlet - Completed 200 OK
2025-07-02 18:23:12 DEBUG o.s.web.servlet.DispatcherServlet - GET "/api/service-api/group/recent", parameters={}
2025-07-02 18:23:12 DEBUG o.s.w.s.m.m.a.RequestMappingHandlerMapping - Mapped to com.nt.LMS.controller.GroupController#getRecentGroups()
2025-07-02 18:23:12 DEBUG o.s.w.s.m.m.a.HttpEntityMethodProcessor - Using 'application/json', given [application/json, text/plain, */*] and supported [application/json, application/*+json]
2025-07-02 18:23:12 DEBUG o.s.w.s.m.m.a.HttpEntityMethodProcessor - Writing [StandardResponseOutDTO{status='SUCCESS', message='Group summary fetched successfully', data=[]}]
2025-07-02 18:23:12 DEBUG o.s.web.servlet.DispatcherServlet - Completed 200 OK
2025-07-02 18:23:25 DEBUG o.s.web.servlet.DispatcherServlet - GET "/api/service-api/admin/count", parameters={}
2025-07-02 18:23:25 DEBUG o.s.web.servlet.DispatcherServlet - GET "/api/service-api/admin/users/recent", parameters={}
2025-07-02 18:23:25 DEBUG o.s.web.servlet.DispatcherServlet - GET "/api/service-api/enrollment/statistics", parameters={}
2025-07-02 18:23:25 DEBUG o.s.w.s.m.m.a.RequestMappingHandlerMapping - Mapped to com.nt.LMS.controller.AdminController#getRecentUsers()
2025-07-02 18:23:25 DEBUG o.s.w.s.m.m.a.RequestMappingHandlerMapping - Mapped to com.nt.LMS.controller.EnrollmentController#getEnrollmentStatistics()
2025-07-02 18:23:25 DEBUG o.s.w.s.m.m.a.RequestMappingHandlerMapping - Mapped to com.nt.LMS.controller.AdminController#getTotalUserCount()
2025-07-02 18:23:25 DEBUG o.s.web.servlet.DispatcherServlet - GET "/api/service-api/group/count", parameters={}
2025-07-02 18:23:25 INFO  c.nt.LMS.controller.AdminController - Fetching total user count
2025-07-02 18:23:25 DEBUG o.s.w.s.m.m.a.RequestMappingHandlerMapping - Mapped to com.nt.LMS.controller.GroupController#getGroupCount()
2025-07-02 18:23:25 INFO  c.nt.LMS.controller.GroupController - Received request to get total Group count.
2025-07-02 18:23:25 DEBUG o.s.w.s.m.m.a.HttpEntityMethodProcessor - Using 'application/json', given [application/json, text/plain, */*] and supported [application/json, application/*+json]
2025-07-02 18:23:25 INFO  c.nt.LMS.controller.GroupController - Total Group count retrieved: 0
2025-07-02 18:23:25 DEBUG o.s.w.s.m.m.a.HttpEntityMethodProcessor - Writing [StandardResponseOutDTO{status='SUCCESS', message='Fetched Enrollment Statistics', data=EnrollmentDas (truncated)...]
2025-07-02 18:23:25 DEBUG o.s.w.s.m.m.a.HttpEntityMethodProcessor - Using 'application/json', given [application/json, text/plain, */*] and supported [application/json, application/*+json]
2025-07-02 18:23:25 DEBUG o.s.w.s.m.m.a.HttpEntityMethodProcessor - Writing [MessageOutDto(message=0)]
2025-07-02 18:23:25 DEBUG o.s.web.servlet.DispatcherServlet - Completed 200 OK
2025-07-02 18:23:25 DEBUG o.s.web.servlet.DispatcherServlet - Completed 200 OK
2025-07-02 18:23:25 INFO  c.nt.LMS.controller.AdminController - Total user count retrieved: 10
2025-07-02 18:23:25 DEBUG o.s.w.s.m.m.a.HttpEntityMethodProcessor - Using 'application/json', given [application/json, text/plain, */*] and supported [application/json, application/*+json]
2025-07-02 18:23:25 DEBUG o.s.w.s.m.m.a.HttpEntityMethodProcessor - Writing [StandardResponseOutDTO{status='SUCCESS', message='Fetched User Count', data=10}]
2025-07-02 18:23:25 DEBUG o.s.w.s.m.m.a.HttpEntityMethodProcessor - Using 'application/json', given [application/json, text/plain, */*] and supported [application/json, application/*+json]
2025-07-02 18:23:25 DEBUG o.s.w.s.m.m.a.HttpEntityMethodProcessor - Writing [StandardResponseOutDTO{status='SUCCESS', message='Fetched Recent Users', data=[UsersDetailsViewDTO(f (truncated)...]
2025-07-02 18:23:25 DEBUG o.s.web.servlet.DispatcherServlet - Completed 200 OK
2025-07-02 18:23:25 DEBUG o.s.web.servlet.DispatcherServlet - Completed 200 OK
2025-07-02 18:23:25 DEBUG o.s.web.servlet.DispatcherServlet - GET "/api/service-api/group/recent", parameters={}
2025-07-02 18:23:25 DEBUG o.s.w.s.m.m.a.RequestMappingHandlerMapping - Mapped to com.nt.LMS.controller.GroupController#getRecentGroups()
2025-07-02 18:23:25 DEBUG o.s.w.s.m.m.a.HttpEntityMethodProcessor - Using 'application/json', given [application/json, text/plain, */*] and supported [application/json, application/*+json]
2025-07-02 18:23:25 DEBUG o.s.w.s.m.m.a.HttpEntityMethodProcessor - Writing [StandardResponseOutDTO{status='SUCCESS', message='Group summary fetched successfully', data=[]}]
2025-07-02 18:23:25 DEBUG o.s.web.servlet.DispatcherServlet - Completed 200 OK
2025-07-03 10:53:33 WARN  com.zaxxer.hikari.pool.HikariPool - HikariPool-1 - Thread starvation or clock leap detected (housekeeper delta=16h23m14s49ms907µs800ns).
2025-07-03 10:54:00 DEBUG o.s.web.servlet.DispatcherServlet - GET "/api/service-api/admin/count", parameters={}
2025-07-03 10:54:00 DEBUG o.s.w.s.m.m.a.RequestMappingHandlerMapping - Mapped to com.nt.LMS.controller.AdminController#getTotalUserCount()
2025-07-03 10:54:00 INFO  c.nt.LMS.controller.AdminController - Fetching total user count
2025-07-03 10:54:00 DEBUG o.s.web.servlet.DispatcherServlet - GET "/api/service-api/enrollment/statistics", parameters={}
2025-07-03 10:54:00 DEBUG o.s.w.s.m.m.a.RequestMappingHandlerMapping - Mapped to com.nt.LMS.controller.EnrollmentController#getEnrollmentStatistics()
2025-07-03 10:54:00 DEBUG o.s.w.s.m.m.a.HttpEntityMethodProcessor - Using 'application/json', given [application/json, text/plain, */*] and supported [application/json, application/*+json]
2025-07-03 10:54:00 DEBUG o.s.w.s.m.m.a.HttpEntityMethodProcessor - Writing [StandardResponseOutDTO{status='SUCCESS', message='Fetched Enrollment Statistics', data=EnrollmentDas (truncated)...]
2025-07-03 10:54:00 INFO  c.nt.LMS.controller.AdminController - Total user count retrieved: 10
2025-07-03 10:54:00 DEBUG o.s.web.servlet.DispatcherServlet - Completed 200 OK
2025-07-03 10:54:00 DEBUG o.s.w.s.m.m.a.HttpEntityMethodProcessor - Using 'application/json', given [application/json, text/plain, */*] and supported [application/json, application/*+json]
2025-07-03 10:54:00 DEBUG o.s.w.s.m.m.a.HttpEntityMethodProcessor - Writing [StandardResponseOutDTO{status='SUCCESS', message='Fetched User Count', data=10}]
2025-07-03 10:54:00 DEBUG o.s.web.servlet.DispatcherServlet - Completed 200 OK
2025-07-03 10:54:00 DEBUG o.s.web.servlet.DispatcherServlet - GET "/api/service-api/admin/users/recent", parameters={}
2025-07-03 10:54:00 DEBUG o.s.w.s.m.m.a.RequestMappingHandlerMapping - Mapped to com.nt.LMS.controller.AdminController#getRecentUsers()
2025-07-03 10:54:00 DEBUG o.s.w.s.m.m.a.HttpEntityMethodProcessor - Using 'application/json', given [application/json, text/plain, */*] and supported [application/json, application/*+json]
2025-07-03 10:54:00 DEBUG o.s.w.s.m.m.a.HttpEntityMethodProcessor - Writing [StandardResponseOutDTO{status='SUCCESS', message='Fetched Recent Users', data=[UsersDetailsViewDTO(f (truncated)...]
2025-07-03 10:54:00 DEBUG o.s.web.servlet.DispatcherServlet - Completed 200 OK
2025-07-03 10:54:00 DEBUG o.s.web.servlet.DispatcherServlet - GET "/api/service-api/group/count", parameters={}
2025-07-03 10:54:00 DEBUG o.s.w.s.m.m.a.RequestMappingHandlerMapping - Mapped to com.nt.LMS.controller.GroupController#getGroupCount()
2025-07-03 10:54:00 INFO  c.nt.LMS.controller.GroupController - Received request to get total Group count.
2025-07-03 10:54:00 INFO  c.nt.LMS.controller.GroupController - Total Group count retrieved: 0
2025-07-03 10:54:00 DEBUG o.s.w.s.m.m.a.HttpEntityMethodProcessor - Using 'application/json', given [application/json, text/plain, */*] and supported [application/json, application/*+json]
2025-07-03 10:54:00 DEBUG o.s.w.s.m.m.a.HttpEntityMethodProcessor - Writing [MessageOutDto(message=0)]
2025-07-03 10:54:00 DEBUG o.s.web.servlet.DispatcherServlet - GET "/api/service-api/group/recent", parameters={}
2025-07-03 10:54:00 DEBUG o.s.w.s.m.m.a.RequestMappingHandlerMapping - Mapped to com.nt.LMS.controller.GroupController#getRecentGroups()
2025-07-03 10:54:00 DEBUG o.s.web.servlet.DispatcherServlet - Completed 200 OK
2025-07-03 10:54:00 DEBUG o.s.w.s.m.m.a.HttpEntityMethodProcessor - Using 'application/json', given [application/json, text/plain, */*] and supported [application/json, application/*+json]
2025-07-03 10:54:00 DEBUG o.s.w.s.m.m.a.HttpEntityMethodProcessor - Writing [StandardResponseOutDTO{status='SUCCESS', message='Group summary fetched successfully', data=[]}]
2025-07-03 10:54:00 DEBUG o.s.web.servlet.DispatcherServlet - Completed 200 OK
2025-07-03 10:57:11 WARN  c.n.L.c.ServiceAuthenticationFilter - Gateway secret validation failed
2025-07-03 10:57:17 WARN  c.n.L.c.ServiceAuthenticationFilter - Gateway secret validation failed
2025-07-03 10:57:21 WARN  c.n.L.c.ServiceAuthenticationFilter - Gateway secret validation failed
2025-07-03 11:59:08 WARN  com.zaxxer.hikari.pool.HikariPool - HikariPool-1 - Thread starvation or clock leap detected (housekeeper delta=42m35s485ms921µs200ns).
2025-07-03 12:05:45 DEBUG o.s.web.servlet.DispatcherServlet - GET "/api/service-api/group/count", parameters={}
2025-07-03 12:05:45 DEBUG o.s.web.servlet.DispatcherServlet - GET "/api/service-api/admin/count", parameters={}
2025-07-03 12:05:45 DEBUG o.s.web.servlet.DispatcherServlet - GET "/api/service-api/admin/users/recent", parameters={}
2025-07-03 12:05:45 DEBUG o.s.web.servlet.DispatcherServlet - GET "/api/service-api/enrollment/statistics", parameters={}
2025-07-03 12:05:45 DEBUG o.s.w.s.m.m.a.RequestMappingHandlerMapping - Mapped to com.nt.LMS.controller.GroupController#getGroupCount()
2025-07-03 12:05:45 DEBUG o.s.w.s.m.m.a.RequestMappingHandlerMapping - Mapped to com.nt.LMS.controller.AdminController#getTotalUserCount()
2025-07-03 12:05:45 DEBUG o.s.w.s.m.m.a.RequestMappingHandlerMapping - Mapped to com.nt.LMS.controller.EnrollmentController#getEnrollmentStatistics()
2025-07-03 12:05:45 DEBUG o.s.w.s.m.m.a.RequestMappingHandlerMapping - Mapped to com.nt.LMS.controller.AdminController#getRecentUsers()
2025-07-03 12:05:45 INFO  c.nt.LMS.controller.GroupController - Received request to get total Group count.
2025-07-03 12:05:45 INFO  c.nt.LMS.controller.AdminController - Fetching total user count
2025-07-03 12:05:45 INFO  c.nt.LMS.controller.GroupController - Total Group count retrieved: 0
2025-07-03 12:05:45 DEBUG o.s.w.s.m.m.a.HttpEntityMethodProcessor - Using 'application/json', given [application/json, text/plain, */*] and supported [application/json, application/*+json]
2025-07-03 12:05:45 DEBUG o.s.w.s.m.m.a.HttpEntityMethodProcessor - Using 'application/json', given [application/json, text/plain, */*] and supported [application/json, application/*+json]
2025-07-03 12:05:45 DEBUG o.s.w.s.m.m.a.HttpEntityMethodProcessor - Writing [MessageOutDto(message=0)]
2025-07-03 12:05:45 INFO  c.nt.LMS.controller.AdminController - Total user count retrieved: 10
2025-07-03 12:05:45 DEBUG o.s.w.s.m.m.a.HttpEntityMethodProcessor - Writing [StandardResponseOutDTO{status='SUCCESS', message='Fetched Enrollment Statistics', data=EnrollmentDas (truncated)...]
2025-07-03 12:05:45 DEBUG o.s.w.s.m.m.a.HttpEntityMethodProcessor - Using 'application/json', given [application/json, text/plain, */*] and supported [application/json, application/*+json]
2025-07-03 12:05:45 DEBUG o.s.w.s.m.m.a.HttpEntityMethodProcessor - Using 'application/json', given [application/json, text/plain, */*] and supported [application/json, application/*+json]
2025-07-03 12:05:45 DEBUG o.s.w.s.m.m.a.HttpEntityMethodProcessor - Writing [StandardResponseOutDTO{status='SUCCESS', message='Fetched Recent Users', data=[UsersDetailsViewDTO(f (truncated)...]
2025-07-03 12:05:45 DEBUG o.s.w.s.m.m.a.HttpEntityMethodProcessor - Writing [StandardResponseOutDTO{status='SUCCESS', message='Fetched User Count', data=10}]
2025-07-03 12:05:45 DEBUG o.s.web.servlet.DispatcherServlet - Completed 200 OK
2025-07-03 12:05:45 DEBUG o.s.web.servlet.DispatcherServlet - Completed 200 OK
2025-07-03 12:05:45 DEBUG o.s.web.servlet.DispatcherServlet - Completed 200 OK
2025-07-03 12:05:45 DEBUG o.s.web.servlet.DispatcherServlet - Completed 200 OK
2025-07-03 12:05:45 DEBUG o.s.web.servlet.DispatcherServlet - GET "/api/service-api/group/recent", parameters={}
2025-07-03 12:05:45 DEBUG o.s.w.s.m.m.a.RequestMappingHandlerMapping - Mapped to com.nt.LMS.controller.GroupController#getRecentGroups()
2025-07-03 12:05:45 DEBUG o.s.w.s.m.m.a.HttpEntityMethodProcessor - Using 'application/json', given [application/json, text/plain, */*] and supported [application/json, application/*+json]
2025-07-03 12:05:45 DEBUG o.s.w.s.m.m.a.HttpEntityMethodProcessor - Writing [StandardResponseOutDTO{status='SUCCESS', message='Group summary fetched successfully', data=[]}]
2025-07-03 12:05:45 DEBUG o.s.web.servlet.DispatcherServlet - Completed 200 OK
2025-07-03 12:08:46 DEBUG o.s.web.servlet.DispatcherServlet - GET "/api/service-api/report/course/1/pdf", parameters={}
2025-07-03 12:08:46 DEBUG o.s.w.s.m.m.a.RequestMappingHandlerMapping - Mapped to com.nt.LMS.controller.CourseReportGenerationController#getCourseReportAsPdf(Long, HttpServletResponse)
2025-07-03 12:08:46 DEBUG o.s.web.servlet.DispatcherServlet - Completed 200 OK
2025-07-03 12:09:03 DEBUG o.s.web.servlet.DispatcherServlet - GET "/api/service-api/admin/active-employees", parameters={}
2025-07-03 12:09:03 DEBUG o.s.w.s.m.m.a.RequestMappingHandlerMapping - Mapped to com.nt.LMS.controller.AdminController#getAllEmployees()
2025-07-03 12:09:03 INFO  c.nt.LMS.controller.AdminController - Fetching all employees
2025-07-03 12:09:03 INFO  c.n.L.s.serviceImpl.AdminServiceImpl - Fetching all users
2025-07-03 12:09:03 INFO  c.n.L.s.serviceImpl.AdminServiceImpl - Successfully fetched 10 users
2025-07-03 12:09:03 INFO  c.nt.LMS.controller.AdminController - Fetched 10 employees
2025-07-03 12:09:03 DEBUG o.s.w.s.m.m.a.HttpEntityMethodProcessor - Using 'application/json', given [application/json, text/plain, */*] and supported [application/json, application/*+json]
2025-07-03 12:09:03 DEBUG o.s.w.s.m.m.a.HttpEntityMethodProcessor - Writing [StandardResponseOutDTO{status='SUCCESS', message='User fetched Successfully', data=[UserOutDTO(userI (truncated)...]
2025-07-03 12:09:03 DEBUG o.s.web.servlet.DispatcherServlet - Completed 200 OK
2025-07-03 12:09:03 DEBUG o.s.web.servlet.DispatcherServlet - GET "/api/service-api/admin/inactive-employees", parameters={}
2025-07-03 12:09:03 DEBUG o.s.w.s.m.m.a.RequestMappingHandlerMapping - Mapped to com.nt.LMS.controller.AdminController#getAllInactiveEmployees()
2025-07-03 12:09:03 INFO  c.nt.LMS.controller.AdminController - Fetching all inactive employees
2025-07-03 12:09:03 INFO  c.n.L.s.serviceImpl.AdminServiceImpl - Fetching all  inactive users
2025-07-03 12:09:03 INFO  c.n.L.s.serviceImpl.AdminServiceImpl - Successfully fetched 5 inactive users
2025-07-03 12:09:03 INFO  c.nt.LMS.controller.AdminController - Fetched 5 inactive employees
2025-07-03 12:09:03 DEBUG o.s.w.s.m.m.a.HttpEntityMethodProcessor - Using 'application/json', given [application/json, text/plain, */*] and supported [application/json, application/*+json]
2025-07-03 12:09:03 DEBUG o.s.w.s.m.m.a.HttpEntityMethodProcessor - Writing [StandardResponseOutDTO{status='SUCCESS', message='User fetched Successfully', data=[UserOutDTO(userI (truncated)...]
2025-07-03 12:09:03 DEBUG o.s.web.servlet.DispatcherServlet - Completed 200 OK
2025-07-03 12:09:14 DEBUG o.s.web.servlet.DispatcherServlet - GET "/api/service-api/enrollments/52/statistics", parameters={}
2025-07-03 12:09:14 DEBUG o.s.w.s.m.m.a.RequestMappingHandlerMapping - Mapped to com.nt.LMS.controller.UserCourseEnrollmentController#getUserEnrollments(Long)
2025-07-03 12:09:14 DEBUG o.s.w.s.m.m.a.HttpEntityMethodProcessor - Using 'application/json', given [application/json, text/plain, */*] and supported [application/json, application/*+json]
2025-07-03 12:09:14 DEBUG o.s.w.s.m.m.a.HttpEntityMethodProcessor - Writing [StandardResponseOutDTO{status='SUCCESS', message='Fetched Users Enrolled', data={groups=0, enrollmen (truncated)...]
2025-07-03 12:09:14 DEBUG o.s.web.servlet.DispatcherServlet - Completed 200 OK
2025-07-03 12:09:14 WARN  c.n.L.c.ServiceAuthenticationFilter - Gateway secret validation failed
2025-07-03 12:09:24 WARN  c.n.L.c.ServiceAuthenticationFilter - Gateway secret validation failed
2025-07-03 12:09:24 WARN  c.n.L.c.ServiceAuthenticationFilter - Gateway secret validation failed
2025-07-03 12:09:24 WARN  c.n.L.c.ServiceAuthenticationFilter - Gateway secret validation failed
2025-07-03 12:09:24 WARN  c.n.L.c.ServiceAuthenticationFilter - Gateway secret validation failed
2025-07-03 12:27:42 DEBUG o.s.web.servlet.DispatcherServlet - GET "/api/service-api/admin/count", parameters={}
2025-07-03 12:27:42 DEBUG o.s.w.s.m.m.a.RequestMappingHandlerMapping - Mapped to com.nt.LMS.controller.AdminController#getTotalUserCount()
2025-07-03 12:27:42 INFO  c.nt.LMS.controller.AdminController - Fetching total user count
2025-07-03 12:27:42 DEBUG o.s.web.servlet.DispatcherServlet - GET "/api/service-api/enrollment/statistics", parameters={}
2025-07-03 12:27:42 DEBUG o.s.w.s.m.m.a.RequestMappingHandlerMapping - Mapped to com.nt.LMS.controller.EnrollmentController#getEnrollmentStatistics()
2025-07-03 12:27:42 INFO  c.nt.LMS.controller.AdminController - Total user count retrieved: 10
2025-07-03 12:27:42 DEBUG o.s.w.s.m.m.a.HttpEntityMethodProcessor - Using 'application/json', given [application/json, text/plain, */*] and supported [application/json, application/*+json]
2025-07-03 12:27:42 DEBUG o.s.w.s.m.m.a.HttpEntityMethodProcessor - Writing [StandardResponseOutDTO{status='SUCCESS', message='Fetched User Count', data=10}]
2025-07-03 12:27:42 DEBUG o.s.web.servlet.DispatcherServlet - GET "/api/service-api/group/count", parameters={}
2025-07-03 12:27:42 DEBUG o.s.web.servlet.DispatcherServlet - Completed 200 OK
2025-07-03 12:27:42 DEBUG o.s.w.s.m.m.a.RequestMappingHandlerMapping - Mapped to com.nt.LMS.controller.GroupController#getGroupCount()
2025-07-03 12:27:42 INFO  c.nt.LMS.controller.GroupController - Received request to get total Group count.
2025-07-03 12:27:42 DEBUG o.s.w.s.m.m.a.HttpEntityMethodProcessor - Using 'application/json', given [application/json, text/plain, */*] and supported [application/json, application/*+json]
2025-07-03 12:27:42 DEBUG o.s.w.s.m.m.a.HttpEntityMethodProcessor - Writing [StandardResponseOutDTO{status='SUCCESS', message='Fetched Enrollment Statistics', data=EnrollmentDas (truncated)...]
2025-07-03 12:27:42 DEBUG o.s.web.servlet.DispatcherServlet - Completed 200 OK
2025-07-03 12:27:42 DEBUG o.s.web.servlet.DispatcherServlet - GET "/api/service-api/admin/users/recent", parameters={}
2025-07-03 12:27:42 DEBUG o.s.w.s.m.m.a.RequestMappingHandlerMapping - Mapped to com.nt.LMS.controller.AdminController#getRecentUsers()
2025-07-03 12:27:42 INFO  c.nt.LMS.controller.GroupController - Total Group count retrieved: 0
2025-07-03 12:27:42 DEBUG o.s.w.s.m.m.a.HttpEntityMethodProcessor - Using 'application/json', given [application/json, text/plain, */*] and supported [application/json, application/*+json]
2025-07-03 12:27:42 DEBUG o.s.w.s.m.m.a.HttpEntityMethodProcessor - Writing [MessageOutDto(message=0)]
2025-07-03 12:27:42 DEBUG o.s.web.servlet.DispatcherServlet - Completed 200 OK
2025-07-03 12:27:42 DEBUG o.s.w.s.m.m.a.HttpEntityMethodProcessor - Using 'application/json', given [application/json, text/plain, */*] and supported [application/json, application/*+json]
2025-07-03 12:27:42 DEBUG o.s.w.s.m.m.a.HttpEntityMethodProcessor - Writing [StandardResponseOutDTO{status='SUCCESS', message='Fetched Recent Users', data=[UsersDetailsViewDTO(f (truncated)...]
2025-07-03 12:27:42 DEBUG o.s.web.servlet.DispatcherServlet - Completed 200 OK
2025-07-03 12:27:42 DEBUG o.s.web.servlet.DispatcherServlet - GET "/api/service-api/group/recent", parameters={}
2025-07-03 12:27:42 DEBUG o.s.w.s.m.m.a.RequestMappingHandlerMapping - Mapped to com.nt.LMS.controller.GroupController#getRecentGroups()
2025-07-03 12:27:42 DEBUG o.s.w.s.m.m.a.HttpEntityMethodProcessor - Using 'application/json', given [application/json, text/plain, */*] and supported [application/json, application/*+json]
2025-07-03 12:27:42 DEBUG o.s.w.s.m.m.a.HttpEntityMethodProcessor - Writing [StandardResponseOutDTO{status='SUCCESS', message='Group summary fetched successfully', data=[]}]
2025-07-03 12:27:42 DEBUG o.s.web.servlet.DispatcherServlet - Completed 200 OK
2025-07-03 12:27:44 DEBUG o.s.web.servlet.DispatcherServlet - GET "/api/service-api/enrollment/statistics", parameters={}
2025-07-03 12:27:44 DEBUG o.s.w.s.m.m.a.RequestMappingHandlerMapping - Mapped to com.nt.LMS.controller.EnrollmentController#getEnrollmentStatistics()
2025-07-03 12:27:44 DEBUG o.s.web.servlet.DispatcherServlet - GET "/api/service-api/admin/active-employees", parameters={}
2025-07-03 12:27:44 DEBUG o.s.w.s.m.m.a.RequestMappingHandlerMapping - Mapped to com.nt.LMS.controller.AdminController#getAllEmployees()
2025-07-03 12:27:44 DEBUG o.s.w.s.m.m.a.HttpEntityMethodProcessor - Using 'application/json', given [application/json, text/plain, */*] and supported [application/json, application/*+json]
2025-07-03 12:27:44 DEBUG o.s.w.s.m.m.a.HttpEntityMethodProcessor - Writing [StandardResponseOutDTO{status='SUCCESS', message='Fetched Enrollment Statistics', data=EnrollmentDas (truncated)...]
2025-07-03 12:27:44 INFO  c.nt.LMS.controller.AdminController - Fetching all employees
2025-07-03 12:27:44 INFO  c.n.L.s.serviceImpl.AdminServiceImpl - Fetching all users
2025-07-03 12:27:44 DEBUG o.s.web.servlet.DispatcherServlet - GET "/api/service-api/enrollment/user-enrollments", parameters={}
2025-07-03 12:27:44 DEBUG o.s.w.s.m.m.a.RequestMappingHandlerMapping - Mapped to com.nt.LMS.controller.EnrollmentController#getUserEnrollments()
2025-07-03 12:27:44 DEBUG o.s.web.servlet.DispatcherServlet - Completed 200 OK
2025-07-03 12:27:44 DEBUG o.s.w.s.m.m.a.HttpEntityMethodProcessor - Using 'application/json', given [application/json, text/plain, */*] and supported [application/json, application/*+json]
2025-07-03 12:27:44 DEBUG o.s.w.s.m.m.a.HttpEntityMethodProcessor - Writing [StandardResponseOutDTO{status='SUCCESS', message='User Enrollment Fetched', data=[]}]
2025-07-03 12:27:44 DEBUG o.s.web.servlet.DispatcherServlet - Completed 200 OK
2025-07-03 12:27:44 INFO  c.n.L.s.serviceImpl.AdminServiceImpl - Successfully fetched 10 users
2025-07-03 12:27:44 INFO  c.nt.LMS.controller.AdminController - Fetched 10 employees
2025-07-03 12:27:44 DEBUG o.s.w.s.m.m.a.HttpEntityMethodProcessor - Using 'application/json', given [application/json, text/plain, */*] and supported [application/json, application/*+json]
2025-07-03 12:27:44 DEBUG o.s.w.s.m.m.a.HttpEntityMethodProcessor - Writing [StandardResponseOutDTO{status='SUCCESS', message='User fetched Successfully', data=[UserOutDTO(userI (truncated)...]
2025-07-03 12:27:44 DEBUG o.s.web.servlet.DispatcherServlet - Completed 200 OK
2025-07-03 12:27:44 DEBUG o.s.web.servlet.DispatcherServlet - GET "/api/service-api/enrollment/user-enrollments", parameters={}
2025-07-03 12:27:44 DEBUG o.s.w.s.m.m.a.RequestMappingHandlerMapping - Mapped to com.nt.LMS.controller.EnrollmentController#getUserEnrollments()
2025-07-03 12:27:44 DEBUG o.s.w.s.m.m.a.HttpEntityMethodProcessor - Using 'application/json', given [application/json, text/plain, */*] and supported [application/json, application/*+json]
2025-07-03 12:27:44 DEBUG o.s.w.s.m.m.a.HttpEntityMethodProcessor - Writing [StandardResponseOutDTO{status='SUCCESS', message='User Enrollment Fetched', data=[]}]
2025-07-03 12:27:44 DEBUG o.s.web.servlet.DispatcherServlet - Completed 200 OK
2025-07-03 12:27:58 DEBUG o.s.web.servlet.DispatcherServlet - GET "/api/service-api/admin/active-employees", parameters={}
2025-07-03 12:27:58 DEBUG o.s.w.s.m.m.a.RequestMappingHandlerMapping - Mapped to com.nt.LMS.controller.AdminController#getAllEmployees()
2025-07-03 12:27:58 DEBUG o.s.web.servlet.DispatcherServlet - GET "/api/service-api/enrollment/statistics", parameters={}
2025-07-03 12:27:58 DEBUG o.s.web.servlet.DispatcherServlet - GET "/api/service-api/enrollment/user-enrollments", parameters={}
2025-07-03 12:27:58 DEBUG o.s.w.s.m.m.a.RequestMappingHandlerMapping - Mapped to com.nt.LMS.controller.EnrollmentController#getUserEnrollments()
2025-07-03 12:27:58 DEBUG o.s.w.s.m.m.a.RequestMappingHandlerMapping - Mapped to com.nt.LMS.controller.EnrollmentController#getEnrollmentStatistics()
2025-07-03 12:27:58 INFO  c.nt.LMS.controller.AdminController - Fetching all employees
2025-07-03 12:27:58 INFO  c.n.L.s.serviceImpl.AdminServiceImpl - Fetching all users
2025-07-03 12:27:58 DEBUG o.s.w.s.m.m.a.HttpEntityMethodProcessor - Using 'application/json', given [application/json, text/plain, */*] and supported [application/json, application/*+json]
2025-07-03 12:27:58 DEBUG o.s.w.s.m.m.a.HttpEntityMethodProcessor - Using 'application/json', given [application/json, text/plain, */*] and supported [application/json, application/*+json]
2025-07-03 12:27:58 DEBUG o.s.w.s.m.m.a.HttpEntityMethodProcessor - Writing [StandardResponseOutDTO{status='SUCCESS', message='User Enrollment Fetched', data=[]}]
2025-07-03 12:27:58 DEBUG o.s.w.s.m.m.a.HttpEntityMethodProcessor - Writing [StandardResponseOutDTO{status='SUCCESS', message='Fetched Enrollment Statistics', data=EnrollmentDas (truncated)...]
2025-07-03 12:27:58 DEBUG o.s.web.servlet.DispatcherServlet - Completed 200 OK
2025-07-03 12:27:58 DEBUG o.s.web.servlet.DispatcherServlet - Completed 200 OK
2025-07-03 12:27:58 INFO  c.n.L.s.serviceImpl.AdminServiceImpl - Successfully fetched 10 users
2025-07-03 12:27:58 INFO  c.nt.LMS.controller.AdminController - Fetched 10 employees
2025-07-03 12:27:58 DEBUG o.s.w.s.m.m.a.HttpEntityMethodProcessor - Using 'application/json', given [application/json, text/plain, */*] and supported [application/json, application/*+json]
2025-07-03 12:27:58 DEBUG o.s.w.s.m.m.a.HttpEntityMethodProcessor - Writing [StandardResponseOutDTO{status='SUCCESS', message='User fetched Successfully', data=[UserOutDTO(userI (truncated)...]
2025-07-03 12:27:58 DEBUG o.s.web.servlet.DispatcherServlet - Completed 200 OK
2025-07-03 12:27:58 DEBUG o.s.web.servlet.DispatcherServlet - GET "/api/service-api/enrollment/user-enrollments", parameters={}
2025-07-03 12:27:58 DEBUG o.s.w.s.m.m.a.RequestMappingHandlerMapping - Mapped to com.nt.LMS.controller.EnrollmentController#getUserEnrollments()
2025-07-03 12:27:58 DEBUG o.s.w.s.m.m.a.HttpEntityMethodProcessor - Using 'application/json', given [application/json, text/plain, */*] and supported [application/json, application/*+json]
2025-07-03 12:27:58 DEBUG o.s.w.s.m.m.a.HttpEntityMethodProcessor - Writing [StandardResponseOutDTO{status='SUCCESS', message='User Enrollment Fetched', data=[]}]
2025-07-03 12:27:58 DEBUG o.s.web.servlet.DispatcherServlet - Completed 200 OK
2025-07-03 12:34:33 WARN  com.zaxxer.hikari.pool.HikariPool - HikariPool-1 - Thread starvation or clock leap detected (housekeeper delta=3m54s441ms727µs200ns).
2025-07-03 12:38:54 DEBUG o.s.web.servlet.DispatcherServlet - GET "/api/service-api/admin/active-employees", parameters={}
2025-07-03 12:38:54 DEBUG o.s.w.s.m.m.a.RequestMappingHandlerMapping - Mapped to com.nt.LMS.controller.AdminController#getAllEmployees()
2025-07-03 12:38:54 INFO  c.nt.LMS.controller.AdminController - Fetching all employees
2025-07-03 12:38:54 INFO  c.n.L.s.serviceImpl.AdminServiceImpl - Fetching all users
2025-07-03 12:38:54 DEBUG o.s.web.servlet.DispatcherServlet - GET "/api/service-api/group/Allgroups", parameters={}
2025-07-03 12:38:54 DEBUG o.s.w.s.m.m.a.RequestMappingHandlerMapping - Mapped to com.nt.LMS.controller.GroupController#getAllGroups()
2025-07-03 12:38:54 INFO  c.nt.LMS.controller.GroupController - Fetching groups 
2025-07-03 12:38:54 INFO  c.n.L.s.serviceImpl.AdminServiceImpl - Successfully fetched 10 users
2025-07-03 12:38:54 INFO  c.nt.LMS.controller.AdminController - Fetched 10 employees
2025-07-03 12:38:54 DEBUG o.s.w.s.m.m.a.HttpEntityMethodProcessor - Using 'application/json', given [application/json, text/plain, */*] and supported [application/json, application/*+json]
2025-07-03 12:38:54 DEBUG o.s.w.s.m.m.a.HttpEntityMethodProcessor - Writing [StandardResponseOutDTO{status='SUCCESS', message='User fetched Successfully', data=[UserOutDTO(userI (truncated)...]
2025-07-03 12:38:54 DEBUG o.s.web.servlet.DispatcherServlet - Completed 200 OK
2025-07-03 12:38:54 WARN  c.nt.LMS.controller.GroupController - No groups found 
2025-07-03 12:38:54 DEBUG o.s.w.s.m.m.a.HttpEntityMethodProcessor - Using 'application/json', given [application/json, text/plain, */*] and supported [application/json, application/*+json]
2025-07-03 12:38:54 DEBUG o.s.w.s.m.m.a.HttpEntityMethodProcessor - Writing [StandardResponseOutDTO{status='SUCCESS', message='All Groups fetched successfully', data=[]}]
2025-07-03 12:38:54 DEBUG o.s.web.servlet.DispatcherServlet - Completed 204 NO_CONTENT
2025-07-03 12:39:31 DEBUG o.s.web.servlet.DispatcherServlet - POST "/api/service-api/enrollment/enroll", parameters={}
2025-07-03 12:39:31 DEBUG o.s.w.s.m.m.a.RequestMappingHandlerMapping - Mapped to com.nt.LMS.controller.EnrollmentController#enroll(EnrollmentRequestInDTO)
2025-07-03 12:39:32 DEBUG o.s.w.s.m.m.a.RequestResponseBodyMethodProcessor - Read "application/json;charset=UTF-8" to [com.nt.LMS.dto.inDTO.EnrollmentRequestInDTO@66779b2e]
2025-07-03 12:39:32 DEBUG o.s.w.s.m.m.a.ExceptionHandlerExceptionResolver - Using @ExceptionHandler com.nt.LMS.exception.GlobalExceptionHandler#handleResourceNotFoundException(ResourceNotFoundException, HttpServletRequest)
2025-07-03 12:39:32 DEBUG o.s.w.s.m.m.a.RequestResponseBodyMethodProcessor - Using 'application/json', given [application/json, text/plain, */*] and supported [application/json, application/*+json]
2025-07-03 12:39:32 DEBUG o.s.w.s.m.m.a.RequestResponseBodyMethodProcessor - Writing [GlobalExceptionHandler.ErrorResponse(timestamp=2025-07-03T12:39:32.576157200, status=404, message=As (truncated)...]
2025-07-03 12:39:32 DEBUG o.s.w.s.m.m.a.ExceptionHandlerExceptionResolver - Resolved [com.nt.LMS.exception.ResourceNotFoundException: Assigned by user not found with ID: 6]
2025-07-03 12:39:32 DEBUG o.s.web.servlet.DispatcherServlet - Completed 404 NOT_FOUND
2025-07-03 12:39:59 DEBUG o.s.web.servlet.DispatcherServlet - POST "/api/service-api/enrollment/enroll", parameters={}
2025-07-03 12:39:59 DEBUG o.s.w.s.m.m.a.RequestMappingHandlerMapping - Mapped to com.nt.LMS.controller.EnrollmentController#enroll(EnrollmentRequestInDTO)
2025-07-03 12:39:59 DEBUG o.s.w.s.m.m.a.RequestResponseBodyMethodProcessor - Read "application/json;charset=UTF-8" to [com.nt.LMS.dto.inDTO.EnrollmentRequestInDTO@55975fc9]
2025-07-03 12:39:59 DEBUG o.s.w.s.m.m.a.ExceptionHandlerExceptionResolver - Using @ExceptionHandler com.nt.LMS.exception.GlobalExceptionHandler#handleResourceNotFoundException(ResourceNotFoundException, HttpServletRequest)
2025-07-03 12:39:59 DEBUG o.s.w.s.m.m.a.RequestResponseBodyMethodProcessor - Using 'application/json', given [application/json, text/plain, */*] and supported [application/json, application/*+json]
2025-07-03 12:39:59 DEBUG o.s.w.s.m.m.a.RequestResponseBodyMethodProcessor - Writing [GlobalExceptionHandler.ErrorResponse(timestamp=2025-07-03T12:39:59.716530600, status=404, message=As (truncated)...]
2025-07-03 12:39:59 DEBUG o.s.w.s.m.m.a.ExceptionHandlerExceptionResolver - Resolved [com.nt.LMS.exception.ResourceNotFoundException: Assigned by user not found with ID: 6]
2025-07-03 12:39:59 DEBUG o.s.web.servlet.DispatcherServlet - Completed 404 NOT_FOUND
2025-07-03 12:51:09 DEBUG o.s.web.servlet.DispatcherServlet - GET "/api/service-api/enrollment/statistics", parameters={}
2025-07-03 12:51:09 DEBUG o.s.w.s.m.m.a.RequestMappingHandlerMapping - Mapped to com.nt.LMS.controller.EnrollmentController#getEnrollmentStatistics()
2025-07-03 12:51:09 DEBUG o.s.web.servlet.DispatcherServlet - GET "/api/service-api/admin/count", parameters={}
2025-07-03 12:51:09 DEBUG o.s.w.s.m.m.a.RequestMappingHandlerMapping - Mapped to com.nt.LMS.controller.AdminController#getTotalUserCount()
2025-07-03 12:51:09 INFO  c.nt.LMS.controller.AdminController - Fetching total user count
2025-07-03 12:51:09 DEBUG o.s.web.servlet.DispatcherServlet - GET "/api/service-api/admin/users/recent", parameters={}
2025-07-03 12:51:09 DEBUG o.s.w.s.m.m.a.RequestMappingHandlerMapping - Mapped to com.nt.LMS.controller.AdminController#getRecentUsers()
2025-07-03 12:51:09 DEBUG o.s.w.s.m.m.a.HttpEntityMethodProcessor - Using 'application/json', given [application/json, text/plain, */*] and supported [application/json, application/*+json]
2025-07-03 12:51:09 DEBUG o.s.w.s.m.m.a.HttpEntityMethodProcessor - Writing [StandardResponseOutDTO{status='SUCCESS', message='Fetched Enrollment Statistics', data=EnrollmentDas (truncated)...]
2025-07-03 12:51:09 INFO  c.nt.LMS.controller.AdminController - Total user count retrieved: 10
2025-07-03 12:51:09 DEBUG o.s.w.s.m.m.a.HttpEntityMethodProcessor - Using 'application/json', given [application/json, text/plain, */*] and supported [application/json, application/*+json]
2025-07-03 12:51:09 DEBUG o.s.w.s.m.m.a.HttpEntityMethodProcessor - Writing [StandardResponseOutDTO{status='SUCCESS', message='Fetched User Count', data=10}]
2025-07-03 12:51:09 DEBUG o.s.web.servlet.DispatcherServlet - Completed 200 OK
2025-07-03 12:51:09 DEBUG o.s.web.servlet.DispatcherServlet - GET "/api/service-api/group/count", parameters={}
2025-07-03 12:51:09 DEBUG o.s.w.s.m.m.a.RequestMappingHandlerMapping - Mapped to com.nt.LMS.controller.GroupController#getGroupCount()
2025-07-03 12:51:09 INFO  c.nt.LMS.controller.GroupController - Received request to get total Group count.
2025-07-03 12:51:09 INFO  c.nt.LMS.controller.GroupController - Total Group count retrieved: 0
2025-07-03 12:51:09 DEBUG o.s.w.s.m.m.a.HttpEntityMethodProcessor - Using 'application/json', given [application/json, text/plain, */*] and supported [application/json, application/*+json]
2025-07-03 12:51:09 DEBUG o.s.w.s.m.m.a.HttpEntityMethodProcessor - Writing [MessageOutDto(message=0)]
2025-07-03 12:51:09 DEBUG o.s.web.servlet.DispatcherServlet - Completed 200 OK
2025-07-03 12:51:09 DEBUG o.s.web.servlet.DispatcherServlet - Completed 200 OK
2025-07-03 12:51:09 DEBUG o.s.w.s.m.m.a.HttpEntityMethodProcessor - Using 'application/json', given [application/json, text/plain, */*] and supported [application/json, application/*+json]
2025-07-03 12:51:09 DEBUG o.s.w.s.m.m.a.HttpEntityMethodProcessor - Writing [StandardResponseOutDTO{status='SUCCESS', message='Fetched Recent Users', data=[UsersDetailsViewDTO(f (truncated)...]
2025-07-03 12:51:09 DEBUG o.s.web.servlet.DispatcherServlet - Completed 200 OK
2025-07-03 12:51:09 DEBUG o.s.web.servlet.DispatcherServlet - GET "/api/service-api/group/recent", parameters={}
2025-07-03 12:51:09 DEBUG o.s.w.s.m.m.a.RequestMappingHandlerMapping - Mapped to com.nt.LMS.controller.GroupController#getRecentGroups()
2025-07-03 12:51:09 DEBUG o.s.w.s.m.m.a.HttpEntityMethodProcessor - Using 'application/json', given [application/json, text/plain, */*] and supported [application/json, application/*+json]
2025-07-03 12:51:09 DEBUG o.s.w.s.m.m.a.HttpEntityMethodProcessor - Writing [StandardResponseOutDTO{status='SUCCESS', message='Group summary fetched successfully', data=[]}]
2025-07-03 12:51:09 DEBUG o.s.web.servlet.DispatcherServlet - Completed 200 OK
2025-07-03 12:51:11 DEBUG o.s.web.servlet.DispatcherServlet - GET "/api/service-api/admin/active-employees", parameters={}
2025-07-03 12:51:11 DEBUG o.s.w.s.m.m.a.RequestMappingHandlerMapping - Mapped to com.nt.LMS.controller.AdminController#getAllEmployees()
2025-07-03 12:51:11 INFO  c.nt.LMS.controller.AdminController - Fetching all employees
2025-07-03 12:51:11 INFO  c.n.L.s.serviceImpl.AdminServiceImpl - Fetching all users
2025-07-03 12:51:11 DEBUG o.s.web.servlet.DispatcherServlet - GET "/api/service-api/enrollment/user-enrollments", parameters={}
2025-07-03 12:51:11 DEBUG o.s.w.s.m.m.a.RequestMappingHandlerMapping - Mapped to com.nt.LMS.controller.EnrollmentController#getUserEnrollments()
2025-07-03 12:51:11 DEBUG o.s.web.servlet.DispatcherServlet - GET "/api/service-api/enrollment/statistics", parameters={}
2025-07-03 12:51:11 DEBUG o.s.w.s.m.m.a.RequestMappingHandlerMapping - Mapped to com.nt.LMS.controller.EnrollmentController#getEnrollmentStatistics()
2025-07-03 12:51:11 DEBUG o.s.w.s.m.m.a.HttpEntityMethodProcessor - Using 'application/json', given [application/json, text/plain, */*] and supported [application/json, application/*+json]
2025-07-03 12:51:11 DEBUG o.s.w.s.m.m.a.HttpEntityMethodProcessor - Using 'application/json', given [application/json, text/plain, */*] and supported [application/json, application/*+json]
2025-07-03 12:51:11 DEBUG o.s.w.s.m.m.a.HttpEntityMethodProcessor - Writing [StandardResponseOutDTO{status='SUCCESS', message='User Enrollment Fetched', data=[]}]
2025-07-03 12:51:11 DEBUG o.s.w.s.m.m.a.HttpEntityMethodProcessor - Writing [StandardResponseOutDTO{status='SUCCESS', message='Fetched Enrollment Statistics', data=EnrollmentDas (truncated)...]
2025-07-03 12:51:11 DEBUG o.s.web.servlet.DispatcherServlet - Completed 200 OK
2025-07-03 12:51:11 DEBUG o.s.web.servlet.DispatcherServlet - Completed 200 OK
2025-07-03 12:51:11 INFO  c.n.L.s.serviceImpl.AdminServiceImpl - Successfully fetched 10 users
2025-07-03 12:51:11 INFO  c.nt.LMS.controller.AdminController - Fetched 10 employees
2025-07-03 12:51:11 DEBUG o.s.w.s.m.m.a.HttpEntityMethodProcessor - Using 'application/json', given [application/json, text/plain, */*] and supported [application/json, application/*+json]
2025-07-03 12:51:11 DEBUG o.s.w.s.m.m.a.HttpEntityMethodProcessor - Writing [StandardResponseOutDTO{status='SUCCESS', message='User fetched Successfully', data=[UserOutDTO(userI (truncated)...]
2025-07-03 12:51:11 DEBUG o.s.web.servlet.DispatcherServlet - Completed 200 OK
2025-07-03 12:51:11 DEBUG o.s.web.servlet.DispatcherServlet - GET "/api/service-api/enrollment/user-enrollments", parameters={}
2025-07-03 12:51:11 DEBUG o.s.w.s.m.m.a.RequestMappingHandlerMapping - Mapped to com.nt.LMS.controller.EnrollmentController#getUserEnrollments()
2025-07-03 12:51:11 DEBUG o.s.w.s.m.m.a.HttpEntityMethodProcessor - Using 'application/json', given [application/json, text/plain, */*] and supported [application/json, application/*+json]
2025-07-03 12:51:11 DEBUG o.s.w.s.m.m.a.HttpEntityMethodProcessor - Writing [StandardResponseOutDTO{status='SUCCESS', message='User Enrollment Fetched', data=[]}]
2025-07-03 12:51:11 DEBUG o.s.web.servlet.DispatcherServlet - Completed 200 OK
2025-07-03 12:51:13 DEBUG o.s.web.servlet.DispatcherServlet - GET "/api/service-api/admin/active-employees", parameters={}
2025-07-03 12:51:13 DEBUG o.s.w.s.m.m.a.RequestMappingHandlerMapping - Mapped to com.nt.LMS.controller.AdminController#getAllEmployees()
2025-07-03 12:51:13 INFO  c.nt.LMS.controller.AdminController - Fetching all employees
2025-07-03 12:51:13 INFO  c.n.L.s.serviceImpl.AdminServiceImpl - Fetching all users
2025-07-03 12:51:13 DEBUG o.s.web.servlet.DispatcherServlet - GET "/api/service-api/group/Allgroups", parameters={}
2025-07-03 12:51:13 DEBUG o.s.w.s.m.m.a.RequestMappingHandlerMapping - Mapped to com.nt.LMS.controller.GroupController#getAllGroups()
2025-07-03 12:51:13 INFO  c.nt.LMS.controller.GroupController - Fetching groups 
2025-07-03 12:51:13 WARN  c.nt.LMS.controller.GroupController - No groups found 
2025-07-03 12:51:13 DEBUG o.s.w.s.m.m.a.HttpEntityMethodProcessor - Using 'application/json', given [application/json, text/plain, */*] and supported [application/json, application/*+json]
2025-07-03 12:51:13 DEBUG o.s.w.s.m.m.a.HttpEntityMethodProcessor - Writing [StandardResponseOutDTO{status='SUCCESS', message='All Groups fetched successfully', data=[]}]
2025-07-03 12:51:13 DEBUG o.s.web.servlet.DispatcherServlet - Completed 204 NO_CONTENT
2025-07-03 12:51:13 INFO  c.n.L.s.serviceImpl.AdminServiceImpl - Successfully fetched 10 users
2025-07-03 12:51:13 INFO  c.nt.LMS.controller.AdminController - Fetched 10 employees
2025-07-03 12:51:13 DEBUG o.s.w.s.m.m.a.HttpEntityMethodProcessor - Using 'application/json', given [application/json, text/plain, */*] and supported [application/json, application/*+json]
2025-07-03 12:51:13 DEBUG o.s.w.s.m.m.a.HttpEntityMethodProcessor - Writing [StandardResponseOutDTO{status='SUCCESS', message='User fetched Successfully', data=[UserOutDTO(userI (truncated)...]
2025-07-03 12:51:13 DEBUG o.s.web.servlet.DispatcherServlet - Completed 200 OK
2025-07-03 12:51:39 DEBUG o.s.web.servlet.DispatcherServlet - POST "/api/service-api/enrollment/enroll", parameters={}
2025-07-03 12:51:39 DEBUG o.s.w.s.m.m.a.RequestMappingHandlerMapping - Mapped to com.nt.LMS.controller.EnrollmentController#enroll(EnrollmentRequestInDTO)
2025-07-03 12:51:39 DEBUG o.s.w.s.m.m.a.RequestResponseBodyMethodProcessor - Read "application/json;charset=UTF-8" to [com.nt.LMS.dto.inDTO.EnrollmentRequestInDTO@44096ec1]
2025-07-03 12:51:40 DEBUG o.s.web.servlet.DispatcherServlet - Failed to complete request: feign.FeignException$Unauthorized: [401] during [POST] to [http://localhost:8080/api/course/existing-ids] [CourseMicroserviceClient#getExistingCourseIds(List)]: []
2025-07-03 12:51:40 ERROR o.a.c.c.C.[.[.[.[dispatcherServlet] - Servlet.service() for servlet [dispatcherServlet] in context with path [] threw exception [Request processing failed: feign.FeignException$Unauthorized: [401] during [POST] to [http://localhost:8080/api/course/existing-ids] [CourseMicroserviceClient#getExistingCourseIds(List)]: []] with root cause
feign.FeignException$Unauthorized: [401] during [POST] to [http://localhost:8080/api/course/existing-ids] [CourseMicroserviceClient#getExistingCourseIds(List)]: []
	at feign.FeignException.clientErrorStatus(FeignException.java:245)
	at feign.FeignException.errorStatus(FeignException.java:223)
	at feign.FeignException.errorStatus(FeignException.java:213)
	at feign.codec.ErrorDecoder$Default.decode(ErrorDecoder.java:103)
	at feign.InvocationContext.decodeError(InvocationContext.java:133)
	at feign.InvocationContext.proceed(InvocationContext.java:80)
	at feign.ResponseHandler.handleResponse(ResponseHandler.java:69)
	at feign.SynchronousMethodHandler.executeAndDecode(SynchronousMethodHandler.java:109)
	at feign.SynchronousMethodHandler.invoke(SynchronousMethodHandler.java:53)
	at feign.ReflectiveFeign$FeignInvocationHandler.invoke(ReflectiveFeign.java:104)
	at jdk.proxy2/jdk.proxy2.$Proxy148.getExistingCourseIds(Unknown Source)
	at com.nt.LMS.service.serviceImpl.EnrollmentServiceImpl.validateEnrollmentRequest(EnrollmentServiceImpl.java:1337)
	at com.nt.LMS.service.serviceImpl.EnrollmentServiceImpl.enroll(EnrollmentServiceImpl.java:52)
	at java.base/jdk.internal.reflect.NativeMethodAccessorImpl.invoke0(Native Method)
	at java.base/jdk.internal.reflect.NativeMethodAccessorImpl.invoke(NativeMethodAccessorImpl.java:77)
	at java.base/jdk.internal.reflect.DelegatingMethodAccessorImpl.invoke(DelegatingMethodAccessorImpl.java:43)
	at java.base/java.lang.reflect.Method.invoke(Method.java:568)
	at org.springframework.aop.support.AopUtils.invokeJoinpointUsingReflection(AopUtils.java:359)
	at org.springframework.aop.framework.ReflectiveMethodInvocation.invokeJoinpoint(ReflectiveMethodInvocation.java:196)
	at org.springframework.aop.framework.ReflectiveMethodInvocation.proceed(ReflectiveMethodInvocation.java:163)
	at org.springframework.transaction.interceptor.TransactionAspectSupport.invokeWithinTransaction(TransactionAspectSupport.java:380)
	at org.springframework.transaction.interceptor.TransactionInterceptor.invoke(TransactionInterceptor.java:119)
	at org.springframework.aop.framework.ReflectiveMethodInvocation.proceed(ReflectiveMethodInvocation.java:184)
	at org.springframework.aop.framework.CglibAopProxy$DynamicAdvisedInterceptor.intercept(CglibAopProxy.java:727)
	at com.nt.LMS.service.serviceImpl.EnrollmentServiceImpl$$SpringCGLIB$$0.enroll(<generated>)
	at com.nt.LMS.controller.EnrollmentController.enroll(EnrollmentController.java:30)
	at java.base/jdk.internal.reflect.NativeMethodAccessorImpl.invoke0(Native Method)
	at java.base/jdk.internal.reflect.NativeMethodAccessorImpl.invoke(NativeMethodAccessorImpl.java:77)
	at java.base/jdk.internal.reflect.DelegatingMethodAccessorImpl.invoke(DelegatingMethodAccessorImpl.java:43)
	at java.base/java.lang.reflect.Method.invoke(Method.java:568)
	at org.springframework.web.method.support.InvocableHandlerMethod.doInvoke(InvocableHandlerMethod.java:258)
	at org.springframework.web.method.support.InvocableHandlerMethod.invokeForRequest(InvocableHandlerMethod.java:191)
	at org.springframework.web.servlet.mvc.method.annotation.ServletInvocableHandlerMethod.invokeAndHandle(ServletInvocableHandlerMethod.java:118)
	at org.springframework.web.servlet.mvc.method.annotation.RequestMappingHandlerAdapter.invokeHandlerMethod(RequestMappingHandlerAdapter.java:986)
	at org.springframework.web.servlet.mvc.method.annotation.RequestMappingHandlerAdapter.handleInternal(RequestMappingHandlerAdapter.java:891)
	at org.springframework.web.servlet.mvc.method.AbstractHandlerMethodAdapter.handle(AbstractHandlerMethodAdapter.java:87)
	at org.springframework.web.servlet.DispatcherServlet.doDispatch(DispatcherServlet.java:1089)
	at org.springframework.web.servlet.DispatcherServlet.doService(DispatcherServlet.java:979)
	at org.springframework.web.servlet.FrameworkServlet.processRequest(FrameworkServlet.java:1014)
	at org.springframework.web.servlet.FrameworkServlet.doPost(FrameworkServlet.java:914)
	at jakarta.servlet.http.HttpServlet.service(HttpServlet.java:590)
	at org.springframework.web.servlet.FrameworkServlet.service(FrameworkServlet.java:885)
	at jakarta.servlet.http.HttpServlet.service(HttpServlet.java:658)
	at org.apache.catalina.core.ApplicationFilterChain.internalDoFilter(ApplicationFilterChain.java:195)
	at org.apache.catalina.core.ApplicationFilterChain.doFilter(ApplicationFilterChain.java:140)
	at org.apache.tomcat.websocket.server.WsFilter.doFilter(WsFilter.java:51)
	at org.apache.catalina.core.ApplicationFilterChain.internalDoFilter(ApplicationFilterChain.java:164)
	at org.apache.catalina.core.ApplicationFilterChain.doFilter(ApplicationFilterChain.java:140)
	at org.springframework.web.filter.OncePerRequestFilter.doFilter(OncePerRequestFilter.java:110)
	at org.apache.catalina.core.ApplicationFilterChain.internalDoFilter(ApplicationFilterChain.java:164)
	at org.apache.catalina.core.ApplicationFilterChain.doFilter(ApplicationFilterChain.java:140)
	at org.springframework.web.filter.CompositeFilter$VirtualFilterChain.doFilter(CompositeFilter.java:108)
	at org.springframework.security.web.FilterChainProxy.lambda$doFilterInternal$3(FilterChainProxy.java:231)
	at org.springframework.security.web.FilterChainProxy$VirtualFilterChain.doFilter(FilterChainProxy.java:365)
	at org.springframework.security.web.access.intercept.AuthorizationFilter.doFilter(AuthorizationFilter.java:101)
	at org.springframework.security.web.FilterChainProxy$VirtualFilterChain.doFilter(FilterChainProxy.java:374)
	at org.springframework.security.web.access.ExceptionTranslationFilter.doFilter(ExceptionTranslationFilter.java:126)
	at org.springframework.security.web.access.ExceptionTranslationFilter.doFilter(ExceptionTranslationFilter.java:120)
	at org.springframework.security.web.FilterChainProxy$VirtualFilterChain.doFilter(FilterChainProxy.java:374)
	at org.springframework.security.web.session.SessionManagementFilter.doFilter(SessionManagementFilter.java:131)
	at org.springframework.security.web.session.SessionManagementFilter.doFilter(SessionManagementFilter.java:85)
	at org.springframework.security.web.FilterChainProxy$VirtualFilterChain.doFilter(FilterChainProxy.java:374)
	at org.springframework.security.web.authentication.AnonymousAuthenticationFilter.doFilter(AnonymousAuthenticationFilter.java:100)
	at org.springframework.security.web.FilterChainProxy$VirtualFilterChain.doFilter(FilterChainProxy.java:374)
	at org.springframework.security.web.servletapi.SecurityContextHolderAwareRequestFilter.doFilter(SecurityContextHolderAwareRequestFilter.java:179)
	at org.springframework.security.web.FilterChainProxy$VirtualFilterChain.doFilter(FilterChainProxy.java:374)
	at org.springframework.security.web.savedrequest.RequestCacheAwareFilter.doFilter(RequestCacheAwareFilter.java:63)
	at org.springframework.security.web.FilterChainProxy$VirtualFilterChain.doFilter(FilterChainProxy.java:374)
	at com.nt.LMS.config.ServiceAuthenticationFilter.doFilterInternal(ServiceAuthenticationFilter.java:102)
	at org.springframework.web.filter.OncePerRequestFilter.doFilter(OncePerRequestFilter.java:116)
	at org.springframework.security.web.FilterChainProxy$VirtualFilterChain.doFilter(FilterChainProxy.java:374)
	at org.springframework.security.web.authentication.logout.LogoutFilter.doFilter(LogoutFilter.java:107)
	at org.springframework.security.web.authentication.logout.LogoutFilter.doFilter(LogoutFilter.java:93)
	at org.springframework.security.web.FilterChainProxy$VirtualFilterChain.doFilter(FilterChainProxy.java:374)
	at org.springframework.security.web.header.HeaderWriterFilter.doHeadersAfter(HeaderWriterFilter.java:90)
	at org.springframework.security.web.header.HeaderWriterFilter.doFilterInternal(HeaderWriterFilter.java:75)
	at org.springframework.web.filter.OncePerRequestFilter.doFilter(OncePerRequestFilter.java:116)
	at org.springframework.security.web.FilterChainProxy$VirtualFilterChain.doFilter(FilterChainProxy.java:374)
	at org.springframework.security.web.context.SecurityContextHolderFilter.doFilter(SecurityContextHolderFilter.java:82)
	at org.springframework.security.web.context.SecurityContextHolderFilter.doFilter(SecurityContextHolderFilter.java:69)
	at org.springframework.security.web.FilterChainProxy$VirtualFilterChain.doFilter(FilterChainProxy.java:374)
	at org.springframework.security.web.context.request.async.WebAsyncManagerIntegrationFilter.doFilterInternal(WebAsyncManagerIntegrationFilter.java:62)
	at org.springframework.web.filter.OncePerRequestFilter.doFilter(OncePerRequestFilter.java:116)
	at org.springframework.security.web.FilterChainProxy$VirtualFilterChain.doFilter(FilterChainProxy.java:374)
	at org.springframework.security.web.session.DisableEncodeUrlFilter.doFilterInternal(DisableEncodeUrlFilter.java:42)
	at org.springframework.web.filter.OncePerRequestFilter.doFilter(OncePerRequestFilter.java:116)
	at org.springframework.security.web.FilterChainProxy$VirtualFilterChain.doFilter(FilterChainProxy.java:374)
	at org.springframework.security.web.FilterChainProxy.doFilterInternal(FilterChainProxy.java:233)
	at org.springframework.security.web.FilterChainProxy.doFilter(FilterChainProxy.java:191)
	at org.springframework.web.filter.CompositeFilter$VirtualFilterChain.doFilter(CompositeFilter.java:113)
	at org.springframework.web.servlet.handler.HandlerMappingIntrospector.lambda$createCacheFilter$3(HandlerMappingIntrospector.java:243)
	at org.springframework.web.filter.CompositeFilter$VirtualFilterChain.doFilter(CompositeFilter.java:113)
	at org.springframework.web.filter.CompositeFilter.doFilter(CompositeFilter.java:74)
	at org.springframework.security.config.annotation.web.configuration.WebMvcSecurityConfiguration$CompositeFilterChainProxy.doFilter(WebMvcSecurityConfiguration.java:238)
	at org.springframework.web.filter.DelegatingFilterProxy.invokeDelegate(DelegatingFilterProxy.java:362)
	at org.springframework.web.filter.DelegatingFilterProxy.doFilter(DelegatingFilterProxy.java:278)
	at org.apache.catalina.core.ApplicationFilterChain.internalDoFilter(ApplicationFilterChain.java:164)
	at org.apache.catalina.core.ApplicationFilterChain.doFilter(ApplicationFilterChain.java:140)
	at org.springframework.web.filter.RequestContextFilter.doFilterInternal(RequestContextFilter.java:100)
	at org.springframework.web.filter.OncePerRequestFilter.doFilter(OncePerRequestFilter.java:116)
	at org.apache.catalina.core.ApplicationFilterChain.internalDoFilter(ApplicationFilterChain.java:164)
	at org.apache.catalina.core.ApplicationFilterChain.doFilter(ApplicationFilterChain.java:140)
	at org.springframework.web.filter.FormContentFilter.doFilterInternal(FormContentFilter.java:93)
	at org.springframework.web.filter.OncePerRequestFilter.doFilter(OncePerRequestFilter.java:116)
	at org.apache.catalina.core.ApplicationFilterChain.internalDoFilter(ApplicationFilterChain.java:164)
	at org.apache.catalina.core.ApplicationFilterChain.doFilter(ApplicationFilterChain.java:140)
	at org.springframework.web.filter.CharacterEncodingFilter.doFilterInternal(CharacterEncodingFilter.java:201)
	at org.springframework.web.filter.OncePerRequestFilter.doFilter(OncePerRequestFilter.java:116)
	at org.apache.catalina.core.ApplicationFilterChain.internalDoFilter(ApplicationFilterChain.java:164)
	at org.apache.catalina.core.ApplicationFilterChain.doFilter(ApplicationFilterChain.java:140)
	at org.apache.catalina.core.StandardWrapperValve.invoke(StandardWrapperValve.java:167)
	at org.apache.catalina.core.StandardContextValve.invoke(StandardContextValve.java:90)
	at org.apache.catalina.authenticator.AuthenticatorBase.invoke(AuthenticatorBase.java:483)
	at org.apache.catalina.core.StandardHostValve.invoke(StandardHostValve.java:115)
	at org.apache.catalina.valves.ErrorReportValve.invoke(ErrorReportValve.java:93)
	at org.apache.catalina.core.StandardEngineValve.invoke(StandardEngineValve.java:74)
	at org.apache.catalina.connector.CoyoteAdapter.service(CoyoteAdapter.java:344)
	at org.apache.coyote.http11.Http11Processor.service(Http11Processor.java:397)
	at org.apache.coyote.AbstractProcessorLight.process(AbstractProcessorLight.java:63)
	at org.apache.coyote.AbstractProtocol$ConnectionHandler.process(AbstractProtocol.java:905)
	at org.apache.tomcat.util.net.NioEndpoint$SocketProcessor.doRun(NioEndpoint.java:1743)
	at org.apache.tomcat.util.net.SocketProcessorBase.run(SocketProcessorBase.java:52)
	at org.apache.tomcat.util.threads.ThreadPoolExecutor.runWorker(ThreadPoolExecutor.java:1190)
	at org.apache.tomcat.util.threads.ThreadPoolExecutor$Worker.run(ThreadPoolExecutor.java:659)
	at org.apache.tomcat.util.threads.TaskThread$WrappingRunnable.run(TaskThread.java:63)
	at java.base/java.lang.Thread.run(Thread.java:842)
2025-07-03 12:52:02 DEBUG o.s.web.servlet.DispatcherServlet - GET "/api/service-api/admin/count", parameters={}
2025-07-03 12:52:02 DEBUG o.s.web.servlet.DispatcherServlet - GET "/api/service-api/enrollment/statistics", parameters={}
2025-07-03 12:52:02 DEBUG o.s.w.s.m.m.a.RequestMappingHandlerMapping - Mapped to com.nt.LMS.controller.AdminController#getTotalUserCount()
2025-07-03 12:52:02 DEBUG o.s.w.s.m.m.a.RequestMappingHandlerMapping - Mapped to com.nt.LMS.controller.EnrollmentController#getEnrollmentStatistics()
2025-07-03 12:52:02 INFO  c.nt.LMS.controller.AdminController - Fetching total user count
2025-07-03 12:52:02 DEBUG o.s.web.servlet.DispatcherServlet - GET "/api/service-api/admin/users/recent", parameters={}
2025-07-03 12:52:02 DEBUG o.s.w.s.m.m.a.RequestMappingHandlerMapping - Mapped to com.nt.LMS.controller.AdminController#getRecentUsers()
2025-07-03 12:52:02 DEBUG o.s.web.servlet.DispatcherServlet - GET "/api/service-api/group/count", parameters={}
2025-07-03 12:52:02 DEBUG o.s.w.s.m.m.a.RequestMappingHandlerMapping - Mapped to com.nt.LMS.controller.GroupController#getGroupCount()
2025-07-03 12:52:02 INFO  c.nt.LMS.controller.GroupController - Received request to get total Group count.
2025-07-03 12:52:02 DEBUG o.s.w.s.m.m.a.HttpEntityMethodProcessor - Using 'application/json', given [application/json, text/plain, */*] and supported [application/json, application/*+json]
2025-07-03 12:52:02 DEBUG o.s.w.s.m.m.a.HttpEntityMethodProcessor - Using 'application/json', given [application/json, text/plain, */*] and supported [application/json, application/*+json]
2025-07-03 12:52:02 INFO  c.nt.LMS.controller.AdminController - Total user count retrieved: 10
2025-07-03 12:52:02 DEBUG o.s.w.s.m.m.a.HttpEntityMethodProcessor - Writing [StandardResponseOutDTO{status='SUCCESS', message='Fetched Recent Users', data=[UsersDetailsViewDTO(f (truncated)...]
2025-07-03 12:52:02 DEBUG o.s.w.s.m.m.a.HttpEntityMethodProcessor - Writing [StandardResponseOutDTO{status='SUCCESS', message='Fetched Enrollment Statistics', data=EnrollmentDas (truncated)...]
2025-07-03 12:52:02 DEBUG o.s.w.s.m.m.a.HttpEntityMethodProcessor - Using 'application/json', given [application/json, text/plain, */*] and supported [application/json, application/*+json]
2025-07-03 12:52:02 DEBUG o.s.w.s.m.m.a.HttpEntityMethodProcessor - Writing [StandardResponseOutDTO{status='SUCCESS', message='Fetched User Count', data=10}]
2025-07-03 12:52:02 INFO  c.nt.LMS.controller.GroupController - Total Group count retrieved: 0
2025-07-03 12:52:02 DEBUG o.s.w.s.m.m.a.HttpEntityMethodProcessor - Using 'application/json', given [application/json, text/plain, */*] and supported [application/json, application/*+json]
2025-07-03 12:52:02 DEBUG o.s.web.servlet.DispatcherServlet - Completed 200 OK
2025-07-03 12:52:02 DEBUG o.s.web.servlet.DispatcherServlet - Completed 200 OK
2025-07-03 12:52:02 DEBUG o.s.w.s.m.m.a.HttpEntityMethodProcessor - Writing [MessageOutDto(message=0)]
2025-07-03 12:52:02 DEBUG o.s.web.servlet.DispatcherServlet - Completed 200 OK
2025-07-03 12:52:02 DEBUG o.s.web.servlet.DispatcherServlet - Completed 200 OK
2025-07-03 12:52:02 DEBUG o.s.web.servlet.DispatcherServlet - GET "/api/service-api/group/recent", parameters={}
2025-07-03 12:52:02 DEBUG o.s.w.s.m.m.a.RequestMappingHandlerMapping - Mapped to com.nt.LMS.controller.GroupController#getRecentGroups()
2025-07-03 12:52:02 DEBUG o.s.w.s.m.m.a.HttpEntityMethodProcessor - Using 'application/json', given [application/json, text/plain, */*] and supported [application/json, application/*+json]
2025-07-03 12:52:02 DEBUG o.s.w.s.m.m.a.HttpEntityMethodProcessor - Writing [StandardResponseOutDTO{status='SUCCESS', message='Group summary fetched successfully', data=[]}]
2025-07-03 12:52:02 DEBUG o.s.web.servlet.DispatcherServlet - Completed 200 OK
2025-07-03 12:52:13 DEBUG o.s.web.servlet.DispatcherServlet - GET "/api/service-api/admin/active-employees", parameters={}
2025-07-03 12:52:13 DEBUG o.s.w.s.m.m.a.RequestMappingHandlerMapping - Mapped to com.nt.LMS.controller.AdminController#getAllEmployees()
2025-07-03 12:52:13 INFO  c.nt.LMS.controller.AdminController - Fetching all employees
2025-07-03 12:52:13 INFO  c.n.L.s.serviceImpl.AdminServiceImpl - Fetching all users
2025-07-03 12:52:13 INFO  c.n.L.s.serviceImpl.AdminServiceImpl - Successfully fetched 10 users
2025-07-03 12:52:13 INFO  c.nt.LMS.controller.AdminController - Fetched 10 employees
2025-07-03 12:52:13 DEBUG o.s.w.s.m.m.a.HttpEntityMethodProcessor - Using 'application/json', given [application/json, text/plain, */*] and supported [application/json, application/*+json]
2025-07-03 12:52:13 DEBUG o.s.w.s.m.m.a.HttpEntityMethodProcessor - Writing [StandardResponseOutDTO{status='SUCCESS', message='User fetched Successfully', data=[UserOutDTO(userI (truncated)...]
2025-07-03 12:52:13 DEBUG o.s.web.servlet.DispatcherServlet - Completed 200 OK
2025-07-03 12:52:13 DEBUG o.s.web.servlet.DispatcherServlet - GET "/api/service-api/admin/inactive-employees", parameters={}
2025-07-03 12:52:13 DEBUG o.s.w.s.m.m.a.RequestMappingHandlerMapping - Mapped to com.nt.LMS.controller.AdminController#getAllInactiveEmployees()
2025-07-03 12:52:13 INFO  c.nt.LMS.controller.AdminController - Fetching all inactive employees
2025-07-03 12:52:13 INFO  c.n.L.s.serviceImpl.AdminServiceImpl - Fetching all  inactive users
2025-07-03 12:52:13 INFO  c.n.L.s.serviceImpl.AdminServiceImpl - Successfully fetched 5 inactive users
2025-07-03 12:52:13 INFO  c.nt.LMS.controller.AdminController - Fetched 5 inactive employees
2025-07-03 12:52:13 DEBUG o.s.w.s.m.m.a.HttpEntityMethodProcessor - Using 'application/json', given [application/json, text/plain, */*] and supported [application/json, application/*+json]
2025-07-03 12:52:13 DEBUG o.s.w.s.m.m.a.HttpEntityMethodProcessor - Writing [StandardResponseOutDTO{status='SUCCESS', message='User fetched Successfully', data=[UserOutDTO(userI (truncated)...]
2025-07-03 12:52:13 DEBUG o.s.web.servlet.DispatcherServlet - Completed 200 OK
2025-07-03 12:52:15 DEBUG o.s.web.servlet.DispatcherServlet - GET "/api/service-api/enrollment/statistics", parameters={}
2025-07-03 12:52:15 DEBUG o.s.w.s.m.m.a.RequestMappingHandlerMapping - Mapped to com.nt.LMS.controller.EnrollmentController#getEnrollmentStatistics()
2025-07-03 12:52:15 DEBUG o.s.w.s.m.m.a.HttpEntityMethodProcessor - Using 'application/json', given [application/json, text/plain, */*] and supported [application/json, application/*+json]
2025-07-03 12:52:15 DEBUG o.s.w.s.m.m.a.HttpEntityMethodProcessor - Writing [StandardResponseOutDTO{status='SUCCESS', message='Fetched Enrollment Statistics', data=EnrollmentDas (truncated)...]
2025-07-03 12:52:15 DEBUG o.s.web.servlet.DispatcherServlet - Completed 200 OK
2025-07-03 12:52:15 DEBUG o.s.web.servlet.DispatcherServlet - GET "/api/service-api/enrollment/user-enrollments", parameters={}
2025-07-03 12:52:15 DEBUG o.s.w.s.m.m.a.RequestMappingHandlerMapping - Mapped to com.nt.LMS.controller.EnrollmentController#getUserEnrollments()
2025-07-03 12:52:15 DEBUG o.s.web.servlet.DispatcherServlet - GET "/api/service-api/admin/active-employees", parameters={}
2025-07-03 12:52:15 DEBUG o.s.w.s.m.m.a.RequestMappingHandlerMapping - Mapped to com.nt.LMS.controller.AdminController#getAllEmployees()
2025-07-03 12:52:15 INFO  c.nt.LMS.controller.AdminController - Fetching all employees
2025-07-03 12:52:15 INFO  c.n.L.s.serviceImpl.AdminServiceImpl - Fetching all users
2025-07-03 12:52:15 DEBUG o.s.w.s.m.m.a.HttpEntityMethodProcessor - Using 'application/json', given [application/json, text/plain, */*] and supported [application/json, application/*+json]
2025-07-03 12:52:15 DEBUG o.s.w.s.m.m.a.HttpEntityMethodProcessor - Writing [StandardResponseOutDTO{status='SUCCESS', message='User Enrollment Fetched', data=[]}]
2025-07-03 12:52:15 DEBUG o.s.web.servlet.DispatcherServlet - Completed 200 OK
2025-07-03 12:52:15 INFO  c.n.L.s.serviceImpl.AdminServiceImpl - Successfully fetched 10 users
2025-07-03 12:52:15 INFO  c.nt.LMS.controller.AdminController - Fetched 10 employees
2025-07-03 12:52:15 DEBUG o.s.w.s.m.m.a.HttpEntityMethodProcessor - Using 'application/json', given [application/json, text/plain, */*] and supported [application/json, application/*+json]
2025-07-03 12:52:15 DEBUG o.s.w.s.m.m.a.HttpEntityMethodProcessor - Writing [StandardResponseOutDTO{status='SUCCESS', message='User fetched Successfully', data=[UserOutDTO(userI (truncated)...]
2025-07-03 12:52:15 DEBUG o.s.web.servlet.DispatcherServlet - Completed 200 OK
2025-07-03 12:52:15 DEBUG o.s.web.servlet.DispatcherServlet - GET "/api/service-api/enrollment/user-enrollments", parameters={}
2025-07-03 12:52:15 DEBUG o.s.w.s.m.m.a.RequestMappingHandlerMapping - Mapped to com.nt.LMS.controller.EnrollmentController#getUserEnrollments()
2025-07-03 12:52:15 DEBUG o.s.w.s.m.m.a.HttpEntityMethodProcessor - Using 'application/json', given [application/json, text/plain, */*] and supported [application/json, application/*+json]
2025-07-03 12:52:15 DEBUG o.s.w.s.m.m.a.HttpEntityMethodProcessor - Writing [StandardResponseOutDTO{status='SUCCESS', message='User Enrollment Fetched', data=[]}]
2025-07-03 12:52:15 DEBUG o.s.web.servlet.DispatcherServlet - Completed 200 OK
2025-07-03 12:52:19 DEBUG o.s.web.servlet.DispatcherServlet - GET "/api/service-api/group/Allgroups", parameters={}
2025-07-03 12:52:19 DEBUG o.s.w.s.m.m.a.RequestMappingHandlerMapping - Mapped to com.nt.LMS.controller.GroupController#getAllGroups()
2025-07-03 12:52:19 DEBUG o.s.web.servlet.DispatcherServlet - GET "/api/service-api/admin/active-employees", parameters={}
2025-07-03 12:52:19 DEBUG o.s.w.s.m.m.a.RequestMappingHandlerMapping - Mapped to com.nt.LMS.controller.AdminController#getAllEmployees()
2025-07-03 12:52:19 INFO  c.nt.LMS.controller.GroupController - Fetching groups 
2025-07-03 12:52:19 INFO  c.nt.LMS.controller.AdminController - Fetching all employees
2025-07-03 12:52:19 INFO  c.n.L.s.serviceImpl.AdminServiceImpl - Fetching all users
2025-07-03 12:52:19 WARN  c.nt.LMS.controller.GroupController - No groups found 
2025-07-03 12:52:19 DEBUG o.s.w.s.m.m.a.HttpEntityMethodProcessor - Using 'application/json', given [application/json, text/plain, */*] and supported [application/json, application/*+json]
2025-07-03 12:52:19 DEBUG o.s.w.s.m.m.a.HttpEntityMethodProcessor - Writing [StandardResponseOutDTO{status='SUCCESS', message='All Groups fetched successfully', data=[]}]
2025-07-03 12:52:19 DEBUG o.s.web.servlet.DispatcherServlet - Completed 204 NO_CONTENT
2025-07-03 12:52:19 INFO  c.n.L.s.serviceImpl.AdminServiceImpl - Successfully fetched 10 users
2025-07-03 12:52:19 INFO  c.nt.LMS.controller.AdminController - Fetched 10 employees
2025-07-03 12:52:19 DEBUG o.s.w.s.m.m.a.HttpEntityMethodProcessor - Using 'application/json', given [application/json, text/plain, */*] and supported [application/json, application/*+json]
2025-07-03 12:52:19 DEBUG o.s.w.s.m.m.a.HttpEntityMethodProcessor - Writing [StandardResponseOutDTO{status='SUCCESS', message='User fetched Successfully', data=[UserOutDTO(userI (truncated)...]
2025-07-03 12:52:19 DEBUG o.s.web.servlet.DispatcherServlet - Completed 200 OK
2025-07-03 12:52:40 DEBUG o.s.web.servlet.DispatcherServlet - POST "/api/service-api/enrollment/enroll", parameters={}
2025-07-03 12:52:40 DEBUG o.s.w.s.m.m.a.RequestMappingHandlerMapping - Mapped to com.nt.LMS.controller.EnrollmentController#enroll(EnrollmentRequestInDTO)
2025-07-03 12:52:40 DEBUG o.s.w.s.m.m.a.RequestResponseBodyMethodProcessor - Read "application/json;charset=UTF-8" to [com.nt.LMS.dto.inDTO.EnrollmentRequestInDTO@18fd6c46]
2025-07-03 12:52:40 DEBUG o.s.web.servlet.DispatcherServlet - Failed to complete request: feign.FeignException$Unauthorized: [401] during [POST] to [http://localhost:8080/api/course/existing-ids] [CourseMicroserviceClient#getExistingCourseIds(List)]: []
2025-07-03 12:52:40 ERROR o.a.c.c.C.[.[.[.[dispatcherServlet] - Servlet.service() for servlet [dispatcherServlet] in context with path [] threw exception [Request processing failed: feign.FeignException$Unauthorized: [401] during [POST] to [http://localhost:8080/api/course/existing-ids] [CourseMicroserviceClient#getExistingCourseIds(List)]: []] with root cause
feign.FeignException$Unauthorized: [401] during [POST] to [http://localhost:8080/api/course/existing-ids] [CourseMicroserviceClient#getExistingCourseIds(List)]: []
	at feign.FeignException.clientErrorStatus(FeignException.java:245)
	at feign.FeignException.errorStatus(FeignException.java:223)
	at feign.FeignException.errorStatus(FeignException.java:213)
	at feign.codec.ErrorDecoder$Default.decode(ErrorDecoder.java:103)
	at feign.InvocationContext.decodeError(InvocationContext.java:133)
	at feign.InvocationContext.proceed(InvocationContext.java:80)
	at feign.ResponseHandler.handleResponse(ResponseHandler.java:69)
	at feign.SynchronousMethodHandler.executeAndDecode(SynchronousMethodHandler.java:109)
	at feign.SynchronousMethodHandler.invoke(SynchronousMethodHandler.java:53)
	at feign.ReflectiveFeign$FeignInvocationHandler.invoke(ReflectiveFeign.java:104)
	at jdk.proxy2/jdk.proxy2.$Proxy148.getExistingCourseIds(Unknown Source)
	at com.nt.LMS.service.serviceImpl.EnrollmentServiceImpl.validateEnrollmentRequest(EnrollmentServiceImpl.java:1337)
	at com.nt.LMS.service.serviceImpl.EnrollmentServiceImpl.enroll(EnrollmentServiceImpl.java:52)
	at java.base/jdk.internal.reflect.NativeMethodAccessorImpl.invoke0(Native Method)
	at java.base/jdk.internal.reflect.NativeMethodAccessorImpl.invoke(NativeMethodAccessorImpl.java:77)
	at java.base/jdk.internal.reflect.DelegatingMethodAccessorImpl.invoke(DelegatingMethodAccessorImpl.java:43)
	at java.base/java.lang.reflect.Method.invoke(Method.java:568)
	at org.springframework.aop.support.AopUtils.invokeJoinpointUsingReflection(AopUtils.java:359)
	at org.springframework.aop.framework.ReflectiveMethodInvocation.invokeJoinpoint(ReflectiveMethodInvocation.java:196)
	at org.springframework.aop.framework.ReflectiveMethodInvocation.proceed(ReflectiveMethodInvocation.java:163)
	at org.springframework.transaction.interceptor.TransactionAspectSupport.invokeWithinTransaction(TransactionAspectSupport.java:380)
	at org.springframework.transaction.interceptor.TransactionInterceptor.invoke(TransactionInterceptor.java:119)
	at org.springframework.aop.framework.ReflectiveMethodInvocation.proceed(ReflectiveMethodInvocation.java:184)
	at org.springframework.aop.framework.CglibAopProxy$DynamicAdvisedInterceptor.intercept(CglibAopProxy.java:727)
	at com.nt.LMS.service.serviceImpl.EnrollmentServiceImpl$$SpringCGLIB$$0.enroll(<generated>)
	at com.nt.LMS.controller.EnrollmentController.enroll(EnrollmentController.java:30)
	at java.base/jdk.internal.reflect.NativeMethodAccessorImpl.invoke0(Native Method)
	at java.base/jdk.internal.reflect.NativeMethodAccessorImpl.invoke(NativeMethodAccessorImpl.java:77)
	at java.base/jdk.internal.reflect.DelegatingMethodAccessorImpl.invoke(DelegatingMethodAccessorImpl.java:43)
	at java.base/java.lang.reflect.Method.invoke(Method.java:568)
	at org.springframework.web.method.support.InvocableHandlerMethod.doInvoke(InvocableHandlerMethod.java:258)
	at org.springframework.web.method.support.InvocableHandlerMethod.invokeForRequest(InvocableHandlerMethod.java:191)
	at org.springframework.web.servlet.mvc.method.annotation.ServletInvocableHandlerMethod.invokeAndHandle(ServletInvocableHandlerMethod.java:118)
	at org.springframework.web.servlet.mvc.method.annotation.RequestMappingHandlerAdapter.invokeHandlerMethod(RequestMappingHandlerAdapter.java:986)
	at org.springframework.web.servlet.mvc.method.annotation.RequestMappingHandlerAdapter.handleInternal(RequestMappingHandlerAdapter.java:891)
	at org.springframework.web.servlet.mvc.method.AbstractHandlerMethodAdapter.handle(AbstractHandlerMethodAdapter.java:87)
	at org.springframework.web.servlet.DispatcherServlet.doDispatch(DispatcherServlet.java:1089)
	at org.springframework.web.servlet.DispatcherServlet.doService(DispatcherServlet.java:979)
	at org.springframework.web.servlet.FrameworkServlet.processRequest(FrameworkServlet.java:1014)
	at org.springframework.web.servlet.FrameworkServlet.doPost(FrameworkServlet.java:914)
	at jakarta.servlet.http.HttpServlet.service(HttpServlet.java:590)
	at org.springframework.web.servlet.FrameworkServlet.service(FrameworkServlet.java:885)
	at jakarta.servlet.http.HttpServlet.service(HttpServlet.java:658)
	at org.apache.catalina.core.ApplicationFilterChain.internalDoFilter(ApplicationFilterChain.java:195)
	at org.apache.catalina.core.ApplicationFilterChain.doFilter(ApplicationFilterChain.java:140)
	at org.apache.tomcat.websocket.server.WsFilter.doFilter(WsFilter.java:51)
	at org.apache.catalina.core.ApplicationFilterChain.internalDoFilter(ApplicationFilterChain.java:164)
	at org.apache.catalina.core.ApplicationFilterChain.doFilter(ApplicationFilterChain.java:140)
	at org.springframework.web.filter.OncePerRequestFilter.doFilter(OncePerRequestFilter.java:110)
	at org.apache.catalina.core.ApplicationFilterChain.internalDoFilter(ApplicationFilterChain.java:164)
	at org.apache.catalina.core.ApplicationFilterChain.doFilter(ApplicationFilterChain.java:140)
	at org.springframework.web.filter.CompositeFilter$VirtualFilterChain.doFilter(CompositeFilter.java:108)
	at org.springframework.security.web.FilterChainProxy.lambda$doFilterInternal$3(FilterChainProxy.java:231)
	at org.springframework.security.web.FilterChainProxy$VirtualFilterChain.doFilter(FilterChainProxy.java:365)
	at org.springframework.security.web.access.intercept.AuthorizationFilter.doFilter(AuthorizationFilter.java:101)
	at org.springframework.security.web.FilterChainProxy$VirtualFilterChain.doFilter(FilterChainProxy.java:374)
	at org.springframework.security.web.access.ExceptionTranslationFilter.doFilter(ExceptionTranslationFilter.java:126)
	at org.springframework.security.web.access.ExceptionTranslationFilter.doFilter(ExceptionTranslationFilter.java:120)
	at org.springframework.security.web.FilterChainProxy$VirtualFilterChain.doFilter(FilterChainProxy.java:374)
	at org.springframework.security.web.session.SessionManagementFilter.doFilter(SessionManagementFilter.java:131)
	at org.springframework.security.web.session.SessionManagementFilter.doFilter(SessionManagementFilter.java:85)
	at org.springframework.security.web.FilterChainProxy$VirtualFilterChain.doFilter(FilterChainProxy.java:374)
	at org.springframework.security.web.authentication.AnonymousAuthenticationFilter.doFilter(AnonymousAuthenticationFilter.java:100)
	at org.springframework.security.web.FilterChainProxy$VirtualFilterChain.doFilter(FilterChainProxy.java:374)
	at org.springframework.security.web.servletapi.SecurityContextHolderAwareRequestFilter.doFilter(SecurityContextHolderAwareRequestFilter.java:179)
	at org.springframework.security.web.FilterChainProxy$VirtualFilterChain.doFilter(FilterChainProxy.java:374)
	at org.springframework.security.web.savedrequest.RequestCacheAwareFilter.doFilter(RequestCacheAwareFilter.java:63)
	at org.springframework.security.web.FilterChainProxy$VirtualFilterChain.doFilter(FilterChainProxy.java:374)
	at com.nt.LMS.config.ServiceAuthenticationFilter.doFilterInternal(ServiceAuthenticationFilter.java:102)
	at org.springframework.web.filter.OncePerRequestFilter.doFilter(OncePerRequestFilter.java:116)
	at org.springframework.security.web.FilterChainProxy$VirtualFilterChain.doFilter(FilterChainProxy.java:374)
	at org.springframework.security.web.authentication.logout.LogoutFilter.doFilter(LogoutFilter.java:107)
	at org.springframework.security.web.authentication.logout.LogoutFilter.doFilter(LogoutFilter.java:93)
	at org.springframework.security.web.FilterChainProxy$VirtualFilterChain.doFilter(FilterChainProxy.java:374)
	at org.springframework.security.web.header.HeaderWriterFilter.doHeadersAfter(HeaderWriterFilter.java:90)
	at org.springframework.security.web.header.HeaderWriterFilter.doFilterInternal(HeaderWriterFilter.java:75)
	at org.springframework.web.filter.OncePerRequestFilter.doFilter(OncePerRequestFilter.java:116)
	at org.springframework.security.web.FilterChainProxy$VirtualFilterChain.doFilter(FilterChainProxy.java:374)
	at org.springframework.security.web.context.SecurityContextHolderFilter.doFilter(SecurityContextHolderFilter.java:82)
	at org.springframework.security.web.context.SecurityContextHolderFilter.doFilter(SecurityContextHolderFilter.java:69)
	at org.springframework.security.web.FilterChainProxy$VirtualFilterChain.doFilter(FilterChainProxy.java:374)
	at org.springframework.security.web.context.request.async.WebAsyncManagerIntegrationFilter.doFilterInternal(WebAsyncManagerIntegrationFilter.java:62)
	at org.springframework.web.filter.OncePerRequestFilter.doFilter(OncePerRequestFilter.java:116)
	at org.springframework.security.web.FilterChainProxy$VirtualFilterChain.doFilter(FilterChainProxy.java:374)
	at org.springframework.security.web.session.DisableEncodeUrlFilter.doFilterInternal(DisableEncodeUrlFilter.java:42)
	at org.springframework.web.filter.OncePerRequestFilter.doFilter(OncePerRequestFilter.java:116)
	at org.springframework.security.web.FilterChainProxy$VirtualFilterChain.doFilter(FilterChainProxy.java:374)
	at org.springframework.security.web.FilterChainProxy.doFilterInternal(FilterChainProxy.java:233)
	at org.springframework.security.web.FilterChainProxy.doFilter(FilterChainProxy.java:191)
	at org.springframework.web.filter.CompositeFilter$VirtualFilterChain.doFilter(CompositeFilter.java:113)
	at org.springframework.web.servlet.handler.HandlerMappingIntrospector.lambda$createCacheFilter$3(HandlerMappingIntrospector.java:243)
	at org.springframework.web.filter.CompositeFilter$VirtualFilterChain.doFilter(CompositeFilter.java:113)
	at org.springframework.web.filter.CompositeFilter.doFilter(CompositeFilter.java:74)
	at org.springframework.security.config.annotation.web.configuration.WebMvcSecurityConfiguration$CompositeFilterChainProxy.doFilter(WebMvcSecurityConfiguration.java:238)
	at org.springframework.web.filter.DelegatingFilterProxy.invokeDelegate(DelegatingFilterProxy.java:362)
	at org.springframework.web.filter.DelegatingFilterProxy.doFilter(DelegatingFilterProxy.java:278)
	at org.apache.catalina.core.ApplicationFilterChain.internalDoFilter(ApplicationFilterChain.java:164)
	at org.apache.catalina.core.ApplicationFilterChain.doFilter(ApplicationFilterChain.java:140)
	at org.springframework.web.filter.RequestContextFilter.doFilterInternal(RequestContextFilter.java:100)
	at org.springframework.web.filter.OncePerRequestFilter.doFilter(OncePerRequestFilter.java:116)
	at org.apache.catalina.core.ApplicationFilterChain.internalDoFilter(ApplicationFilterChain.java:164)
	at org.apache.catalina.core.ApplicationFilterChain.doFilter(ApplicationFilterChain.java:140)
	at org.springframework.web.filter.FormContentFilter.doFilterInternal(FormContentFilter.java:93)
	at org.springframework.web.filter.OncePerRequestFilter.doFilter(OncePerRequestFilter.java:116)
	at org.apache.catalina.core.ApplicationFilterChain.internalDoFilter(ApplicationFilterChain.java:164)
	at org.apache.catalina.core.ApplicationFilterChain.doFilter(ApplicationFilterChain.java:140)
	at org.springframework.web.filter.CharacterEncodingFilter.doFilterInternal(CharacterEncodingFilter.java:201)
	at org.springframework.web.filter.OncePerRequestFilter.doFilter(OncePerRequestFilter.java:116)
	at org.apache.catalina.core.ApplicationFilterChain.internalDoFilter(ApplicationFilterChain.java:164)
	at org.apache.catalina.core.ApplicationFilterChain.doFilter(ApplicationFilterChain.java:140)
	at org.apache.catalina.core.StandardWrapperValve.invoke(StandardWrapperValve.java:167)
	at org.apache.catalina.core.StandardContextValve.invoke(StandardContextValve.java:90)
	at org.apache.catalina.authenticator.AuthenticatorBase.invoke(AuthenticatorBase.java:483)
	at org.apache.catalina.core.StandardHostValve.invoke(StandardHostValve.java:115)
	at org.apache.catalina.valves.ErrorReportValve.invoke(ErrorReportValve.java:93)
	at org.apache.catalina.core.StandardEngineValve.invoke(StandardEngineValve.java:74)
	at org.apache.catalina.connector.CoyoteAdapter.service(CoyoteAdapter.java:344)
	at org.apache.coyote.http11.Http11Processor.service(Http11Processor.java:397)
	at org.apache.coyote.AbstractProcessorLight.process(AbstractProcessorLight.java:63)
	at org.apache.coyote.AbstractProtocol$ConnectionHandler.process(AbstractProtocol.java:905)
	at org.apache.tomcat.util.net.NioEndpoint$SocketProcessor.doRun(NioEndpoint.java:1743)
	at org.apache.tomcat.util.net.SocketProcessorBase.run(SocketProcessorBase.java:52)
	at org.apache.tomcat.util.threads.ThreadPoolExecutor.runWorker(ThreadPoolExecutor.java:1190)
	at org.apache.tomcat.util.threads.ThreadPoolExecutor$Worker.run(ThreadPoolExecutor.java:659)
	at org.apache.tomcat.util.threads.TaskThread$WrappingRunnable.run(TaskThread.java:63)
	at java.base/java.lang.Thread.run(Thread.java:842)
2025-07-03 12:52:52 DEBUG o.s.web.servlet.DispatcherServlet - GET "/api/service-api/enrollment/statistics", parameters={}
2025-07-03 12:52:52 DEBUG o.s.w.s.m.m.a.RequestMappingHandlerMapping - Mapped to com.nt.LMS.controller.EnrollmentController#getEnrollmentStatistics()
2025-07-03 12:52:52 DEBUG o.s.web.servlet.DispatcherServlet - GET "/api/service-api/enrollment/user-enrollments", parameters={}
2025-07-03 12:52:52 DEBUG o.s.w.s.m.m.a.RequestMappingHandlerMapping - Mapped to com.nt.LMS.controller.EnrollmentController#getUserEnrollments()
2025-07-03 12:52:52 DEBUG o.s.w.s.m.m.a.HttpEntityMethodProcessor - Using 'application/json', given [application/json, text/plain, */*] and supported [application/json, application/*+json]
2025-07-03 12:52:52 DEBUG o.s.web.servlet.DispatcherServlet - GET "/api/service-api/admin/active-employees", parameters={}
2025-07-03 12:52:52 DEBUG o.s.w.s.m.m.a.RequestMappingHandlerMapping - Mapped to com.nt.LMS.controller.AdminController#getAllEmployees()
2025-07-03 12:52:52 DEBUG o.s.w.s.m.m.a.HttpEntityMethodProcessor - Writing [StandardResponseOutDTO{status='SUCCESS', message='Fetched Enrollment Statistics', data=EnrollmentDas (truncated)...]
2025-07-03 12:52:52 INFO  c.nt.LMS.controller.AdminController - Fetching all employees
2025-07-03 12:52:52 INFO  c.n.L.s.serviceImpl.AdminServiceImpl - Fetching all users
2025-07-03 12:52:52 DEBUG o.s.web.servlet.DispatcherServlet - Completed 200 OK
2025-07-03 12:52:52 DEBUG o.s.w.s.m.m.a.HttpEntityMethodProcessor - Using 'application/json', given [application/json, text/plain, */*] and supported [application/json, application/*+json]
2025-07-03 12:52:52 DEBUG o.s.w.s.m.m.a.HttpEntityMethodProcessor - Writing [StandardResponseOutDTO{status='SUCCESS', message='User Enrollment Fetched', data=[]}]
2025-07-03 12:52:52 DEBUG o.s.web.servlet.DispatcherServlet - Completed 200 OK
2025-07-03 12:52:52 INFO  c.n.L.s.serviceImpl.AdminServiceImpl - Successfully fetched 10 users
2025-07-03 12:52:52 INFO  c.nt.LMS.controller.AdminController - Fetched 10 employees
2025-07-03 12:52:52 DEBUG o.s.w.s.m.m.a.HttpEntityMethodProcessor - Using 'application/json', given [application/json, text/plain, */*] and supported [application/json, application/*+json]
2025-07-03 12:52:52 DEBUG o.s.w.s.m.m.a.HttpEntityMethodProcessor - Writing [StandardResponseOutDTO{status='SUCCESS', message='User fetched Successfully', data=[UserOutDTO(userI (truncated)...]
2025-07-03 12:52:52 DEBUG o.s.web.servlet.DispatcherServlet - Completed 200 OK
2025-07-03 12:52:52 DEBUG o.s.web.servlet.DispatcherServlet - GET "/api/service-api/enrollment/user-enrollments", parameters={}
2025-07-03 12:52:52 DEBUG o.s.w.s.m.m.a.RequestMappingHandlerMapping - Mapped to com.nt.LMS.controller.EnrollmentController#getUserEnrollments()
2025-07-03 12:52:52 DEBUG o.s.w.s.m.m.a.HttpEntityMethodProcessor - Using 'application/json', given [application/json, text/plain, */*] and supported [application/json, application/*+json]
2025-07-03 12:52:52 DEBUG o.s.w.s.m.m.a.HttpEntityMethodProcessor - Writing [StandardResponseOutDTO{status='SUCCESS', message='User Enrollment Fetched', data=[]}]
2025-07-03 12:52:52 DEBUG o.s.web.servlet.DispatcherServlet - Completed 200 OK
2025-07-03 12:52:56 DEBUG o.s.web.servlet.DispatcherServlet - GET "/api/service-api/group/Allgroups", parameters={}
2025-07-03 12:52:56 DEBUG o.s.w.s.m.m.a.RequestMappingHandlerMapping - Mapped to com.nt.LMS.controller.GroupController#getAllGroups()
2025-07-03 12:52:56 INFO  c.nt.LMS.controller.GroupController - Fetching groups 
2025-07-03 12:52:56 WARN  c.nt.LMS.controller.GroupController - No groups found 
2025-07-03 12:52:56 DEBUG o.s.w.s.m.m.a.HttpEntityMethodProcessor - Using 'application/json', given [application/json, text/plain, */*] and supported [application/json, application/*+json]
2025-07-03 12:52:56 DEBUG o.s.w.s.m.m.a.HttpEntityMethodProcessor - Writing [StandardResponseOutDTO{status='SUCCESS', message='All Groups fetched successfully', data=[]}]
2025-07-03 12:52:56 DEBUG o.s.web.servlet.DispatcherServlet - Completed 204 NO_CONTENT
2025-07-03 12:52:56 DEBUG o.s.web.servlet.DispatcherServlet - GET "/api/service-api/admin/active-employees", parameters={}
2025-07-03 12:52:56 DEBUG o.s.w.s.m.m.a.RequestMappingHandlerMapping - Mapped to com.nt.LMS.controller.AdminController#getAllEmployees()
2025-07-03 12:52:56 INFO  c.nt.LMS.controller.AdminController - Fetching all employees
2025-07-03 12:52:56 INFO  c.n.L.s.serviceImpl.AdminServiceImpl - Fetching all users
2025-07-03 12:52:56 INFO  c.n.L.s.serviceImpl.AdminServiceImpl - Successfully fetched 10 users
2025-07-03 12:52:56 INFO  c.nt.LMS.controller.AdminController - Fetched 10 employees
2025-07-03 12:52:56 DEBUG o.s.w.s.m.m.a.HttpEntityMethodProcessor - Using 'application/json', given [application/json, text/plain, */*] and supported [application/json, application/*+json]
2025-07-03 12:52:56 DEBUG o.s.w.s.m.m.a.HttpEntityMethodProcessor - Writing [StandardResponseOutDTO{status='SUCCESS', message='User fetched Successfully', data=[UserOutDTO(userI (truncated)...]
2025-07-03 12:52:56 DEBUG o.s.web.servlet.DispatcherServlet - Completed 200 OK
2025-07-03 12:53:43 DEBUG o.s.web.servlet.DispatcherServlet - POST "/api/service-api/enrollment/enroll", parameters={}
2025-07-03 12:53:43 DEBUG o.s.w.s.m.m.a.RequestMappingHandlerMapping - Mapped to com.nt.LMS.controller.EnrollmentController#enroll(EnrollmentRequestInDTO)
2025-07-03 12:53:43 DEBUG o.s.w.s.m.m.a.RequestResponseBodyMethodProcessor - Read "application/json;charset=UTF-8" to [com.nt.LMS.dto.inDTO.EnrollmentRequestInDTO@e910e51]
2025-07-03 12:53:43 DEBUG o.s.web.servlet.DispatcherServlet - Failed to complete request: feign.FeignException$Unauthorized: [401] during [POST] to [http://localhost:8080/api/course/existing-ids] [CourseMicroserviceClient#getExistingCourseIds(List)]: []
2025-07-03 12:53:44 ERROR o.a.c.c.C.[.[.[.[dispatcherServlet] - Servlet.service() for servlet [dispatcherServlet] in context with path [] threw exception [Request processing failed: feign.FeignException$Unauthorized: [401] during [POST] to [http://localhost:8080/api/course/existing-ids] [CourseMicroserviceClient#getExistingCourseIds(List)]: []] with root cause
feign.FeignException$Unauthorized: [401] during [POST] to [http://localhost:8080/api/course/existing-ids] [CourseMicroserviceClient#getExistingCourseIds(List)]: []
	at feign.FeignException.clientErrorStatus(FeignException.java:245)
	at feign.FeignException.errorStatus(FeignException.java:223)
	at feign.FeignException.errorStatus(FeignException.java:213)
	at feign.codec.ErrorDecoder$Default.decode(ErrorDecoder.java:103)
	at feign.InvocationContext.decodeError(InvocationContext.java:133)
	at feign.InvocationContext.proceed(InvocationContext.java:80)
	at feign.ResponseHandler.handleResponse(ResponseHandler.java:69)
	at feign.SynchronousMethodHandler.executeAndDecode(SynchronousMethodHandler.java:109)
	at feign.SynchronousMethodHandler.invoke(SynchronousMethodHandler.java:53)
	at feign.ReflectiveFeign$FeignInvocationHandler.invoke(ReflectiveFeign.java:104)
	at jdk.proxy2/jdk.proxy2.$Proxy148.getExistingCourseIds(Unknown Source)
	at com.nt.LMS.service.serviceImpl.EnrollmentServiceImpl.validateEnrollmentRequest(EnrollmentServiceImpl.java:1337)
	at com.nt.LMS.service.serviceImpl.EnrollmentServiceImpl.enroll(EnrollmentServiceImpl.java:52)
	at java.base/jdk.internal.reflect.NativeMethodAccessorImpl.invoke0(Native Method)
	at java.base/jdk.internal.reflect.NativeMethodAccessorImpl.invoke(NativeMethodAccessorImpl.java:77)
	at java.base/jdk.internal.reflect.DelegatingMethodAccessorImpl.invoke(DelegatingMethodAccessorImpl.java:43)
	at java.base/java.lang.reflect.Method.invoke(Method.java:568)
	at org.springframework.aop.support.AopUtils.invokeJoinpointUsingReflection(AopUtils.java:359)
	at org.springframework.aop.framework.ReflectiveMethodInvocation.invokeJoinpoint(ReflectiveMethodInvocation.java:196)
	at org.springframework.aop.framework.ReflectiveMethodInvocation.proceed(ReflectiveMethodInvocation.java:163)
	at org.springframework.transaction.interceptor.TransactionAspectSupport.invokeWithinTransaction(TransactionAspectSupport.java:380)
	at org.springframework.transaction.interceptor.TransactionInterceptor.invoke(TransactionInterceptor.java:119)
	at org.springframework.aop.framework.ReflectiveMethodInvocation.proceed(ReflectiveMethodInvocation.java:184)
	at org.springframework.aop.framework.CglibAopProxy$DynamicAdvisedInterceptor.intercept(CglibAopProxy.java:727)
	at com.nt.LMS.service.serviceImpl.EnrollmentServiceImpl$$SpringCGLIB$$0.enroll(<generated>)
	at com.nt.LMS.controller.EnrollmentController.enroll(EnrollmentController.java:30)
	at java.base/jdk.internal.reflect.NativeMethodAccessorImpl.invoke0(Native Method)
	at java.base/jdk.internal.reflect.NativeMethodAccessorImpl.invoke(NativeMethodAccessorImpl.java:77)
	at java.base/jdk.internal.reflect.DelegatingMethodAccessorImpl.invoke(DelegatingMethodAccessorImpl.java:43)
	at java.base/java.lang.reflect.Method.invoke(Method.java:568)
	at org.springframework.web.method.support.InvocableHandlerMethod.doInvoke(InvocableHandlerMethod.java:258)
	at org.springframework.web.method.support.InvocableHandlerMethod.invokeForRequest(InvocableHandlerMethod.java:191)
	at org.springframework.web.servlet.mvc.method.annotation.ServletInvocableHandlerMethod.invokeAndHandle(ServletInvocableHandlerMethod.java:118)
	at org.springframework.web.servlet.mvc.method.annotation.RequestMappingHandlerAdapter.invokeHandlerMethod(RequestMappingHandlerAdapter.java:986)
	at org.springframework.web.servlet.mvc.method.annotation.RequestMappingHandlerAdapter.handleInternal(RequestMappingHandlerAdapter.java:891)
	at org.springframework.web.servlet.mvc.method.AbstractHandlerMethodAdapter.handle(AbstractHandlerMethodAdapter.java:87)
	at org.springframework.web.servlet.DispatcherServlet.doDispatch(DispatcherServlet.java:1089)
	at org.springframework.web.servlet.DispatcherServlet.doService(DispatcherServlet.java:979)
	at org.springframework.web.servlet.FrameworkServlet.processRequest(FrameworkServlet.java:1014)
	at org.springframework.web.servlet.FrameworkServlet.doPost(FrameworkServlet.java:914)
	at jakarta.servlet.http.HttpServlet.service(HttpServlet.java:590)
	at org.springframework.web.servlet.FrameworkServlet.service(FrameworkServlet.java:885)
	at jakarta.servlet.http.HttpServlet.service(HttpServlet.java:658)
	at org.apache.catalina.core.ApplicationFilterChain.internalDoFilter(ApplicationFilterChain.java:195)
	at org.apache.catalina.core.ApplicationFilterChain.doFilter(ApplicationFilterChain.java:140)
	at org.apache.tomcat.websocket.server.WsFilter.doFilter(WsFilter.java:51)
	at org.apache.catalina.core.ApplicationFilterChain.internalDoFilter(ApplicationFilterChain.java:164)
	at org.apache.catalina.core.ApplicationFilterChain.doFilter(ApplicationFilterChain.java:140)
	at org.springframework.web.filter.OncePerRequestFilter.doFilter(OncePerRequestFilter.java:110)
	at org.apache.catalina.core.ApplicationFilterChain.internalDoFilter(ApplicationFilterChain.java:164)
	at org.apache.catalina.core.ApplicationFilterChain.doFilter(ApplicationFilterChain.java:140)
	at org.springframework.web.filter.CompositeFilter$VirtualFilterChain.doFilter(CompositeFilter.java:108)
	at org.springframework.security.web.FilterChainProxy.lambda$doFilterInternal$3(FilterChainProxy.java:231)
	at org.springframework.security.web.FilterChainProxy$VirtualFilterChain.doFilter(FilterChainProxy.java:365)
	at org.springframework.security.web.access.intercept.AuthorizationFilter.doFilter(AuthorizationFilter.java:101)
	at org.springframework.security.web.FilterChainProxy$VirtualFilterChain.doFilter(FilterChainProxy.java:374)
	at org.springframework.security.web.access.ExceptionTranslationFilter.doFilter(ExceptionTranslationFilter.java:126)
	at org.springframework.security.web.access.ExceptionTranslationFilter.doFilter(ExceptionTranslationFilter.java:120)
	at org.springframework.security.web.FilterChainProxy$VirtualFilterChain.doFilter(FilterChainProxy.java:374)
	at org.springframework.security.web.session.SessionManagementFilter.doFilter(SessionManagementFilter.java:131)
	at org.springframework.security.web.session.SessionManagementFilter.doFilter(SessionManagementFilter.java:85)
	at org.springframework.security.web.FilterChainProxy$VirtualFilterChain.doFilter(FilterChainProxy.java:374)
	at org.springframework.security.web.authentication.AnonymousAuthenticationFilter.doFilter(AnonymousAuthenticationFilter.java:100)
	at org.springframework.security.web.FilterChainProxy$VirtualFilterChain.doFilter(FilterChainProxy.java:374)
	at org.springframework.security.web.servletapi.SecurityContextHolderAwareRequestFilter.doFilter(SecurityContextHolderAwareRequestFilter.java:179)
	at org.springframework.security.web.FilterChainProxy$VirtualFilterChain.doFilter(FilterChainProxy.java:374)
	at org.springframework.security.web.savedrequest.RequestCacheAwareFilter.doFilter(RequestCacheAwareFilter.java:63)
	at org.springframework.security.web.FilterChainProxy$VirtualFilterChain.doFilter(FilterChainProxy.java:374)
	at com.nt.LMS.config.ServiceAuthenticationFilter.doFilterInternal(ServiceAuthenticationFilter.java:102)
	at org.springframework.web.filter.OncePerRequestFilter.doFilter(OncePerRequestFilter.java:116)
	at org.springframework.security.web.FilterChainProxy$VirtualFilterChain.doFilter(FilterChainProxy.java:374)
	at org.springframework.security.web.authentication.logout.LogoutFilter.doFilter(LogoutFilter.java:107)
	at org.springframework.security.web.authentication.logout.LogoutFilter.doFilter(LogoutFilter.java:93)
	at org.springframework.security.web.FilterChainProxy$VirtualFilterChain.doFilter(FilterChainProxy.java:374)
	at org.springframework.security.web.header.HeaderWriterFilter.doHeadersAfter(HeaderWriterFilter.java:90)
	at org.springframework.security.web.header.HeaderWriterFilter.doFilterInternal(HeaderWriterFilter.java:75)
	at org.springframework.web.filter.OncePerRequestFilter.doFilter(OncePerRequestFilter.java:116)
	at org.springframework.security.web.FilterChainProxy$VirtualFilterChain.doFilter(FilterChainProxy.java:374)
	at org.springframework.security.web.context.SecurityContextHolderFilter.doFilter(SecurityContextHolderFilter.java:82)
	at org.springframework.security.web.context.SecurityContextHolderFilter.doFilter(SecurityContextHolderFilter.java:69)
	at org.springframework.security.web.FilterChainProxy$VirtualFilterChain.doFilter(FilterChainProxy.java:374)
	at org.springframework.security.web.context.request.async.WebAsyncManagerIntegrationFilter.doFilterInternal(WebAsyncManagerIntegrationFilter.java:62)
	at org.springframework.web.filter.OncePerRequestFilter.doFilter(OncePerRequestFilter.java:116)
	at org.springframework.security.web.FilterChainProxy$VirtualFilterChain.doFilter(FilterChainProxy.java:374)
	at org.springframework.security.web.session.DisableEncodeUrlFilter.doFilterInternal(DisableEncodeUrlFilter.java:42)
	at org.springframework.web.filter.OncePerRequestFilter.doFilter(OncePerRequestFilter.java:116)
	at org.springframework.security.web.FilterChainProxy$VirtualFilterChain.doFilter(FilterChainProxy.java:374)
	at org.springframework.security.web.FilterChainProxy.doFilterInternal(FilterChainProxy.java:233)
	at org.springframework.security.web.FilterChainProxy.doFilter(FilterChainProxy.java:191)
	at org.springframework.web.filter.CompositeFilter$VirtualFilterChain.doFilter(CompositeFilter.java:113)
	at org.springframework.web.servlet.handler.HandlerMappingIntrospector.lambda$createCacheFilter$3(HandlerMappingIntrospector.java:243)
	at org.springframework.web.filter.CompositeFilter$VirtualFilterChain.doFilter(CompositeFilter.java:113)
	at org.springframework.web.filter.CompositeFilter.doFilter(CompositeFilter.java:74)
	at org.springframework.security.config.annotation.web.configuration.WebMvcSecurityConfiguration$CompositeFilterChainProxy.doFilter(WebMvcSecurityConfiguration.java:238)
	at org.springframework.web.filter.DelegatingFilterProxy.invokeDelegate(DelegatingFilterProxy.java:362)
	at org.springframework.web.filter.DelegatingFilterProxy.doFilter(DelegatingFilterProxy.java:278)
	at org.apache.catalina.core.ApplicationFilterChain.internalDoFilter(ApplicationFilterChain.java:164)
	at org.apache.catalina.core.ApplicationFilterChain.doFilter(ApplicationFilterChain.java:140)
	at org.springframework.web.filter.RequestContextFilter.doFilterInternal(RequestContextFilter.java:100)
	at org.springframework.web.filter.OncePerRequestFilter.doFilter(OncePerRequestFilter.java:116)
	at org.apache.catalina.core.ApplicationFilterChain.internalDoFilter(ApplicationFilterChain.java:164)
	at org.apache.catalina.core.ApplicationFilterChain.doFilter(ApplicationFilterChain.java:140)
	at org.springframework.web.filter.FormContentFilter.doFilterInternal(FormContentFilter.java:93)
	at org.springframework.web.filter.OncePerRequestFilter.doFilter(OncePerRequestFilter.java:116)
	at org.apache.catalina.core.ApplicationFilterChain.internalDoFilter(ApplicationFilterChain.java:164)
	at org.apache.catalina.core.ApplicationFilterChain.doFilter(ApplicationFilterChain.java:140)
	at org.springframework.web.filter.CharacterEncodingFilter.doFilterInternal(CharacterEncodingFilter.java:201)
	at org.springframework.web.filter.OncePerRequestFilter.doFilter(OncePerRequestFilter.java:116)
	at org.apache.catalina.core.ApplicationFilterChain.internalDoFilter(ApplicationFilterChain.java:164)
	at org.apache.catalina.core.ApplicationFilterChain.doFilter(ApplicationFilterChain.java:140)
	at org.apache.catalina.core.StandardWrapperValve.invoke(StandardWrapperValve.java:167)
	at org.apache.catalina.core.StandardContextValve.invoke(StandardContextValve.java:90)
	at org.apache.catalina.authenticator.AuthenticatorBase.invoke(AuthenticatorBase.java:483)
	at org.apache.catalina.core.StandardHostValve.invoke(StandardHostValve.java:115)
	at org.apache.catalina.valves.ErrorReportValve.invoke(ErrorReportValve.java:93)
	at org.apache.catalina.core.StandardEngineValve.invoke(StandardEngineValve.java:74)
	at org.apache.catalina.connector.CoyoteAdapter.service(CoyoteAdapter.java:344)
	at org.apache.coyote.http11.Http11Processor.service(Http11Processor.java:397)
	at org.apache.coyote.AbstractProcessorLight.process(AbstractProcessorLight.java:63)
	at org.apache.coyote.AbstractProtocol$ConnectionHandler.process(AbstractProtocol.java:905)
	at org.apache.tomcat.util.net.NioEndpoint$SocketProcessor.doRun(NioEndpoint.java:1743)
	at org.apache.tomcat.util.net.SocketProcessorBase.run(SocketProcessorBase.java:52)
	at org.apache.tomcat.util.threads.ThreadPoolExecutor.runWorker(ThreadPoolExecutor.java:1190)
	at org.apache.tomcat.util.threads.ThreadPoolExecutor$Worker.run(ThreadPoolExecutor.java:659)
	at org.apache.tomcat.util.threads.TaskThread$WrappingRunnable.run(TaskThread.java:63)
	at java.base/java.lang.Thread.run(Thread.java:842)
2025-07-03 12:57:18 WARN  com.zaxxer.hikari.pool.HikariPool - HikariPool-1 - Thread starvation or clock leap detected (housekeeper delta=1m14s582ms642µs).
2025-07-03 13:17:44 DEBUG o.s.web.servlet.DispatcherServlet - GET "/api/service-api/admin/count", parameters={}
2025-07-03 13:17:44 DEBUG o.s.w.s.m.m.a.RequestMappingHandlerMapping - Mapped to com.nt.LMS.controller.AdminController#getTotalUserCount()
2025-07-03 13:17:44 DEBUG o.s.web.servlet.DispatcherServlet - GET "/api/service-api/group/count", parameters={}
2025-07-03 13:17:44 INFO  c.nt.LMS.controller.AdminController - Fetching total user count
2025-07-03 13:17:44 DEBUG o.s.w.s.m.m.a.RequestMappingHandlerMapping - Mapped to com.nt.LMS.controller.GroupController#getGroupCount()
2025-07-03 13:17:44 INFO  c.nt.LMS.controller.GroupController - Received request to get total Group count.
2025-07-03 13:17:44 INFO  c.nt.LMS.controller.GroupController - Total Group count retrieved: 0
2025-07-03 13:17:44 DEBUG o.s.w.s.m.m.a.HttpEntityMethodProcessor - Using 'application/json', given [application/json, text/plain, */*] and supported [application/json, application/*+json]
2025-07-03 13:17:44 DEBUG o.s.w.s.m.m.a.HttpEntityMethodProcessor - Writing [MessageOutDto(message=0)]
2025-07-03 13:17:44 DEBUG o.s.web.servlet.DispatcherServlet - GET "/api/service-api/admin/users/recent", parameters={}
2025-07-03 13:17:44 INFO  c.nt.LMS.controller.AdminController - Total user count retrieved: 10
2025-07-03 13:17:44 DEBUG o.s.w.s.m.m.a.RequestMappingHandlerMapping - Mapped to com.nt.LMS.controller.AdminController#getRecentUsers()
2025-07-03 13:17:44 DEBUG o.s.w.s.m.m.a.HttpEntityMethodProcessor - Using 'application/json', given [application/json, text/plain, */*] and supported [application/json, application/*+json]
2025-07-03 13:17:44 DEBUG o.s.w.s.m.m.a.HttpEntityMethodProcessor - Writing [StandardResponseOutDTO{status='SUCCESS', message='Fetched User Count', data=10}]
2025-07-03 13:17:44 DEBUG o.s.web.servlet.DispatcherServlet - Completed 200 OK
2025-07-03 13:17:44 DEBUG o.s.web.servlet.DispatcherServlet - Completed 200 OK
2025-07-03 13:17:44 DEBUG o.s.web.servlet.DispatcherServlet - GET "/api/service-api/enrollment/statistics", parameters={}
2025-07-03 13:17:44 DEBUG o.s.w.s.m.m.a.RequestMappingHandlerMapping - Mapped to com.nt.LMS.controller.EnrollmentController#getEnrollmentStatistics()
2025-07-03 13:17:44 DEBUG o.s.w.s.m.m.a.HttpEntityMethodProcessor - Using 'application/json', given [application/json, text/plain, */*] and supported [application/json, application/*+json]
2025-07-03 13:17:44 DEBUG o.s.w.s.m.m.a.HttpEntityMethodProcessor - Writing [StandardResponseOutDTO{status='SUCCESS', message='Fetched Enrollment Statistics', data=EnrollmentDas (truncated)...]
2025-07-03 13:17:44 DEBUG o.s.web.servlet.DispatcherServlet - Completed 200 OK
2025-07-03 13:17:44 DEBUG o.s.w.s.m.m.a.HttpEntityMethodProcessor - Using 'application/json', given [application/json, text/plain, */*] and supported [application/json, application/*+json]
2025-07-03 13:17:44 DEBUG o.s.w.s.m.m.a.HttpEntityMethodProcessor - Writing [StandardResponseOutDTO{status='SUCCESS', message='Fetched Recent Users', data=[UsersDetailsViewDTO(f (truncated)...]
2025-07-03 13:17:44 DEBUG o.s.web.servlet.DispatcherServlet - Completed 200 OK
2025-07-03 13:17:44 DEBUG o.s.web.servlet.DispatcherServlet - GET "/api/service-api/group/recent", parameters={}
2025-07-03 13:17:44 DEBUG o.s.w.s.m.m.a.RequestMappingHandlerMapping - Mapped to com.nt.LMS.controller.GroupController#getRecentGroups()
2025-07-03 13:17:44 DEBUG o.s.w.s.m.m.a.HttpEntityMethodProcessor - Using 'application/json', given [application/json, text/plain, */*] and supported [application/json, application/*+json]
2025-07-03 13:17:44 DEBUG o.s.w.s.m.m.a.HttpEntityMethodProcessor - Writing [StandardResponseOutDTO{status='SUCCESS', message='Group summary fetched successfully', data=[]}]
2025-07-03 13:17:44 DEBUG o.s.web.servlet.DispatcherServlet - Completed 200 OK
2025-07-03 13:17:46 DEBUG o.s.web.servlet.DispatcherServlet - GET "/api/service-api/admin/active-employees", parameters={}
2025-07-03 13:17:46 DEBUG o.s.w.s.m.m.a.RequestMappingHandlerMapping - Mapped to com.nt.LMS.controller.AdminController#getAllEmployees()
2025-07-03 13:17:46 INFO  c.nt.LMS.controller.AdminController - Fetching all employees
2025-07-03 13:17:46 INFO  c.n.L.s.serviceImpl.AdminServiceImpl - Fetching all users
2025-07-03 13:17:46 DEBUG o.s.web.servlet.DispatcherServlet - GET "/api/service-api/enrollment/statistics", parameters={}
2025-07-03 13:17:46 DEBUG o.s.web.servlet.DispatcherServlet - GET "/api/service-api/enrollment/user-enrollments", parameters={}
2025-07-03 13:17:46 DEBUG o.s.w.s.m.m.a.RequestMappingHandlerMapping - Mapped to com.nt.LMS.controller.EnrollmentController#getEnrollmentStatistics()
2025-07-03 13:17:46 DEBUG o.s.w.s.m.m.a.RequestMappingHandlerMapping - Mapped to com.nt.LMS.controller.EnrollmentController#getUserEnrollments()
2025-07-03 13:17:46 DEBUG o.s.w.s.m.m.a.HttpEntityMethodProcessor - Using 'application/json', given [application/json, text/plain, */*] and supported [application/json, application/*+json]
2025-07-03 13:17:46 DEBUG o.s.w.s.m.m.a.HttpEntityMethodProcessor - Writing [StandardResponseOutDTO{status='SUCCESS', message='User Enrollment Fetched', data=[]}]
2025-07-03 13:17:46 DEBUG o.s.w.s.m.m.a.HttpEntityMethodProcessor - Using 'application/json', given [application/json, text/plain, */*] and supported [application/json, application/*+json]
2025-07-03 13:17:46 DEBUG o.s.w.s.m.m.a.HttpEntityMethodProcessor - Writing [StandardResponseOutDTO{status='SUCCESS', message='Fetched Enrollment Statistics', data=EnrollmentDas (truncated)...]
2025-07-03 13:17:46 DEBUG o.s.web.servlet.DispatcherServlet - Completed 200 OK
2025-07-03 13:17:46 DEBUG o.s.web.servlet.DispatcherServlet - Completed 200 OK
2025-07-03 13:17:46 INFO  c.n.L.s.serviceImpl.AdminServiceImpl - Successfully fetched 10 users
2025-07-03 13:17:46 INFO  c.nt.LMS.controller.AdminController - Fetched 10 employees
2025-07-03 13:17:46 DEBUG o.s.w.s.m.m.a.HttpEntityMethodProcessor - Using 'application/json', given [application/json, text/plain, */*] and supported [application/json, application/*+json]
2025-07-03 13:17:46 DEBUG o.s.w.s.m.m.a.HttpEntityMethodProcessor - Writing [StandardResponseOutDTO{status='SUCCESS', message='User fetched Successfully', data=[UserOutDTO(userI (truncated)...]
2025-07-03 13:17:46 DEBUG o.s.web.servlet.DispatcherServlet - Completed 200 OK
2025-07-03 13:17:46 DEBUG o.s.web.servlet.DispatcherServlet - GET "/api/service-api/enrollment/user-enrollments", parameters={}
2025-07-03 13:17:46 DEBUG o.s.w.s.m.m.a.RequestMappingHandlerMapping - Mapped to com.nt.LMS.controller.EnrollmentController#getUserEnrollments()
2025-07-03 13:17:46 DEBUG o.s.w.s.m.m.a.HttpEntityMethodProcessor - Using 'application/json', given [application/json, text/plain, */*] and supported [application/json, application/*+json]
2025-07-03 13:17:46 DEBUG o.s.w.s.m.m.a.HttpEntityMethodProcessor - Writing [StandardResponseOutDTO{status='SUCCESS', message='User Enrollment Fetched', data=[]}]
2025-07-03 13:17:46 DEBUG o.s.web.servlet.DispatcherServlet - Completed 200 OK
2025-07-03 13:17:49 DEBUG o.s.web.servlet.DispatcherServlet - GET "/api/service-api/group/Allgroups", parameters={}
2025-07-03 13:17:49 DEBUG o.s.web.servlet.DispatcherServlet - GET "/api/service-api/admin/active-employees", parameters={}
2025-07-03 13:17:49 DEBUG o.s.w.s.m.m.a.RequestMappingHandlerMapping - Mapped to com.nt.LMS.controller.GroupController#getAllGroups()
2025-07-03 13:17:49 DEBUG o.s.w.s.m.m.a.RequestMappingHandlerMapping - Mapped to com.nt.LMS.controller.AdminController#getAllEmployees()
2025-07-03 13:17:49 INFO  c.nt.LMS.controller.AdminController - Fetching all employees
2025-07-03 13:17:49 INFO  c.nt.LMS.controller.GroupController - Fetching groups 
2025-07-03 13:17:49 INFO  c.n.L.s.serviceImpl.AdminServiceImpl - Fetching all users
2025-07-03 13:17:49 WARN  c.nt.LMS.controller.GroupController - No groups found 
2025-07-03 13:17:49 DEBUG o.s.w.s.m.m.a.HttpEntityMethodProcessor - Using 'application/json', given [application/json, text/plain, */*] and supported [application/json, application/*+json]
2025-07-03 13:17:49 DEBUG o.s.w.s.m.m.a.HttpEntityMethodProcessor - Writing [StandardResponseOutDTO{status='SUCCESS', message='All Groups fetched successfully', data=[]}]
2025-07-03 13:17:49 DEBUG o.s.web.servlet.DispatcherServlet - Completed 204 NO_CONTENT
2025-07-03 13:17:49 INFO  c.n.L.s.serviceImpl.AdminServiceImpl - Successfully fetched 10 users
2025-07-03 13:17:49 INFO  c.nt.LMS.controller.AdminController - Fetched 10 employees
2025-07-03 13:17:49 DEBUG o.s.w.s.m.m.a.HttpEntityMethodProcessor - Using 'application/json', given [application/json, text/plain, */*] and supported [application/json, application/*+json]
2025-07-03 13:17:49 DEBUG o.s.w.s.m.m.a.HttpEntityMethodProcessor - Writing [StandardResponseOutDTO{status='SUCCESS', message='User fetched Successfully', data=[UserOutDTO(userI (truncated)...]
2025-07-03 13:17:49 DEBUG o.s.web.servlet.DispatcherServlet - Completed 200 OK
2025-07-03 13:31:09 DEBUG o.s.web.servlet.DispatcherServlet - GET "/api/service-api/group/count", parameters={}
2025-07-03 13:31:09 DEBUG o.s.w.s.m.m.a.RequestMappingHandlerMapping - Mapped to com.nt.LMS.controller.GroupController#getGroupCount()
2025-07-03 13:31:09 INFO  c.nt.LMS.controller.GroupController - Received request to get total Group count.
2025-07-03 13:31:09 DEBUG o.s.web.servlet.DispatcherServlet - GET "/api/service-api/admin/count", parameters={}
2025-07-03 13:31:09 DEBUG o.s.w.s.m.m.a.RequestMappingHandlerMapping - Mapped to com.nt.LMS.controller.AdminController#getTotalUserCount()
2025-07-03 13:31:09 INFO  c.nt.LMS.controller.GroupController - Total Group count retrieved: 0
2025-07-03 13:31:09 DEBUG o.s.w.s.m.m.a.HttpEntityMethodProcessor - Using 'application/json', given [application/json, text/plain, */*] and supported [application/json, application/*+json]
2025-07-03 13:31:09 DEBUG o.s.w.s.m.m.a.HttpEntityMethodProcessor - Writing [MessageOutDto(message=0)]
2025-07-03 13:31:09 INFO  c.nt.LMS.controller.AdminController - Fetching total user count
2025-07-03 13:31:09 DEBUG o.s.web.servlet.DispatcherServlet - GET "/api/service-api/enrollment/statistics", parameters={}
2025-07-03 13:31:09 DEBUG o.s.w.s.m.m.a.RequestMappingHandlerMapping - Mapped to com.nt.LMS.controller.EnrollmentController#getEnrollmentStatistics()
2025-07-03 13:31:09 DEBUG o.s.web.servlet.DispatcherServlet - Completed 200 OK
2025-07-03 13:31:09 DEBUG o.s.web.servlet.DispatcherServlet - GET "/api/service-api/admin/users/recent", parameters={}
2025-07-03 13:31:09 DEBUG o.s.w.s.m.m.a.RequestMappingHandlerMapping - Mapped to com.nt.LMS.controller.AdminController#getRecentUsers()
2025-07-03 13:31:09 DEBUG o.s.w.s.m.m.a.HttpEntityMethodProcessor - Using 'application/json', given [application/json, text/plain, */*] and supported [application/json, application/*+json]
2025-07-03 13:31:09 DEBUG o.s.w.s.m.m.a.HttpEntityMethodProcessor - Writing [StandardResponseOutDTO{status='SUCCESS', message='Fetched Enrollment Statistics', data=EnrollmentDas (truncated)...]
2025-07-03 13:31:09 INFO  c.nt.LMS.controller.AdminController - Total user count retrieved: 10
2025-07-03 13:31:09 DEBUG o.s.web.servlet.DispatcherServlet - Completed 200 OK
2025-07-03 13:31:09 DEBUG o.s.w.s.m.m.a.HttpEntityMethodProcessor - Using 'application/json', given [application/json, text/plain, */*] and supported [application/json, application/*+json]
2025-07-03 13:31:09 DEBUG o.s.w.s.m.m.a.HttpEntityMethodProcessor - Writing [StandardResponseOutDTO{status='SUCCESS', message='Fetched User Count', data=10}]
2025-07-03 13:31:09 DEBUG o.s.web.servlet.DispatcherServlet - Completed 200 OK
2025-07-03 13:31:09 DEBUG o.s.w.s.m.m.a.HttpEntityMethodProcessor - Using 'application/json', given [application/json, text/plain, */*] and supported [application/json, application/*+json]
2025-07-03 13:31:09 DEBUG o.s.w.s.m.m.a.HttpEntityMethodProcessor - Writing [StandardResponseOutDTO{status='SUCCESS', message='Fetched Recent Users', data=[UsersDetailsViewDTO(f (truncated)...]
2025-07-03 13:31:09 DEBUG o.s.web.servlet.DispatcherServlet - Completed 200 OK
2025-07-03 13:31:09 DEBUG o.s.web.servlet.DispatcherServlet - GET "/api/service-api/group/recent", parameters={}
2025-07-03 13:31:09 DEBUG o.s.w.s.m.m.a.RequestMappingHandlerMapping - Mapped to com.nt.LMS.controller.GroupController#getRecentGroups()
2025-07-03 13:31:09 DEBUG o.s.w.s.m.m.a.HttpEntityMethodProcessor - Using 'application/json', given [application/json, text/plain, */*] and supported [application/json, application/*+json]
2025-07-03 13:31:09 DEBUG o.s.w.s.m.m.a.HttpEntityMethodProcessor - Writing [StandardResponseOutDTO{status='SUCCESS', message='Group summary fetched successfully', data=[]}]
2025-07-03 13:31:09 DEBUG o.s.web.servlet.DispatcherServlet - Completed 200 OK
2025-07-03 14:28:44 WARN  com.zaxxer.hikari.pool.HikariPool - HikariPool-1 - Thread starvation or clock leap detected (housekeeper delta=52m55s743ms406µs300ns).
2025-07-03 14:29:53 DEBUG o.s.web.servlet.DispatcherServlet - GET "/api/service-api/admin/count", parameters={}
2025-07-03 14:29:53 DEBUG o.s.w.s.m.m.a.RequestMappingHandlerMapping - Mapped to com.nt.LMS.controller.AdminController#getTotalUserCount()
2025-07-03 14:29:53 INFO  c.nt.LMS.controller.AdminController - Fetching total user count
2025-07-03 14:29:54 INFO  c.nt.LMS.controller.AdminController - Total user count retrieved: 10
2025-07-03 14:29:54 DEBUG o.s.w.s.m.m.a.HttpEntityMethodProcessor - Using 'application/json', given [application/json, text/plain, */*] and supported [application/json, application/*+json]
2025-07-03 14:29:54 DEBUG o.s.w.s.m.m.a.HttpEntityMethodProcessor - Writing [StandardResponseOutDTO{status='SUCCESS', message='Fetched User Count', data=10}]
2025-07-03 14:29:54 DEBUG o.s.web.servlet.DispatcherServlet - Completed 200 OK
2025-07-03 14:29:54 DEBUG o.s.web.servlet.DispatcherServlet - GET "/api/service-api/enrollment/statistics", parameters={}
2025-07-03 14:29:54 DEBUG o.s.w.s.m.m.a.RequestMappingHandlerMapping - Mapped to com.nt.LMS.controller.EnrollmentController#getEnrollmentStatistics()
2025-07-03 14:29:54 DEBUG o.s.web.servlet.DispatcherServlet - GET "/api/service-api/group/count", parameters={}
2025-07-03 14:29:54 DEBUG o.s.w.s.m.m.a.RequestMappingHandlerMapping - Mapped to com.nt.LMS.controller.GroupController#getGroupCount()
2025-07-03 14:29:54 INFO  c.nt.LMS.controller.GroupController - Received request to get total Group count.
2025-07-03 14:29:54 DEBUG o.s.web.servlet.DispatcherServlet - GET "/api/service-api/admin/users/recent", parameters={}
2025-07-03 14:29:54 DEBUG o.s.w.s.m.m.a.RequestMappingHandlerMapping - Mapped to com.nt.LMS.controller.AdminController#getRecentUsers()
2025-07-03 14:29:54 INFO  c.nt.LMS.controller.GroupController - Total Group count retrieved: 0
2025-07-03 14:29:54 DEBUG o.s.w.s.m.m.a.HttpEntityMethodProcessor - Using 'application/json', given [application/json, text/plain, */*] and supported [application/json, application/*+json]
2025-07-03 14:29:54 DEBUG o.s.w.s.m.m.a.HttpEntityMethodProcessor - Writing [MessageOutDto(message=0)]
2025-07-03 14:29:54 DEBUG o.s.web.servlet.DispatcherServlet - Completed 200 OK
2025-07-03 14:29:54 DEBUG o.s.w.s.m.m.a.HttpEntityMethodProcessor - Using 'application/json', given [application/json, text/plain, */*] and supported [application/json, application/*+json]
2025-07-03 14:29:54 DEBUG o.s.w.s.m.m.a.HttpEntityMethodProcessor - Writing [StandardResponseOutDTO{status='SUCCESS', message='Fetched Enrollment Statistics', data=EnrollmentDas (truncated)...]
2025-07-03 14:29:54 DEBUG o.s.web.servlet.DispatcherServlet - Completed 200 OK
2025-07-03 14:29:54 DEBUG o.s.w.s.m.m.a.HttpEntityMethodProcessor - Using 'application/json', given [application/json, text/plain, */*] and supported [application/json, application/*+json]
2025-07-03 14:29:54 DEBUG o.s.w.s.m.m.a.HttpEntityMethodProcessor - Writing [StandardResponseOutDTO{status='SUCCESS', message='Fetched Recent Users', data=[UsersDetailsViewDTO(f (truncated)...]
2025-07-03 14:29:54 DEBUG o.s.web.servlet.DispatcherServlet - Completed 200 OK
2025-07-03 14:29:54 DEBUG o.s.web.servlet.DispatcherServlet - GET "/api/service-api/group/recent", parameters={}
2025-07-03 14:29:54 DEBUG o.s.w.s.m.m.a.RequestMappingHandlerMapping - Mapped to com.nt.LMS.controller.GroupController#getRecentGroups()
2025-07-03 14:29:54 DEBUG o.s.w.s.m.m.a.HttpEntityMethodProcessor - Using 'application/json', given [application/json, text/plain, */*] and supported [application/json, application/*+json]
2025-07-03 14:29:54 DEBUG o.s.w.s.m.m.a.HttpEntityMethodProcessor - Writing [StandardResponseOutDTO{status='SUCCESS', message='Group summary fetched successfully', data=[]}]
2025-07-03 14:29:54 DEBUG o.s.web.servlet.DispatcherServlet - Completed 200 OK
2025-07-03 14:30:13 DEBUG o.s.web.servlet.DispatcherServlet - GET "/api/service-api/admin/active-employees", parameters={}
2025-07-03 14:30:13 DEBUG o.s.web.servlet.DispatcherServlet - GET "/api/service-api/enrollment/user-enrollments", parameters={}
2025-07-03 14:30:13 DEBUG o.s.w.s.m.m.a.RequestMappingHandlerMapping - Mapped to com.nt.LMS.controller.EnrollmentController#getUserEnrollments()
2025-07-03 14:30:13 DEBUG o.s.web.servlet.DispatcherServlet - GET "/api/service-api/enrollment/statistics", parameters={}
2025-07-03 14:30:13 DEBUG o.s.w.s.m.m.a.RequestMappingHandlerMapping - Mapped to com.nt.LMS.controller.AdminController#getAllEmployees()
2025-07-03 14:30:13 DEBUG o.s.w.s.m.m.a.RequestMappingHandlerMapping - Mapped to com.nt.LMS.controller.EnrollmentController#getEnrollmentStatistics()
2025-07-03 14:30:13 INFO  c.nt.LMS.controller.AdminController - Fetching all employees
2025-07-03 14:30:13 INFO  c.n.L.s.serviceImpl.AdminServiceImpl - Fetching all users
2025-07-03 14:30:13 DEBUG o.s.w.s.m.m.a.HttpEntityMethodProcessor - Using 'application/json', given [application/json, text/plain, */*] and supported [application/json, application/*+json]
2025-07-03 14:30:13 DEBUG o.s.w.s.m.m.a.HttpEntityMethodProcessor - Writing [StandardResponseOutDTO{status='SUCCESS', message='User Enrollment Fetched', data=[]}]
2025-07-03 14:30:13 DEBUG o.s.w.s.m.m.a.HttpEntityMethodProcessor - Using 'application/json', given [application/json, text/plain, */*] and supported [application/json, application/*+json]
2025-07-03 14:30:13 DEBUG o.s.web.servlet.DispatcherServlet - Completed 200 OK
2025-07-03 14:30:13 DEBUG o.s.w.s.m.m.a.HttpEntityMethodProcessor - Writing [StandardResponseOutDTO{status='SUCCESS', message='Fetched Enrollment Statistics', data=EnrollmentDas (truncated)...]
2025-07-03 14:30:13 DEBUG o.s.web.servlet.DispatcherServlet - Completed 200 OK
2025-07-03 14:30:13 INFO  c.n.L.s.serviceImpl.AdminServiceImpl - Successfully fetched 10 users
2025-07-03 14:30:13 INFO  c.nt.LMS.controller.AdminController - Fetched 10 employees
2025-07-03 14:30:13 DEBUG o.s.w.s.m.m.a.HttpEntityMethodProcessor - Using 'application/json', given [application/json, text/plain, */*] and supported [application/json, application/*+json]
2025-07-03 14:30:13 DEBUG o.s.w.s.m.m.a.HttpEntityMethodProcessor - Writing [StandardResponseOutDTO{status='SUCCESS', message='User fetched Successfully', data=[UserOutDTO(userI (truncated)...]
2025-07-03 14:30:13 DEBUG o.s.web.servlet.DispatcherServlet - Completed 200 OK
2025-07-03 14:30:14 DEBUG o.s.web.servlet.DispatcherServlet - GET "/api/service-api/enrollment/user-enrollments", parameters={}
2025-07-03 14:30:14 DEBUG o.s.w.s.m.m.a.RequestMappingHandlerMapping - Mapped to com.nt.LMS.controller.EnrollmentController#getUserEnrollments()
2025-07-03 14:30:14 DEBUG o.s.w.s.m.m.a.HttpEntityMethodProcessor - Using 'application/json', given [application/json, text/plain, */*] and supported [application/json, application/*+json]
2025-07-03 14:30:14 DEBUG o.s.w.s.m.m.a.HttpEntityMethodProcessor - Writing [StandardResponseOutDTO{status='SUCCESS', message='User Enrollment Fetched', data=[]}]
2025-07-03 14:30:14 DEBUG o.s.web.servlet.DispatcherServlet - Completed 200 OK
2025-07-03 14:30:19 DEBUG o.s.web.servlet.DispatcherServlet - GET "/api/service-api/admin/active-employees", parameters={}
2025-07-03 14:30:19 DEBUG o.s.web.servlet.DispatcherServlet - GET "/api/service-api/group/Allgroups", parameters={}
2025-07-03 14:30:19 DEBUG o.s.w.s.m.m.a.RequestMappingHandlerMapping - Mapped to com.nt.LMS.controller.AdminController#getAllEmployees()
2025-07-03 14:30:19 DEBUG o.s.w.s.m.m.a.RequestMappingHandlerMapping - Mapped to com.nt.LMS.controller.GroupController#getAllGroups()
2025-07-03 14:30:19 INFO  c.nt.LMS.controller.AdminController - Fetching all employees
2025-07-03 14:30:19 INFO  c.n.L.s.serviceImpl.AdminServiceImpl - Fetching all users
2025-07-03 14:30:19 INFO  c.nt.LMS.controller.GroupController - Fetching groups 
2025-07-03 14:30:19 WARN  c.nt.LMS.controller.GroupController - No groups found 
2025-07-03 14:30:19 DEBUG o.s.w.s.m.m.a.HttpEntityMethodProcessor - Using 'application/json', given [application/json, text/plain, */*] and supported [application/json, application/*+json]
2025-07-03 14:30:19 DEBUG o.s.w.s.m.m.a.HttpEntityMethodProcessor - Writing [StandardResponseOutDTO{status='SUCCESS', message='All Groups fetched successfully', data=[]}]
2025-07-03 14:30:19 DEBUG o.s.web.servlet.DispatcherServlet - Completed 204 NO_CONTENT
2025-07-03 14:30:19 INFO  c.n.L.s.serviceImpl.AdminServiceImpl - Successfully fetched 10 users
2025-07-03 14:30:19 INFO  c.nt.LMS.controller.AdminController - Fetched 10 employees
2025-07-03 14:30:19 DEBUG o.s.w.s.m.m.a.HttpEntityMethodProcessor - Using 'application/json', given [application/json, text/plain, */*] and supported [application/json, application/*+json]
2025-07-03 14:30:19 DEBUG o.s.w.s.m.m.a.HttpEntityMethodProcessor - Writing [StandardResponseOutDTO{status='SUCCESS', message='User fetched Successfully', data=[UserOutDTO(userI (truncated)...]
2025-07-03 14:30:19 DEBUG o.s.web.servlet.DispatcherServlet - Completed 200 OK
2025-07-03 14:30:46 DEBUG o.s.web.servlet.DispatcherServlet - POST "/api/service-api/enrollment/enroll", parameters={}
2025-07-03 14:30:46 DEBUG o.s.w.s.m.m.a.RequestMappingHandlerMapping - Mapped to com.nt.LMS.controller.EnrollmentController#enroll(EnrollmentRequestInDTO)
2025-07-03 14:30:46 DEBUG o.s.w.s.m.m.a.RequestResponseBodyMethodProcessor - Read "application/json;charset=UTF-8" to [com.nt.LMS.dto.inDTO.EnrollmentRequestInDTO@4a205e32]
2025-07-03 14:30:46 DEBUG o.s.web.servlet.DispatcherServlet - Failed to complete request: feign.FeignException$Unauthorized: [401] during [POST] to [http://localhost:8080/api/course/existing-ids] [CourseMicroserviceClient#getExistingCourseIds(List)]: []
2025-07-03 14:30:46 ERROR o.a.c.c.C.[.[.[.[dispatcherServlet] - Servlet.service() for servlet [dispatcherServlet] in context with path [] threw exception [Request processing failed: feign.FeignException$Unauthorized: [401] during [POST] to [http://localhost:8080/api/course/existing-ids] [CourseMicroserviceClient#getExistingCourseIds(List)]: []] with root cause
feign.FeignException$Unauthorized: [401] during [POST] to [http://localhost:8080/api/course/existing-ids] [CourseMicroserviceClient#getExistingCourseIds(List)]: []
	at feign.FeignException.clientErrorStatus(FeignException.java:245)
	at feign.FeignException.errorStatus(FeignException.java:223)
	at feign.FeignException.errorStatus(FeignException.java:213)
	at feign.codec.ErrorDecoder$Default.decode(ErrorDecoder.java:103)
	at feign.InvocationContext.decodeError(InvocationContext.java:133)
	at feign.InvocationContext.proceed(InvocationContext.java:80)
	at feign.ResponseHandler.handleResponse(ResponseHandler.java:69)
	at feign.SynchronousMethodHandler.executeAndDecode(SynchronousMethodHandler.java:109)
	at feign.SynchronousMethodHandler.invoke(SynchronousMethodHandler.java:53)
	at feign.ReflectiveFeign$FeignInvocationHandler.invoke(ReflectiveFeign.java:104)
	at jdk.proxy2/jdk.proxy2.$Proxy148.getExistingCourseIds(Unknown Source)
	at com.nt.LMS.service.serviceImpl.EnrollmentServiceImpl.validateEnrollmentRequest(EnrollmentServiceImpl.java:1337)
	at com.nt.LMS.service.serviceImpl.EnrollmentServiceImpl.enroll(EnrollmentServiceImpl.java:52)
	at java.base/jdk.internal.reflect.NativeMethodAccessorImpl.invoke0(Native Method)
	at java.base/jdk.internal.reflect.NativeMethodAccessorImpl.invoke(NativeMethodAccessorImpl.java:77)
	at java.base/jdk.internal.reflect.DelegatingMethodAccessorImpl.invoke(DelegatingMethodAccessorImpl.java:43)
	at java.base/java.lang.reflect.Method.invoke(Method.java:568)
	at org.springframework.aop.support.AopUtils.invokeJoinpointUsingReflection(AopUtils.java:359)
	at org.springframework.aop.framework.ReflectiveMethodInvocation.invokeJoinpoint(ReflectiveMethodInvocation.java:196)
	at org.springframework.aop.framework.ReflectiveMethodInvocation.proceed(ReflectiveMethodInvocation.java:163)
	at org.springframework.transaction.interceptor.TransactionAspectSupport.invokeWithinTransaction(TransactionAspectSupport.java:380)
	at org.springframework.transaction.interceptor.TransactionInterceptor.invoke(TransactionInterceptor.java:119)
	at org.springframework.aop.framework.ReflectiveMethodInvocation.proceed(ReflectiveMethodInvocation.java:184)
	at org.springframework.aop.framework.CglibAopProxy$DynamicAdvisedInterceptor.intercept(CglibAopProxy.java:727)
	at com.nt.LMS.service.serviceImpl.EnrollmentServiceImpl$$SpringCGLIB$$0.enroll(<generated>)
	at com.nt.LMS.controller.EnrollmentController.enroll(EnrollmentController.java:30)
	at java.base/jdk.internal.reflect.NativeMethodAccessorImpl.invoke0(Native Method)
	at java.base/jdk.internal.reflect.NativeMethodAccessorImpl.invoke(NativeMethodAccessorImpl.java:77)
	at java.base/jdk.internal.reflect.DelegatingMethodAccessorImpl.invoke(DelegatingMethodAccessorImpl.java:43)
	at java.base/java.lang.reflect.Method.invoke(Method.java:568)
	at org.springframework.web.method.support.InvocableHandlerMethod.doInvoke(InvocableHandlerMethod.java:258)
	at org.springframework.web.method.support.InvocableHandlerMethod.invokeForRequest(InvocableHandlerMethod.java:191)
	at org.springframework.web.servlet.mvc.method.annotation.ServletInvocableHandlerMethod.invokeAndHandle(ServletInvocableHandlerMethod.java:118)
	at org.springframework.web.servlet.mvc.method.annotation.RequestMappingHandlerAdapter.invokeHandlerMethod(RequestMappingHandlerAdapter.java:986)
	at org.springframework.web.servlet.mvc.method.annotation.RequestMappingHandlerAdapter.handleInternal(RequestMappingHandlerAdapter.java:891)
	at org.springframework.web.servlet.mvc.method.AbstractHandlerMethodAdapter.handle(AbstractHandlerMethodAdapter.java:87)
	at org.springframework.web.servlet.DispatcherServlet.doDispatch(DispatcherServlet.java:1089)
	at org.springframework.web.servlet.DispatcherServlet.doService(DispatcherServlet.java:979)
	at org.springframework.web.servlet.FrameworkServlet.processRequest(FrameworkServlet.java:1014)
	at org.springframework.web.servlet.FrameworkServlet.doPost(FrameworkServlet.java:914)
	at jakarta.servlet.http.HttpServlet.service(HttpServlet.java:590)
	at org.springframework.web.servlet.FrameworkServlet.service(FrameworkServlet.java:885)
	at jakarta.servlet.http.HttpServlet.service(HttpServlet.java:658)
	at org.apache.catalina.core.ApplicationFilterChain.internalDoFilter(ApplicationFilterChain.java:195)
	at org.apache.catalina.core.ApplicationFilterChain.doFilter(ApplicationFilterChain.java:140)
	at org.apache.tomcat.websocket.server.WsFilter.doFilter(WsFilter.java:51)
	at org.apache.catalina.core.ApplicationFilterChain.internalDoFilter(ApplicationFilterChain.java:164)
	at org.apache.catalina.core.ApplicationFilterChain.doFilter(ApplicationFilterChain.java:140)
	at org.springframework.web.filter.OncePerRequestFilter.doFilter(OncePerRequestFilter.java:110)
	at org.apache.catalina.core.ApplicationFilterChain.internalDoFilter(ApplicationFilterChain.java:164)
	at org.apache.catalina.core.ApplicationFilterChain.doFilter(ApplicationFilterChain.java:140)
	at org.springframework.web.filter.CompositeFilter$VirtualFilterChain.doFilter(CompositeFilter.java:108)
	at org.springframework.security.web.FilterChainProxy.lambda$doFilterInternal$3(FilterChainProxy.java:231)
	at org.springframework.security.web.FilterChainProxy$VirtualFilterChain.doFilter(FilterChainProxy.java:365)
	at org.springframework.security.web.access.intercept.AuthorizationFilter.doFilter(AuthorizationFilter.java:101)
	at org.springframework.security.web.FilterChainProxy$VirtualFilterChain.doFilter(FilterChainProxy.java:374)
	at org.springframework.security.web.access.ExceptionTranslationFilter.doFilter(ExceptionTranslationFilter.java:126)
	at org.springframework.security.web.access.ExceptionTranslationFilter.doFilter(ExceptionTranslationFilter.java:120)
	at org.springframework.security.web.FilterChainProxy$VirtualFilterChain.doFilter(FilterChainProxy.java:374)
	at org.springframework.security.web.session.SessionManagementFilter.doFilter(SessionManagementFilter.java:131)
	at org.springframework.security.web.session.SessionManagementFilter.doFilter(SessionManagementFilter.java:85)
	at org.springframework.security.web.FilterChainProxy$VirtualFilterChain.doFilter(FilterChainProxy.java:374)
	at org.springframework.security.web.authentication.AnonymousAuthenticationFilter.doFilter(AnonymousAuthenticationFilter.java:100)
	at org.springframework.security.web.FilterChainProxy$VirtualFilterChain.doFilter(FilterChainProxy.java:374)
	at org.springframework.security.web.servletapi.SecurityContextHolderAwareRequestFilter.doFilter(SecurityContextHolderAwareRequestFilter.java:179)
	at org.springframework.security.web.FilterChainProxy$VirtualFilterChain.doFilter(FilterChainProxy.java:374)
	at org.springframework.security.web.savedrequest.RequestCacheAwareFilter.doFilter(RequestCacheAwareFilter.java:63)
	at org.springframework.security.web.FilterChainProxy$VirtualFilterChain.doFilter(FilterChainProxy.java:374)
	at com.nt.LMS.config.ServiceAuthenticationFilter.doFilterInternal(ServiceAuthenticationFilter.java:102)
	at org.springframework.web.filter.OncePerRequestFilter.doFilter(OncePerRequestFilter.java:116)
	at org.springframework.security.web.FilterChainProxy$VirtualFilterChain.doFilter(FilterChainProxy.java:374)
	at org.springframework.security.web.authentication.logout.LogoutFilter.doFilter(LogoutFilter.java:107)
	at org.springframework.security.web.authentication.logout.LogoutFilter.doFilter(LogoutFilter.java:93)
	at org.springframework.security.web.FilterChainProxy$VirtualFilterChain.doFilter(FilterChainProxy.java:374)
	at org.springframework.security.web.header.HeaderWriterFilter.doHeadersAfter(HeaderWriterFilter.java:90)
	at org.springframework.security.web.header.HeaderWriterFilter.doFilterInternal(HeaderWriterFilter.java:75)
	at org.springframework.web.filter.OncePerRequestFilter.doFilter(OncePerRequestFilter.java:116)
	at org.springframework.security.web.FilterChainProxy$VirtualFilterChain.doFilter(FilterChainProxy.java:374)
	at org.springframework.security.web.context.SecurityContextHolderFilter.doFilter(SecurityContextHolderFilter.java:82)
	at org.springframework.security.web.context.SecurityContextHolderFilter.doFilter(SecurityContextHolderFilter.java:69)
	at org.springframework.security.web.FilterChainProxy$VirtualFilterChain.doFilter(FilterChainProxy.java:374)
	at org.springframework.security.web.context.request.async.WebAsyncManagerIntegrationFilter.doFilterInternal(WebAsyncManagerIntegrationFilter.java:62)
	at org.springframework.web.filter.OncePerRequestFilter.doFilter(OncePerRequestFilter.java:116)
	at org.springframework.security.web.FilterChainProxy$VirtualFilterChain.doFilter(FilterChainProxy.java:374)
	at org.springframework.security.web.session.DisableEncodeUrlFilter.doFilterInternal(DisableEncodeUrlFilter.java:42)
	at org.springframework.web.filter.OncePerRequestFilter.doFilter(OncePerRequestFilter.java:116)
	at org.springframework.security.web.FilterChainProxy$VirtualFilterChain.doFilter(FilterChainProxy.java:374)
	at org.springframework.security.web.FilterChainProxy.doFilterInternal(FilterChainProxy.java:233)
	at org.springframework.security.web.FilterChainProxy.doFilter(FilterChainProxy.java:191)
	at org.springframework.web.filter.CompositeFilter$VirtualFilterChain.doFilter(CompositeFilter.java:113)
	at org.springframework.web.servlet.handler.HandlerMappingIntrospector.lambda$createCacheFilter$3(HandlerMappingIntrospector.java:243)
	at org.springframework.web.filter.CompositeFilter$VirtualFilterChain.doFilter(CompositeFilter.java:113)
	at org.springframework.web.filter.CompositeFilter.doFilter(CompositeFilter.java:74)
	at org.springframework.security.config.annotation.web.configuration.WebMvcSecurityConfiguration$CompositeFilterChainProxy.doFilter(WebMvcSecurityConfiguration.java:238)
	at org.springframework.web.filter.DelegatingFilterProxy.invokeDelegate(DelegatingFilterProxy.java:362)
	at org.springframework.web.filter.DelegatingFilterProxy.doFilter(DelegatingFilterProxy.java:278)
	at org.apache.catalina.core.ApplicationFilterChain.internalDoFilter(ApplicationFilterChain.java:164)
	at org.apache.catalina.core.ApplicationFilterChain.doFilter(ApplicationFilterChain.java:140)
	at org.springframework.web.filter.RequestContextFilter.doFilterInternal(RequestContextFilter.java:100)
	at org.springframework.web.filter.OncePerRequestFilter.doFilter(OncePerRequestFilter.java:116)
	at org.apache.catalina.core.ApplicationFilterChain.internalDoFilter(ApplicationFilterChain.java:164)
	at org.apache.catalina.core.ApplicationFilterChain.doFilter(ApplicationFilterChain.java:140)
	at org.springframework.web.filter.FormContentFilter.doFilterInternal(FormContentFilter.java:93)
	at org.springframework.web.filter.OncePerRequestFilter.doFilter(OncePerRequestFilter.java:116)
	at org.apache.catalina.core.ApplicationFilterChain.internalDoFilter(ApplicationFilterChain.java:164)
	at org.apache.catalina.core.ApplicationFilterChain.doFilter(ApplicationFilterChain.java:140)
	at org.springframework.web.filter.CharacterEncodingFilter.doFilterInternal(CharacterEncodingFilter.java:201)
	at org.springframework.web.filter.OncePerRequestFilter.doFilter(OncePerRequestFilter.java:116)
	at org.apache.catalina.core.ApplicationFilterChain.internalDoFilter(ApplicationFilterChain.java:164)
	at org.apache.catalina.core.ApplicationFilterChain.doFilter(ApplicationFilterChain.java:140)
	at org.apache.catalina.core.StandardWrapperValve.invoke(StandardWrapperValve.java:167)
	at org.apache.catalina.core.StandardContextValve.invoke(StandardContextValve.java:90)
	at org.apache.catalina.authenticator.AuthenticatorBase.invoke(AuthenticatorBase.java:483)
	at org.apache.catalina.core.StandardHostValve.invoke(StandardHostValve.java:115)
	at org.apache.catalina.valves.ErrorReportValve.invoke(ErrorReportValve.java:93)
	at org.apache.catalina.core.StandardEngineValve.invoke(StandardEngineValve.java:74)
	at org.apache.catalina.connector.CoyoteAdapter.service(CoyoteAdapter.java:344)
	at org.apache.coyote.http11.Http11Processor.service(Http11Processor.java:397)
	at org.apache.coyote.AbstractProcessorLight.process(AbstractProcessorLight.java:63)
	at org.apache.coyote.AbstractProtocol$ConnectionHandler.process(AbstractProtocol.java:905)
	at org.apache.tomcat.util.net.NioEndpoint$SocketProcessor.doRun(NioEndpoint.java:1743)
	at org.apache.tomcat.util.net.SocketProcessorBase.run(SocketProcessorBase.java:52)
	at org.apache.tomcat.util.threads.ThreadPoolExecutor.runWorker(ThreadPoolExecutor.java:1190)
	at org.apache.tomcat.util.threads.ThreadPoolExecutor$Worker.run(ThreadPoolExecutor.java:659)
	at org.apache.tomcat.util.threads.TaskThread$WrappingRunnable.run(TaskThread.java:63)
	at java.base/java.lang.Thread.run(Thread.java:842)
2025-07-03 14:36:33 INFO  o.h.validator.internal.util.Version - HV000001: Hibernate Validator 8.0.2.Final
2025-07-03 14:36:33 INFO  com.nt.LMS.LmsApplication - Starting LmsApplication using Java 17.0.12 with PID 30696 (C:\Users\DELL\Desktop\LMS-NT\LMS\build\classes\java\main started by DELL in C:\Users\DELL\Desktop\LMS-NT)
2025-07-03 14:36:33 INFO  com.nt.LMS.LmsApplication - No active profile set, falling back to 1 default profile: "default"
2025-07-03 14:36:36 INFO  o.s.d.r.c.RepositoryConfigurationDelegate - Bootstrapping Spring Data JPA repositories in DEFAULT mode.
2025-07-03 14:36:36 INFO  o.s.d.r.c.RepositoryConfigurationDelegate - Finished Spring Data repository scanning in 197 ms. Found 10 JPA repository interfaces.
2025-07-03 14:36:36 INFO  o.s.cloud.context.scope.GenericScope - BeanFactory id=ba30d0a8-4893-3dfd-8a99-8de263d9bdbc
2025-07-03 14:36:37 INFO  o.s.b.w.e.tomcat.TomcatWebServer - Tomcat initialized with port 8081 (http)
2025-07-03 14:36:37 INFO  o.a.coyote.http11.Http11NioProtocol - Initializing ProtocolHandler ["http-nio-8081"]
2025-07-03 14:36:37 INFO  o.a.catalina.core.StandardService - Starting service [Tomcat]
2025-07-03 14:36:37 INFO  o.a.catalina.core.StandardEngine - Starting Servlet engine: [Apache Tomcat/10.1.39]
2025-07-03 14:36:37 INFO  o.a.c.c.C.[Tomcat].[localhost].[/] - Initializing Spring embedded WebApplicationContext
2025-07-03 14:36:37 INFO  o.s.b.w.s.c.ServletWebServerApplicationContext - Root WebApplicationContext: initialization completed in 3776 ms
2025-07-03 14:36:38 INFO  o.h.jpa.internal.util.LogHelper - HHH000204: Processing PersistenceUnitInfo [name: default]
2025-07-03 14:36:38 INFO  org.hibernate.Version - HHH000412: Hibernate ORM core version 6.6.11.Final
2025-07-03 14:36:38 INFO  o.h.c.i.RegionFactoryInitiator - HHH000026: Second-level cache disabled
2025-07-03 14:36:39 INFO  o.s.o.j.p.SpringPersistenceUnitInfo - No LoadTimeWeaver setup: ignoring JPA class transformer
2025-07-03 14:36:39 INFO  com.zaxxer.hikari.HikariDataSource - HikariPool-1 - Starting...
2025-07-03 14:36:39 INFO  com.zaxxer.hikari.pool.HikariPool - HikariPool-1 - Added connection org.postgresql.jdbc.PgConnection@60a6840c
2025-07-03 14:36:39 INFO  com.zaxxer.hikari.HikariDataSource - HikariPool-1 - Start completed.
2025-07-03 14:36:39 WARN  org.hibernate.orm.deprecation - HHH90000025: PostgreSQLDialect does not need to be specified explicitly using 'hibernate.dialect' (remove the property setting and it will be selected by default)
2025-07-03 14:36:39 INFO  o.hibernate.orm.connections.pooling - HHH10001005: Database info:
	Database JDBC URL [Connecting through datasource 'HikariDataSource (HikariPool-1)']
	Database driver: undefined/unknown
	Database version: 16.3
	Autocommit mode: undefined/unknown
	Isolation level: undefined/unknown
	Minimum pool size: undefined/unknown
	Maximum pool size: undefined/unknown
2025-07-03 14:36:41 INFO  o.h.e.t.j.p.i.JtaPlatformInitiator - HHH000489: No JTA platform available (set 'hibernate.transaction.jta.platform' to enable JTA platform integration)
2025-07-03 14:36:41 INFO  o.s.o.j.LocalContainerEntityManagerFactoryBean - Initialized JPA EntityManagerFactory for persistence unit 'default'
2025-07-03 14:36:41 INFO  o.s.d.j.r.query.QueryEnhancerFactory - Hibernate is in classpath; If applicable, HQL parser will be used.
2025-07-03 14:36:42 WARN  o.s.b.a.o.j.JpaBaseConfiguration$JpaWebConfiguration - spring.jpa.open-in-view is enabled by default. Therefore, database queries may be performed during view rendering. Explicitly configure spring.jpa.open-in-view to disable this warning
2025-07-03 14:36:43 INFO  o.s.s.c.a.a.c.InitializeUserDetailsBeanManagerConfigurer$InitializeUserDetailsManagerConfigurer - Global AuthenticationManager configured with UserDetailsService bean with name userServiceImpl
2025-07-03 14:36:43 DEBUG o.s.w.s.m.m.a.RequestMappingHandlerMapping - 42 mappings in 'requestMappingHandlerMapping'
2025-07-03 14:36:43 DEBUG o.s.w.s.h.SimpleUrlHandlerMapping - Patterns [/webjars/**, /**] in 'resourceHandlerMapping'
2025-07-03 14:36:43 DEBUG o.s.w.s.m.m.a.RequestMappingHandlerAdapter - ControllerAdvice beans: 0 @ModelAttribute, 0 @InitBinder, 1 RequestBodyAdvice, 1 ResponseBodyAdvice
2025-07-03 14:36:44 DEBUG o.s.w.s.m.m.a.ExceptionHandlerExceptionResolver - ControllerAdvice beans: 1 @ExceptionHandler, 1 ResponseBodyAdvice
2025-07-03 14:36:44 INFO  o.a.coyote.http11.Http11NioProtocol - Starting ProtocolHandler ["http-nio-8081"]
2025-07-03 14:36:44 INFO  o.s.b.w.e.tomcat.TomcatWebServer - Tomcat started on port 8081 (http) with context path '/'
2025-07-03 14:36:44 INFO  com.nt.LMS.LmsApplication - Started LmsApplication in 11.777 seconds (process running for 13.096)
2025-07-03 14:38:57 INFO  o.a.c.c.C.[Tomcat].[localhost].[/] - Initializing Spring DispatcherServlet 'dispatcherServlet'
2025-07-03 14:38:57 INFO  o.s.web.servlet.DispatcherServlet - Initializing Servlet 'dispatcherServlet'
2025-07-03 14:38:57 DEBUG o.s.web.servlet.DispatcherServlet - Detected StandardServletMultipartResolver
2025-07-03 14:38:57 DEBUG o.s.web.servlet.DispatcherServlet - Detected AcceptHeaderLocaleResolver
2025-07-03 14:38:57 DEBUG o.s.web.servlet.DispatcherServlet - Detected FixedThemeResolver
2025-07-03 14:38:57 DEBUG o.s.web.servlet.DispatcherServlet - Detected org.springframework.web.servlet.view.DefaultRequestToViewNameTranslator@67a2fb00
2025-07-03 14:38:57 DEBUG o.s.web.servlet.DispatcherServlet - Detected org.springframework.web.servlet.support.SessionFlashMapManager@75f1c170
2025-07-03 14:38:57 DEBUG o.s.web.servlet.DispatcherServlet - enableLoggingRequestDetails='false': request parameters and headers will be masked to prevent unsafe logging of potentially sensitive data
2025-07-03 14:38:57 INFO  o.s.web.servlet.DispatcherServlet - Completed initialization in 6 ms
2025-07-03 14:38:57 DEBUG o.s.web.servlet.DispatcherServlet - GET "/api/service-api/admin/count", parameters={}
2025-07-03 14:38:57 DEBUG o.s.web.servlet.DispatcherServlet - GET "/api/service-api/group/count", parameters={}
2025-07-03 14:38:57 DEBUG o.s.web.servlet.DispatcherServlet - GET "/api/service-api/enrollment/statistics", parameters={}
2025-07-03 14:38:57 DEBUG o.s.web.servlet.DispatcherServlet - GET "/api/service-api/admin/users/recent", parameters={}
2025-07-03 14:38:57 DEBUG o.s.w.s.m.m.a.RequestMappingHandlerMapping - Mapped to com.nt.LMS.controller.GroupController#getGroupCount()
2025-07-03 14:38:57 DEBUG o.s.w.s.m.m.a.RequestMappingHandlerMapping - Mapped to com.nt.LMS.controller.AdminController#getRecentUsers()
2025-07-03 14:38:57 DEBUG o.s.w.s.m.m.a.RequestMappingHandlerMapping - Mapped to com.nt.LMS.controller.AdminController#getTotalUserCount()
2025-07-03 14:38:57 DEBUG o.s.w.s.m.m.a.RequestMappingHandlerMapping - Mapped to com.nt.LMS.controller.EnrollmentController#getEnrollmentStatistics()
2025-07-03 14:38:57 INFO  c.nt.LMS.controller.GroupController - Received request to get total Group count.
2025-07-03 14:38:57 INFO  c.nt.LMS.controller.AdminController - Fetching total user count
2025-07-03 14:38:58 INFO  c.nt.LMS.controller.GroupController - Total Group count retrieved: 0
2025-07-03 14:38:58 INFO  c.nt.LMS.controller.AdminController - Total user count retrieved: 10
2025-07-03 14:38:58 DEBUG o.s.w.s.m.m.a.HttpEntityMethodProcessor - Using 'application/json', given [application/json, text/plain, */*] and supported [application/json, application/*+json]
2025-07-03 14:38:58 DEBUG o.s.w.s.m.m.a.HttpEntityMethodProcessor - Using 'application/json', given [application/json, text/plain, */*] and supported [application/json, application/*+json]
2025-07-03 14:38:58 DEBUG o.s.w.s.m.m.a.HttpEntityMethodProcessor - Using 'application/json', given [application/json, text/plain, */*] and supported [application/json, application/*+json]
2025-07-03 14:38:58 DEBUG o.s.w.s.m.m.a.HttpEntityMethodProcessor - Using 'application/json', given [application/json, text/plain, */*] and supported [application/json, application/*+json]
2025-07-03 14:38:58 DEBUG o.s.w.s.m.m.a.HttpEntityMethodProcessor - Writing [StandardResponseOutDTO{status='SUCCESS', message='Fetched User Count', data=10}]
2025-07-03 14:38:58 DEBUG o.s.w.s.m.m.a.HttpEntityMethodProcessor - Writing [MessageOutDto(message=0)]
2025-07-03 14:38:58 DEBUG o.s.w.s.m.m.a.HttpEntityMethodProcessor - Writing [StandardResponseOutDTO{status='SUCCESS', message='Fetched Recent Users', data=[UsersDetailsViewDTO(f (truncated)...]
2025-07-03 14:38:58 DEBUG o.s.w.s.m.m.a.HttpEntityMethodProcessor - Writing [StandardResponseOutDTO{status='SUCCESS', message='Fetched Enrollment Statistics', data=EnrollmentDas (truncated)...]
2025-07-03 14:38:58 DEBUG o.s.web.servlet.DispatcherServlet - Completed 200 OK
2025-07-03 14:38:58 DEBUG o.s.web.servlet.DispatcherServlet - Completed 200 OK
2025-07-03 14:38:58 DEBUG o.s.web.servlet.DispatcherServlet - Completed 200 OK
2025-07-03 14:38:58 DEBUG o.s.web.servlet.DispatcherServlet - Completed 200 OK
2025-07-03 14:38:58 DEBUG o.s.web.servlet.DispatcherServlet - GET "/api/service-api/group/recent", parameters={}
2025-07-03 14:38:58 DEBUG o.s.w.s.m.m.a.RequestMappingHandlerMapping - Mapped to com.nt.LMS.controller.GroupController#getRecentGroups()
2025-07-03 14:38:58 DEBUG o.s.w.s.m.m.a.HttpEntityMethodProcessor - Using 'application/json', given [application/json, text/plain, */*] and supported [application/json, application/*+json]
2025-07-03 14:38:58 DEBUG o.s.w.s.m.m.a.HttpEntityMethodProcessor - Writing [StandardResponseOutDTO{status='SUCCESS', message='Group summary fetched successfully', data=[]}]
2025-07-03 14:38:58 DEBUG o.s.web.servlet.DispatcherServlet - Completed 200 OK
2025-07-03 14:39:14 DEBUG o.s.web.servlet.DispatcherServlet - GET "/api/service-api/enrollment/statistics", parameters={}
2025-07-03 14:39:14 DEBUG o.s.web.servlet.DispatcherServlet - GET "/api/service-api/admin/active-employees", parameters={}
2025-07-03 14:39:14 DEBUG o.s.w.s.m.m.a.RequestMappingHandlerMapping - Mapped to com.nt.LMS.controller.AdminController#getAllEmployees()
2025-07-03 14:39:14 INFO  c.nt.LMS.controller.AdminController - Fetching all employees
2025-07-03 14:39:14 DEBUG o.s.w.s.m.m.a.RequestMappingHandlerMapping - Mapped to com.nt.LMS.controller.EnrollmentController#getEnrollmentStatistics()
2025-07-03 14:39:14 INFO  c.n.L.s.serviceImpl.AdminServiceImpl - Fetching all users
2025-07-03 14:39:14 DEBUG o.s.web.servlet.DispatcherServlet - GET "/api/service-api/enrollment/user-enrollments", parameters={}
2025-07-03 14:39:14 DEBUG o.s.w.s.m.m.a.HttpEntityMethodProcessor - Using 'application/json', given [application/json, text/plain, */*] and supported [application/json, application/*+json]
2025-07-03 14:39:14 DEBUG o.s.w.s.m.m.a.HttpEntityMethodProcessor - Writing [StandardResponseOutDTO{status='SUCCESS', message='Fetched Enrollment Statistics', data=EnrollmentDas (truncated)...]
2025-07-03 14:39:14 DEBUG o.s.w.s.m.m.a.RequestMappingHandlerMapping - Mapped to com.nt.LMS.controller.EnrollmentController#getUserEnrollments()
2025-07-03 14:39:14 DEBUG o.s.web.servlet.DispatcherServlet - Completed 200 OK
2025-07-03 14:39:14 DEBUG o.s.w.s.m.m.a.HttpEntityMethodProcessor - Using 'application/json', given [application/json, text/plain, */*] and supported [application/json, application/*+json]
2025-07-03 14:39:14 DEBUG o.s.w.s.m.m.a.HttpEntityMethodProcessor - Writing [StandardResponseOutDTO{status='SUCCESS', message='User Enrollment Fetched', data=[]}]
2025-07-03 14:39:14 DEBUG o.s.web.servlet.DispatcherServlet - Completed 200 OK
2025-07-03 14:39:14 INFO  c.n.L.s.serviceImpl.AdminServiceImpl - Successfully fetched 10 users
2025-07-03 14:39:14 INFO  c.nt.LMS.controller.AdminController - Fetched 10 employees
2025-07-03 14:39:14 DEBUG o.s.w.s.m.m.a.HttpEntityMethodProcessor - Using 'application/json', given [application/json, text/plain, */*] and supported [application/json, application/*+json]
2025-07-03 14:39:14 DEBUG o.s.w.s.m.m.a.HttpEntityMethodProcessor - Writing [StandardResponseOutDTO{status='SUCCESS', message='User fetched Successfully', data=[UserOutDTO(userI (truncated)...]
2025-07-03 14:39:14 DEBUG o.s.web.servlet.DispatcherServlet - Completed 200 OK
2025-07-03 14:39:14 DEBUG o.s.web.servlet.DispatcherServlet - GET "/api/service-api/enrollment/user-enrollments", parameters={}
2025-07-03 14:39:14 DEBUG o.s.w.s.m.m.a.RequestMappingHandlerMapping - Mapped to com.nt.LMS.controller.EnrollmentController#getUserEnrollments()
2025-07-03 14:39:14 DEBUG o.s.w.s.m.m.a.HttpEntityMethodProcessor - Using 'application/json', given [application/json, text/plain, */*] and supported [application/json, application/*+json]
2025-07-03 14:39:14 DEBUG o.s.w.s.m.m.a.HttpEntityMethodProcessor - Writing [StandardResponseOutDTO{status='SUCCESS', message='User Enrollment Fetched', data=[]}]
2025-07-03 14:39:14 DEBUG o.s.web.servlet.DispatcherServlet - Completed 200 OK
2025-07-03 14:39:17 DEBUG o.s.web.servlet.DispatcherServlet - GET "/api/service-api/admin/active-employees", parameters={}
2025-07-03 14:39:17 DEBUG o.s.w.s.m.m.a.RequestMappingHandlerMapping - Mapped to com.nt.LMS.controller.AdminController#getAllEmployees()
2025-07-03 14:39:17 INFO  c.nt.LMS.controller.AdminController - Fetching all employees
2025-07-03 14:39:17 INFO  c.n.L.s.serviceImpl.AdminServiceImpl - Fetching all users
2025-07-03 14:39:17 DEBUG o.s.web.servlet.DispatcherServlet - GET "/api/service-api/group/Allgroups", parameters={}
2025-07-03 14:39:17 DEBUG o.s.w.s.m.m.a.RequestMappingHandlerMapping - Mapped to com.nt.LMS.controller.GroupController#getAllGroups()
2025-07-03 14:39:17 INFO  c.nt.LMS.controller.GroupController - Fetching groups 
2025-07-03 14:39:17 WARN  c.nt.LMS.controller.GroupController - No groups found 
2025-07-03 14:39:17 DEBUG o.s.w.s.m.m.a.HttpEntityMethodProcessor - Using 'application/json', given [application/json, text/plain, */*] and supported [application/json, application/*+json]
2025-07-03 14:39:17 DEBUG o.s.w.s.m.m.a.HttpEntityMethodProcessor - Writing [StandardResponseOutDTO{status='SUCCESS', message='All Groups fetched successfully', data=[]}]
2025-07-03 14:39:17 DEBUG o.s.web.servlet.DispatcherServlet - Completed 204 NO_CONTENT
2025-07-03 14:39:17 INFO  c.n.L.s.serviceImpl.AdminServiceImpl - Successfully fetched 10 users
2025-07-03 14:39:17 INFO  c.nt.LMS.controller.AdminController - Fetched 10 employees
2025-07-03 14:39:17 DEBUG o.s.w.s.m.m.a.HttpEntityMethodProcessor - Using 'application/json', given [application/json, text/plain, */*] and supported [application/json, application/*+json]
2025-07-03 14:39:17 DEBUG o.s.w.s.m.m.a.HttpEntityMethodProcessor - Writing [StandardResponseOutDTO{status='SUCCESS', message='User fetched Successfully', data=[UserOutDTO(userI (truncated)...]
2025-07-03 14:39:17 DEBUG o.s.web.servlet.DispatcherServlet - Completed 200 OK
2025-07-03 14:39:53 DEBUG o.s.web.servlet.DispatcherServlet - POST "/api/service-api/enrollment/enroll", parameters={}
2025-07-03 14:39:53 DEBUG o.s.w.s.m.m.a.RequestMappingHandlerMapping - Mapped to com.nt.LMS.controller.EnrollmentController#enroll(EnrollmentRequestInDTO)
2025-07-03 14:39:53 DEBUG o.s.w.s.m.m.a.RequestResponseBodyMethodProcessor - Read "application/json;charset=UTF-8" to [com.nt.LMS.dto.inDTO.EnrollmentRequestInDTO@12645a1f]
2025-07-03 14:39:53 DEBUG o.s.web.servlet.DispatcherServlet - Failed to complete request: feign.FeignException$Unauthorized: [401] during [POST] to [http://localhost:8080/api/service-api/course/existing-ids] [CourseMicroserviceClient#getExistingCourseIds(List)]: []
2025-07-03 14:39:53 ERROR o.a.c.c.C.[.[.[.[dispatcherServlet] - Servlet.service() for servlet [dispatcherServlet] in context with path [] threw exception [Request processing failed: feign.FeignException$Unauthorized: [401] during [POST] to [http://localhost:8080/api/service-api/course/existing-ids] [CourseMicroserviceClient#getExistingCourseIds(List)]: []] with root cause
feign.FeignException$Unauthorized: [401] during [POST] to [http://localhost:8080/api/service-api/course/existing-ids] [CourseMicroserviceClient#getExistingCourseIds(List)]: []
	at feign.FeignException.clientErrorStatus(FeignException.java:245)
	at feign.FeignException.errorStatus(FeignException.java:223)
	at feign.FeignException.errorStatus(FeignException.java:213)
	at feign.codec.ErrorDecoder$Default.decode(ErrorDecoder.java:103)
	at feign.InvocationContext.decodeError(InvocationContext.java:133)
	at feign.InvocationContext.proceed(InvocationContext.java:80)
	at feign.ResponseHandler.handleResponse(ResponseHandler.java:69)
	at feign.SynchronousMethodHandler.executeAndDecode(SynchronousMethodHandler.java:109)
	at feign.SynchronousMethodHandler.invoke(SynchronousMethodHandler.java:53)
	at feign.ReflectiveFeign$FeignInvocationHandler.invoke(ReflectiveFeign.java:104)
	at jdk.proxy2/jdk.proxy2.$Proxy148.getExistingCourseIds(Unknown Source)
	at com.nt.LMS.service.serviceImpl.EnrollmentServiceImpl.validateEnrollmentRequest(EnrollmentServiceImpl.java:1337)
	at com.nt.LMS.service.serviceImpl.EnrollmentServiceImpl.enroll(EnrollmentServiceImpl.java:52)
	at java.base/jdk.internal.reflect.NativeMethodAccessorImpl.invoke0(Native Method)
	at java.base/jdk.internal.reflect.NativeMethodAccessorImpl.invoke(NativeMethodAccessorImpl.java:77)
	at java.base/jdk.internal.reflect.DelegatingMethodAccessorImpl.invoke(DelegatingMethodAccessorImpl.java:43)
	at java.base/java.lang.reflect.Method.invoke(Method.java:568)
	at org.springframework.aop.support.AopUtils.invokeJoinpointUsingReflection(AopUtils.java:359)
	at org.springframework.aop.framework.ReflectiveMethodInvocation.invokeJoinpoint(ReflectiveMethodInvocation.java:196)
	at org.springframework.aop.framework.ReflectiveMethodInvocation.proceed(ReflectiveMethodInvocation.java:163)
	at org.springframework.transaction.interceptor.TransactionAspectSupport.invokeWithinTransaction(TransactionAspectSupport.java:380)
	at org.springframework.transaction.interceptor.TransactionInterceptor.invoke(TransactionInterceptor.java:119)
	at org.springframework.aop.framework.ReflectiveMethodInvocation.proceed(ReflectiveMethodInvocation.java:184)
	at org.springframework.aop.framework.CglibAopProxy$DynamicAdvisedInterceptor.intercept(CglibAopProxy.java:727)
	at com.nt.LMS.service.serviceImpl.EnrollmentServiceImpl$$SpringCGLIB$$0.enroll(<generated>)
	at com.nt.LMS.controller.EnrollmentController.enroll(EnrollmentController.java:30)
	at java.base/jdk.internal.reflect.NativeMethodAccessorImpl.invoke0(Native Method)
	at java.base/jdk.internal.reflect.NativeMethodAccessorImpl.invoke(NativeMethodAccessorImpl.java:77)
	at java.base/jdk.internal.reflect.DelegatingMethodAccessorImpl.invoke(DelegatingMethodAccessorImpl.java:43)
	at java.base/java.lang.reflect.Method.invoke(Method.java:568)
	at org.springframework.web.method.support.InvocableHandlerMethod.doInvoke(InvocableHandlerMethod.java:258)
	at org.springframework.web.method.support.InvocableHandlerMethod.invokeForRequest(InvocableHandlerMethod.java:191)
	at org.springframework.web.servlet.mvc.method.annotation.ServletInvocableHandlerMethod.invokeAndHandle(ServletInvocableHandlerMethod.java:118)
	at org.springframework.web.servlet.mvc.method.annotation.RequestMappingHandlerAdapter.invokeHandlerMethod(RequestMappingHandlerAdapter.java:986)
	at org.springframework.web.servlet.mvc.method.annotation.RequestMappingHandlerAdapter.handleInternal(RequestMappingHandlerAdapter.java:891)
	at org.springframework.web.servlet.mvc.method.AbstractHandlerMethodAdapter.handle(AbstractHandlerMethodAdapter.java:87)
	at org.springframework.web.servlet.DispatcherServlet.doDispatch(DispatcherServlet.java:1089)
	at org.springframework.web.servlet.DispatcherServlet.doService(DispatcherServlet.java:979)
	at org.springframework.web.servlet.FrameworkServlet.processRequest(FrameworkServlet.java:1014)
	at org.springframework.web.servlet.FrameworkServlet.doPost(FrameworkServlet.java:914)
	at jakarta.servlet.http.HttpServlet.service(HttpServlet.java:590)
	at org.springframework.web.servlet.FrameworkServlet.service(FrameworkServlet.java:885)
	at jakarta.servlet.http.HttpServlet.service(HttpServlet.java:658)
	at org.apache.catalina.core.ApplicationFilterChain.internalDoFilter(ApplicationFilterChain.java:195)
	at org.apache.catalina.core.ApplicationFilterChain.doFilter(ApplicationFilterChain.java:140)
	at org.apache.tomcat.websocket.server.WsFilter.doFilter(WsFilter.java:51)
	at org.apache.catalina.core.ApplicationFilterChain.internalDoFilter(ApplicationFilterChain.java:164)
	at org.apache.catalina.core.ApplicationFilterChain.doFilter(ApplicationFilterChain.java:140)
	at org.springframework.web.filter.OncePerRequestFilter.doFilter(OncePerRequestFilter.java:110)
	at org.apache.catalina.core.ApplicationFilterChain.internalDoFilter(ApplicationFilterChain.java:164)
	at org.apache.catalina.core.ApplicationFilterChain.doFilter(ApplicationFilterChain.java:140)
	at org.springframework.web.filter.CompositeFilter$VirtualFilterChain.doFilter(CompositeFilter.java:108)
	at org.springframework.security.web.FilterChainProxy.lambda$doFilterInternal$3(FilterChainProxy.java:231)
	at org.springframework.security.web.FilterChainProxy$VirtualFilterChain.doFilter(FilterChainProxy.java:365)
	at org.springframework.security.web.access.intercept.AuthorizationFilter.doFilter(AuthorizationFilter.java:101)
	at org.springframework.security.web.FilterChainProxy$VirtualFilterChain.doFilter(FilterChainProxy.java:374)
	at org.springframework.security.web.access.ExceptionTranslationFilter.doFilter(ExceptionTranslationFilter.java:126)
	at org.springframework.security.web.access.ExceptionTranslationFilter.doFilter(ExceptionTranslationFilter.java:120)
	at org.springframework.security.web.FilterChainProxy$VirtualFilterChain.doFilter(FilterChainProxy.java:374)
	at org.springframework.security.web.session.SessionManagementFilter.doFilter(SessionManagementFilter.java:131)
	at org.springframework.security.web.session.SessionManagementFilter.doFilter(SessionManagementFilter.java:85)
	at org.springframework.security.web.FilterChainProxy$VirtualFilterChain.doFilter(FilterChainProxy.java:374)
	at org.springframework.security.web.authentication.AnonymousAuthenticationFilter.doFilter(AnonymousAuthenticationFilter.java:100)
	at org.springframework.security.web.FilterChainProxy$VirtualFilterChain.doFilter(FilterChainProxy.java:374)
	at org.springframework.security.web.servletapi.SecurityContextHolderAwareRequestFilter.doFilter(SecurityContextHolderAwareRequestFilter.java:179)
	at org.springframework.security.web.FilterChainProxy$VirtualFilterChain.doFilter(FilterChainProxy.java:374)
	at org.springframework.security.web.savedrequest.RequestCacheAwareFilter.doFilter(RequestCacheAwareFilter.java:63)
	at org.springframework.security.web.FilterChainProxy$VirtualFilterChain.doFilter(FilterChainProxy.java:374)
	at com.nt.LMS.config.ServiceAuthenticationFilter.doFilterInternal(ServiceAuthenticationFilter.java:102)
	at org.springframework.web.filter.OncePerRequestFilter.doFilter(OncePerRequestFilter.java:116)
	at org.springframework.security.web.FilterChainProxy$VirtualFilterChain.doFilter(FilterChainProxy.java:374)
	at org.springframework.security.web.authentication.logout.LogoutFilter.doFilter(LogoutFilter.java:107)
	at org.springframework.security.web.authentication.logout.LogoutFilter.doFilter(LogoutFilter.java:93)
	at org.springframework.security.web.FilterChainProxy$VirtualFilterChain.doFilter(FilterChainProxy.java:374)
	at org.springframework.security.web.header.HeaderWriterFilter.doHeadersAfter(HeaderWriterFilter.java:90)
	at org.springframework.security.web.header.HeaderWriterFilter.doFilterInternal(HeaderWriterFilter.java:75)
	at org.springframework.web.filter.OncePerRequestFilter.doFilter(OncePerRequestFilter.java:116)
	at org.springframework.security.web.FilterChainProxy$VirtualFilterChain.doFilter(FilterChainProxy.java:374)
	at org.springframework.security.web.context.SecurityContextHolderFilter.doFilter(SecurityContextHolderFilter.java:82)
	at org.springframework.security.web.context.SecurityContextHolderFilter.doFilter(SecurityContextHolderFilter.java:69)
	at org.springframework.security.web.FilterChainProxy$VirtualFilterChain.doFilter(FilterChainProxy.java:374)
	at org.springframework.security.web.context.request.async.WebAsyncManagerIntegrationFilter.doFilterInternal(WebAsyncManagerIntegrationFilter.java:62)
	at org.springframework.web.filter.OncePerRequestFilter.doFilter(OncePerRequestFilter.java:116)
	at org.springframework.security.web.FilterChainProxy$VirtualFilterChain.doFilter(FilterChainProxy.java:374)
	at org.springframework.security.web.session.DisableEncodeUrlFilter.doFilterInternal(DisableEncodeUrlFilter.java:42)
	at org.springframework.web.filter.OncePerRequestFilter.doFilter(OncePerRequestFilter.java:116)
	at org.springframework.security.web.FilterChainProxy$VirtualFilterChain.doFilter(FilterChainProxy.java:374)
	at org.springframework.security.web.FilterChainProxy.doFilterInternal(FilterChainProxy.java:233)
	at org.springframework.security.web.FilterChainProxy.doFilter(FilterChainProxy.java:191)
	at org.springframework.web.filter.CompositeFilter$VirtualFilterChain.doFilter(CompositeFilter.java:113)
	at org.springframework.web.servlet.handler.HandlerMappingIntrospector.lambda$createCacheFilter$3(HandlerMappingIntrospector.java:243)
	at org.springframework.web.filter.CompositeFilter$VirtualFilterChain.doFilter(CompositeFilter.java:113)
	at org.springframework.web.filter.CompositeFilter.doFilter(CompositeFilter.java:74)
	at org.springframework.security.config.annotation.web.configuration.WebMvcSecurityConfiguration$CompositeFilterChainProxy.doFilter(WebMvcSecurityConfiguration.java:238)
	at org.springframework.web.filter.DelegatingFilterProxy.invokeDelegate(DelegatingFilterProxy.java:362)
	at org.springframework.web.filter.DelegatingFilterProxy.doFilter(DelegatingFilterProxy.java:278)
	at org.apache.catalina.core.ApplicationFilterChain.internalDoFilter(ApplicationFilterChain.java:164)
	at org.apache.catalina.core.ApplicationFilterChain.doFilter(ApplicationFilterChain.java:140)
	at org.springframework.web.filter.RequestContextFilter.doFilterInternal(RequestContextFilter.java:100)
	at org.springframework.web.filter.OncePerRequestFilter.doFilter(OncePerRequestFilter.java:116)
	at org.apache.catalina.core.ApplicationFilterChain.internalDoFilter(ApplicationFilterChain.java:164)
	at org.apache.catalina.core.ApplicationFilterChain.doFilter(ApplicationFilterChain.java:140)
	at org.springframework.web.filter.FormContentFilter.doFilterInternal(FormContentFilter.java:93)
	at org.springframework.web.filter.OncePerRequestFilter.doFilter(OncePerRequestFilter.java:116)
	at org.apache.catalina.core.ApplicationFilterChain.internalDoFilter(ApplicationFilterChain.java:164)
	at org.apache.catalina.core.ApplicationFilterChain.doFilter(ApplicationFilterChain.java:140)
	at org.springframework.web.filter.CharacterEncodingFilter.doFilterInternal(CharacterEncodingFilter.java:201)
	at org.springframework.web.filter.OncePerRequestFilter.doFilter(OncePerRequestFilter.java:116)
	at org.apache.catalina.core.ApplicationFilterChain.internalDoFilter(ApplicationFilterChain.java:164)
	at org.apache.catalina.core.ApplicationFilterChain.doFilter(ApplicationFilterChain.java:140)
	at org.apache.catalina.core.StandardWrapperValve.invoke(StandardWrapperValve.java:167)
	at org.apache.catalina.core.StandardContextValve.invoke(StandardContextValve.java:90)
	at org.apache.catalina.authenticator.AuthenticatorBase.invoke(AuthenticatorBase.java:483)
	at org.apache.catalina.core.StandardHostValve.invoke(StandardHostValve.java:115)
	at org.apache.catalina.valves.ErrorReportValve.invoke(ErrorReportValve.java:93)
	at org.apache.catalina.core.StandardEngineValve.invoke(StandardEngineValve.java:74)
	at org.apache.catalina.connector.CoyoteAdapter.service(CoyoteAdapter.java:344)
	at org.apache.coyote.http11.Http11Processor.service(Http11Processor.java:397)
	at org.apache.coyote.AbstractProcessorLight.process(AbstractProcessorLight.java:63)
	at org.apache.coyote.AbstractProtocol$ConnectionHandler.process(AbstractProtocol.java:905)
	at org.apache.tomcat.util.net.NioEndpoint$SocketProcessor.doRun(NioEndpoint.java:1743)
	at org.apache.tomcat.util.net.SocketProcessorBase.run(SocketProcessorBase.java:52)
	at org.apache.tomcat.util.threads.ThreadPoolExecutor.runWorker(ThreadPoolExecutor.java:1190)
	at org.apache.tomcat.util.threads.ThreadPoolExecutor$Worker.run(ThreadPoolExecutor.java:659)
	at org.apache.tomcat.util.threads.TaskThread$WrappingRunnable.run(TaskThread.java:63)
	at java.base/java.lang.Thread.run(Thread.java:842)
2025-07-04 13:52:00 INFO  o.h.validator.internal.util.Version - HV000001: Hibernate Validator 8.0.2.Final
2025-07-04 13:52:00 INFO  com.nt.LMS.LmsApplication - Starting LmsApplication using Java 17.0.12 with PID 11100 (C:\Users\DELL\Desktop\LMS-NT\LMS\build\classes\java\main started by DELL in C:\Users\DELL\Desktop\LMS-NT)
2025-07-04 13:52:00 INFO  com.nt.LMS.LmsApplication - No active profile set, falling back to 1 default profile: "default"
2025-07-04 13:52:02 INFO  o.s.d.r.c.RepositoryConfigurationDelegate - Bootstrapping Spring Data JPA repositories in DEFAULT mode.
2025-07-04 13:52:02 INFO  o.s.d.r.c.RepositoryConfigurationDelegate - Finished Spring Data repository scanning in 208 ms. Found 10 JPA repository interfaces.
2025-07-04 13:52:03 INFO  o.s.cloud.context.scope.GenericScope - BeanFactory id=ba30d0a8-4893-3dfd-8a99-8de263d9bdbc
2025-07-04 13:52:04 INFO  o.s.b.w.e.tomcat.TomcatWebServer - Tomcat initialized with port 8081 (http)
2025-07-04 13:52:04 INFO  o.a.coyote.http11.Http11NioProtocol - Initializing ProtocolHandler ["http-nio-8081"]
2025-07-04 13:52:04 INFO  o.a.catalina.core.StandardService - Starting service [Tomcat]
2025-07-04 13:52:04 INFO  o.a.catalina.core.StandardEngine - Starting Servlet engine: [Apache Tomcat/10.1.39]
2025-07-04 13:52:04 INFO  o.a.c.c.C.[Tomcat].[localhost].[/] - Initializing Spring embedded WebApplicationContext
2025-07-04 13:52:04 INFO  o.s.b.w.s.c.ServletWebServerApplicationContext - Root WebApplicationContext: initialization completed in 4244 ms
2025-07-04 13:52:05 INFO  o.h.jpa.internal.util.LogHelper - HHH000204: Processing PersistenceUnitInfo [name: default]
2025-07-04 13:52:05 INFO  org.hibernate.Version - HHH000412: Hibernate ORM core version 6.6.11.Final
2025-07-04 13:52:05 INFO  o.h.c.i.RegionFactoryInitiator - HHH000026: Second-level cache disabled
2025-07-04 13:52:06 INFO  o.s.o.j.p.SpringPersistenceUnitInfo - No LoadTimeWeaver setup: ignoring JPA class transformer
2025-07-04 13:52:06 INFO  com.zaxxer.hikari.HikariDataSource - HikariPool-1 - Starting...
2025-07-04 13:52:06 INFO  com.zaxxer.hikari.pool.HikariPool - HikariPool-1 - Added connection org.postgresql.jdbc.PgConnection@4a453f8d
2025-07-04 13:52:06 INFO  com.zaxxer.hikari.HikariDataSource - HikariPool-1 - Start completed.
2025-07-04 13:52:06 WARN  org.hibernate.orm.deprecation - HHH90000025: PostgreSQLDialect does not need to be specified explicitly using 'hibernate.dialect' (remove the property setting and it will be selected by default)
2025-07-04 13:52:06 INFO  o.hibernate.orm.connections.pooling - HHH10001005: Database info:
	Database JDBC URL [Connecting through datasource 'HikariDataSource (HikariPool-1)']
	Database driver: undefined/unknown
	Database version: 16.3
	Autocommit mode: undefined/unknown
	Isolation level: undefined/unknown
	Minimum pool size: undefined/unknown
	Maximum pool size: undefined/unknown
2025-07-04 13:52:08 INFO  o.h.e.t.j.p.i.JtaPlatformInitiator - HHH000489: No JTA platform available (set 'hibernate.transaction.jta.platform' to enable JTA platform integration)
2025-07-04 13:52:08 INFO  o.s.o.j.LocalContainerEntityManagerFactoryBean - Initialized JPA EntityManagerFactory for persistence unit 'default'
2025-07-04 13:52:09 INFO  o.s.d.j.r.query.QueryEnhancerFactory - Hibernate is in classpath; If applicable, HQL parser will be used.
2025-07-04 13:52:11 WARN  o.s.b.a.o.j.JpaBaseConfiguration$JpaWebConfiguration - spring.jpa.open-in-view is enabled by default. Therefore, database queries may be performed during view rendering. Explicitly configure spring.jpa.open-in-view to disable this warning
2025-07-04 13:52:12 INFO  o.s.s.c.a.a.c.InitializeUserDetailsBeanManagerConfigurer$InitializeUserDetailsManagerConfigurer - Global AuthenticationManager configured with UserDetailsService bean with name userServiceImpl
2025-07-04 13:52:12 DEBUG o.s.w.s.m.m.a.RequestMappingHandlerMapping - 43 mappings in 'requestMappingHandlerMapping'
2025-07-04 13:52:12 DEBUG o.s.w.s.h.SimpleUrlHandlerMapping - Patterns [/webjars/**, /**] in 'resourceHandlerMapping'
2025-07-04 13:52:13 DEBUG o.s.w.s.m.m.a.RequestMappingHandlerAdapter - ControllerAdvice beans: 0 @ModelAttribute, 0 @InitBinder, 1 RequestBodyAdvice, 1 ResponseBodyAdvice
2025-07-04 13:52:13 DEBUG o.s.w.s.m.m.a.ExceptionHandlerExceptionResolver - ControllerAdvice beans: 1 @ExceptionHandler, 1 ResponseBodyAdvice
2025-07-04 13:52:14 INFO  o.a.coyote.http11.Http11NioProtocol - Starting ProtocolHandler ["http-nio-8081"]
2025-07-04 13:52:14 INFO  o.s.b.w.e.tomcat.TomcatWebServer - Tomcat started on port 8081 (http) with context path '/'
2025-07-04 13:52:14 INFO  com.nt.LMS.LmsApplication - Started LmsApplication in 15.336 seconds (process running for 19.815)
2025-07-04 14:19:09 WARN  com.zaxxer.hikari.pool.HikariPool - HikariPool-1 - Thread starvation or clock leap detected (housekeeper delta=24m32s556ms745µs).
2025-07-04 14:20:17 INFO  o.a.c.c.C.[Tomcat].[localhost].[/] - Initializing Spring DispatcherServlet 'dispatcherServlet'
2025-07-04 14:20:17 INFO  o.s.web.servlet.DispatcherServlet - Initializing Servlet 'dispatcherServlet'
2025-07-04 14:20:17 DEBUG o.s.web.servlet.DispatcherServlet - Detected StandardServletMultipartResolver
2025-07-04 14:20:17 DEBUG o.s.web.servlet.DispatcherServlet - Detected AcceptHeaderLocaleResolver
2025-07-04 14:20:17 DEBUG o.s.web.servlet.DispatcherServlet - Detected FixedThemeResolver
2025-07-04 14:20:17 DEBUG o.s.web.servlet.DispatcherServlet - Detected org.springframework.web.servlet.view.DefaultRequestToViewNameTranslator@178cf671
2025-07-04 14:20:17 DEBUG o.s.web.servlet.DispatcherServlet - Detected org.springframework.web.servlet.support.SessionFlashMapManager@67620d80
2025-07-04 14:20:17 DEBUG o.s.web.servlet.DispatcherServlet - enableLoggingRequestDetails='false': request parameters and headers will be masked to prevent unsafe logging of potentially sensitive data
2025-07-04 14:20:17 INFO  o.s.web.servlet.DispatcherServlet - Completed initialization in 3 ms
2025-07-04 14:20:17 DEBUG o.s.web.servlet.DispatcherServlet - GET "/api/service-api/admin/count", parameters={}
2025-07-04 14:20:17 DEBUG o.s.web.servlet.DispatcherServlet - GET "/api/service-api/enrollment/statistics", parameters={}
2025-07-04 14:20:17 DEBUG o.s.web.servlet.DispatcherServlet - GET "/api/service-api/group/count", parameters={}
2025-07-04 14:20:17 DEBUG o.s.w.s.m.m.a.RequestMappingHandlerMapping - Mapped to com.nt.LMS.controller.AdminController#getTotalUserCount()
2025-07-04 14:20:17 DEBUG o.s.w.s.m.m.a.RequestMappingHandlerMapping - Mapped to com.nt.LMS.controller.EnrollmentController#getEnrollmentStatistics()
2025-07-04 14:20:17 DEBUG o.s.w.s.m.m.a.RequestMappingHandlerMapping - Mapped to com.nt.LMS.controller.GroupController#getGroupCount()
2025-07-04 14:20:17 INFO  c.nt.LMS.controller.GroupController - Received request to get total Group count.
2025-07-04 14:20:17 INFO  c.nt.LMS.controller.AdminController - Fetching total user count
2025-07-04 14:20:17 INFO  c.nt.LMS.controller.GroupController - Total Group count retrieved: 2
2025-07-04 14:20:18 INFO  c.nt.LMS.controller.AdminController - Total user count retrieved: 11
2025-07-04 14:20:18 DEBUG o.s.w.s.m.m.a.HttpEntityMethodProcessor - Using 'application/json', given [application/json, text/plain, */*] and supported [application/json, application/*+json]
2025-07-04 14:20:18 DEBUG o.s.w.s.m.m.a.HttpEntityMethodProcessor - Using 'application/json', given [application/json, text/plain, */*] and supported [application/json, application/*+json]
2025-07-04 14:20:18 DEBUG o.s.w.s.m.m.a.HttpEntityMethodProcessor - Using 'application/json', given [application/json, text/plain, */*] and supported [application/json, application/*+json]
2025-07-04 14:20:18 DEBUG o.s.w.s.m.m.a.HttpEntityMethodProcessor - Writing [StandardResponseOutDTO{status='SUCCESS', message='Fetched User Count', data=11}]
2025-07-04 14:20:18 DEBUG o.s.w.s.m.m.a.HttpEntityMethodProcessor - Writing [MessageOutDto(message=2)]
2025-07-04 14:20:18 DEBUG o.s.w.s.m.m.a.HttpEntityMethodProcessor - Writing [StandardResponseOutDTO{status='SUCCESS', message='Fetched Enrollment Statistics', data=EnrollmentDas (truncated)...]
2025-07-04 14:20:18 DEBUG o.s.web.servlet.DispatcherServlet - Completed 200 OK
2025-07-04 14:20:18 DEBUG o.s.web.servlet.DispatcherServlet - Completed 200 OK
2025-07-04 14:20:18 DEBUG o.s.web.servlet.DispatcherServlet - Completed 200 OK
2025-07-04 14:20:18 DEBUG o.s.web.servlet.DispatcherServlet - GET "/api/service-api/admin/users/recent", parameters={}
2025-07-04 14:20:18 DEBUG o.s.w.s.m.m.a.RequestMappingHandlerMapping - Mapped to com.nt.LMS.controller.AdminController#getRecentUsers()
2025-07-04 14:20:18 DEBUG o.s.w.s.m.m.a.HttpEntityMethodProcessor - Using 'application/json', given [application/json, text/plain, */*] and supported [application/json, application/*+json]
2025-07-04 14:20:18 DEBUG o.s.w.s.m.m.a.HttpEntityMethodProcessor - Writing [StandardResponseOutDTO{status='SUCCESS', message='Fetched Recent Users', data=[UsersDetailsViewDTO(f (truncated)...]
2025-07-04 14:20:18 DEBUG o.s.web.servlet.DispatcherServlet - Completed 200 OK
2025-07-04 14:20:24 DEBUG o.s.web.servlet.DispatcherServlet - GET "/api/service-api/enrollment/statistics", parameters={}
2025-07-04 14:20:24 DEBUG o.s.w.s.m.m.a.RequestMappingHandlerMapping - Mapped to com.nt.LMS.controller.EnrollmentController#getEnrollmentStatistics()
2025-07-04 14:20:24 DEBUG o.s.w.s.m.m.a.HttpEntityMethodProcessor - Using 'application/json', given [application/json, text/plain, */*] and supported [application/json, application/*+json]
2025-07-04 14:20:24 DEBUG o.s.w.s.m.m.a.HttpEntityMethodProcessor - Writing [StandardResponseOutDTO{status='SUCCESS', message='Fetched Enrollment Statistics', data=EnrollmentDas (truncated)...]
2025-07-04 14:20:24 DEBUG o.s.web.servlet.DispatcherServlet - Completed 200 OK
2025-07-04 14:20:24 DEBUG o.s.web.servlet.DispatcherServlet - GET "/api/service-api/admin/users/recent", parameters={}
2025-07-04 14:20:24 DEBUG o.s.w.s.m.m.a.RequestMappingHandlerMapping - Mapped to com.nt.LMS.controller.AdminController#getRecentUsers()
2025-07-04 14:20:24 DEBUG o.s.web.servlet.DispatcherServlet - GET "/api/service-api/admin/count", parameters={}
2025-07-04 14:20:24 DEBUG o.s.web.servlet.DispatcherServlet - GET "/api/service-api/group/count", parameters={}
2025-07-04 14:20:24 DEBUG o.s.w.s.m.m.a.RequestMappingHandlerMapping - Mapped to com.nt.LMS.controller.GroupController#getGroupCount()
2025-07-04 14:20:24 DEBUG o.s.w.s.m.m.a.RequestMappingHandlerMapping - Mapped to com.nt.LMS.controller.AdminController#getTotalUserCount()
2025-07-04 14:20:24 INFO  c.nt.LMS.controller.AdminController - Fetching total user count
2025-07-04 14:20:24 DEBUG o.s.w.s.m.m.a.HttpEntityMethodProcessor - Using 'application/json', given [application/json, text/plain, */*] and supported [application/json, application/*+json]
2025-07-04 14:20:24 DEBUG o.s.w.s.m.m.a.HttpEntityMethodProcessor - Writing [StandardResponseOutDTO{status='SUCCESS', message='Fetched Recent Users', data=[UsersDetailsViewDTO(f (truncated)...]
2025-07-04 14:20:24 INFO  c.nt.LMS.controller.GroupController - Received request to get total Group count.
2025-07-04 14:20:24 DEBUG o.s.web.servlet.DispatcherServlet - Completed 200 OK
2025-07-04 14:20:24 INFO  c.nt.LMS.controller.AdminController - Total user count retrieved: 11
2025-07-04 14:20:24 DEBUG o.s.w.s.m.m.a.HttpEntityMethodProcessor - Using 'application/json', given [application/json, text/plain, */*] and supported [application/json, application/*+json]
2025-07-04 14:20:24 DEBUG o.s.w.s.m.m.a.HttpEntityMethodProcessor - Writing [StandardResponseOutDTO{status='SUCCESS', message='Fetched User Count', data=11}]
2025-07-04 14:20:24 DEBUG o.s.web.servlet.DispatcherServlet - Completed 200 OK
2025-07-04 14:20:24 INFO  c.nt.LMS.controller.GroupController - Total Group count retrieved: 2
2025-07-04 14:20:24 DEBUG o.s.w.s.m.m.a.HttpEntityMethodProcessor - Using 'application/json', given [application/json, text/plain, */*] and supported [application/json, application/*+json]
2025-07-04 14:20:24 DEBUG o.s.w.s.m.m.a.HttpEntityMethodProcessor - Writing [MessageOutDto(message=2)]
2025-07-04 14:20:24 DEBUG o.s.web.servlet.DispatcherServlet - Completed 200 OK
2025-07-04 14:20:41 DEBUG o.s.web.servlet.DispatcherServlet - GET "/api/service-api/report/course/1/pdf", parameters={}
2025-07-04 14:20:41 DEBUG o.s.w.s.m.m.a.RequestMappingHandlerMapping - Mapped to com.nt.LMS.controller.CourseReportGenerationController#getCourseReportAsPdf(Long, HttpServletResponse)
2025-07-04 14:20:41 DEBUG o.s.web.servlet.DispatcherServlet - Completed 200 OK
2025-07-04 14:20:48 DEBUG o.s.web.servlet.DispatcherServlet - GET "/api/service-api/report/course/2/pdf", parameters={}
2025-07-04 14:20:48 DEBUG o.s.w.s.m.m.a.RequestMappingHandlerMapping - Mapped to com.nt.LMS.controller.CourseReportGenerationController#getCourseReportAsPdf(Long, HttpServletResponse)
2025-07-04 14:20:48 DEBUG o.s.web.servlet.DispatcherServlet - Completed 200 OK
2025-07-04 14:20:52 DEBUG o.s.web.servlet.DispatcherServlet - GET "/api/service-api/report/course/4/pdf", parameters={}
2025-07-04 14:20:52 DEBUG o.s.w.s.m.m.a.RequestMappingHandlerMapping - Mapped to com.nt.LMS.controller.CourseReportGenerationController#getCourseReportAsPdf(Long, HttpServletResponse)
2025-07-04 14:20:52 DEBUG o.s.web.servlet.DispatcherServlet - Completed 200 OK
2025-07-04 14:20:58 DEBUG o.s.web.servlet.DispatcherServlet - GET "/api/service-api/group/groups", parameters={}
2025-07-04 14:20:58 DEBUG o.s.w.s.m.m.a.RequestMappingHandlerMapping - Mapped to com.nt.LMS.controller.GroupController#getGroups()
2025-07-04 14:20:58 INFO  c.nt.LMS.controller.GroupController - Fetching groups for user: anil@nucleusteq.com
2025-07-04 14:20:58 DEBUG o.s.web.servlet.DispatcherServlet - GET "/api/service-api/admin/active-employees", parameters={}
2025-07-04 14:20:58 DEBUG o.s.w.s.m.m.a.RequestMappingHandlerMapping - Mapped to com.nt.LMS.controller.AdminController#getAllEmployees()
2025-07-04 14:20:58 INFO  c.nt.LMS.controller.AdminController - Fetching all employees
2025-07-04 14:20:58 INFO  c.n.L.s.serviceImpl.AdminServiceImpl - Fetching all users
2025-07-04 14:20:58 INFO  c.nt.LMS.controller.GroupController - Found 1 groups for user: anil@nucleusteq.com
2025-07-04 14:20:58 DEBUG o.s.w.s.m.m.a.HttpEntityMethodProcessor - Using 'application/json', given [application/json, text/plain, */*] and supported [application/json, application/*+json]
2025-07-04 14:20:58 DEBUG o.s.w.s.m.m.a.HttpEntityMethodProcessor - Writing [StandardResponseOutDTO{status='SUCCESS', message='Group fetched Successfully', data=[GroupOutDTO(gro (truncated)...]
2025-07-04 14:20:58 DEBUG o.s.web.servlet.DispatcherServlet - Completed 200 OK
2025-07-04 14:20:58 INFO  c.n.L.s.serviceImpl.AdminServiceImpl - Successfully fetched 11 users
2025-07-04 14:20:58 INFO  c.nt.LMS.controller.AdminController - Fetched 11 employees
2025-07-04 14:20:58 DEBUG o.s.w.s.m.m.a.HttpEntityMethodProcessor - Using 'application/json', given [application/json, text/plain, */*] and supported [application/json, application/*+json]
2025-07-04 14:20:58 DEBUG o.s.w.s.m.m.a.HttpEntityMethodProcessor - Writing [StandardResponseOutDTO{status='SUCCESS', message='User fetched Successfully', data=[UserOutDTO(userI (truncated)...]
2025-07-04 14:20:58 DEBUG o.s.web.servlet.DispatcherServlet - Completed 200 OK
2025-07-04 14:21:01 DEBUG o.s.web.servlet.DispatcherServlet - GET "/api/service-api/group/group-emps/1", parameters={}
2025-07-04 14:21:01 DEBUG o.s.w.s.m.m.a.RequestMappingHandlerMapping - Mapped to com.nt.LMS.controller.GroupController#getUsersInGroup(long)
2025-07-04 14:21:01 DEBUG o.s.web.servlet.DispatcherServlet - GET "/api/service-api/admin/active-employees", parameters={}
2025-07-04 14:21:01 INFO  c.nt.LMS.controller.GroupController - Fetching users in group with ID: 1
2025-07-04 14:21:01 DEBUG o.s.web.servlet.DispatcherServlet - POST "/api/service-api/group/user-courses", parameters={}
2025-07-04 14:21:01 DEBUG o.s.web.servlet.DispatcherServlet - GET "/api/service-api/group/group-courses/1", parameters={}
2025-07-04 14:21:01 DEBUG o.s.w.s.m.m.a.RequestMappingHandlerMapping - Mapped to com.nt.LMS.controller.AdminController#getAllEmployees()
2025-07-04 14:21:01 DEBUG o.s.w.s.m.m.a.RequestMappingHandlerMapping - Mapped to com.nt.LMS.controller.GroupController#getUserCoursesInGroups(GroupInDTO)
2025-07-04 14:21:01 INFO  c.nt.LMS.controller.AdminController - Fetching all employees
2025-07-04 14:21:01 INFO  c.n.L.s.serviceImpl.AdminServiceImpl - Fetching all users
2025-07-04 14:21:01 DEBUG o.s.w.s.m.m.a.RequestMappingHandlerMapping - Mapped to com.nt.LMS.controller.GroupController#getCourseDetails(long)
2025-07-04 14:21:01 INFO  c.nt.LMS.controller.GroupController - Attempting to get course details of groupId : 1
2025-07-04 14:21:01 INFO  c.n.L.s.serviceImpl.AdminServiceImpl - Successfully fetched 11 users
2025-07-04 14:21:01 INFO  c.nt.LMS.controller.AdminController - Fetched 11 employees
2025-07-04 14:21:01 DEBUG o.s.w.s.m.m.a.HttpEntityMethodProcessor - Using 'application/json', given [application/json, text/plain, */*] and supported [application/json, application/*+json]
2025-07-04 14:21:01 DEBUG o.s.w.s.m.m.a.HttpEntityMethodProcessor - Writing [StandardResponseOutDTO{status='SUCCESS', message='User fetched Successfully', data=[UserOutDTO(userI (truncated)...]
2025-07-04 14:21:01 DEBUG o.s.web.servlet.DispatcherServlet - Completed 200 OK
2025-07-04 14:21:01 DEBUG o.s.w.s.m.m.a.RequestResponseBodyMethodProcessor - Read "application/json;charset=UTF-8" to [GroupInDTO(groupName=null, groupId=1, userId=0, employees=null, courses=null, deadline=null, assigne (truncated)...]
2025-07-04 14:21:01 INFO  c.n.L.s.serviceImpl.GroupServiceImpl - enrols fetched
2025-07-04 14:21:01 DEBUG o.s.w.c.HttpMessageConverterExtractor - Reading to [java.lang.String] as "text/plain;charset=UTF-8"
2025-07-04 14:21:01 DEBUG o.s.w.c.HttpMessageConverterExtractor - Reading to [com.nt.LMS.dto.outDTO.CourseProgressWithMetaDTO]
2025-07-04 14:21:01 DEBUG o.s.w.c.HttpMessageConverterExtractor - Reading to [com.nt.LMS.dto.outDTO.StandardResponseOutDTO<java.util.List<com.nt.LMS.dto.outDTO.CourseInfoOutDTO>>]
2025-07-04 14:21:01 INFO  c.n.L.s.serviceImpl.GroupServiceImpl - courses fetched
2025-07-04 14:21:01 INFO  c.n.L.s.serviceImpl.GroupServiceImpl - enrolled courses  fetched
2025-07-04 14:21:01 DEBUG o.s.w.s.m.m.a.HttpEntityMethodProcessor - Using 'application/json', given [application/json, text/plain, */*] and supported [application/json, application/*+json]
2025-07-04 14:21:01 DEBUG o.s.w.s.m.m.a.HttpEntityMethodProcessor - Writing [StandardResponseOutDTO{status='SUCCESS', message='null', data=[CourseInfoOutDTO(title=Java, ownerId= (truncated)...]
2025-07-04 14:21:01 DEBUG o.s.web.servlet.DispatcherServlet - Completed 200 OK
2025-07-04 14:21:01 DEBUG o.s.w.c.HttpMessageConverterExtractor - Reading to [com.nt.LMS.dto.outDTO.CourseProgressWithMetaDTO]
2025-07-04 14:21:01 DEBUG o.s.w.c.HttpMessageConverterExtractor - Reading to [com.nt.LMS.dto.outDTO.CourseProgressWithMetaDTO]
2025-07-04 14:21:01 INFO  c.nt.LMS.controller.GroupController - Users found in group with ID: 1: 2
2025-07-04 14:21:01 DEBUG o.s.w.s.m.m.a.HttpEntityMethodProcessor - Using 'application/json', given [application/json, text/plain, */*] and supported [application/json, application/*+json]
2025-07-04 14:21:01 DEBUG o.s.w.s.m.m.a.HttpEntityMethodProcessor - Writing [StandardResponseOutDTO{status='SUCCESS', message='Successfully fetched course details.', data=[Group (truncated)...]
2025-07-04 14:21:01 DEBUG o.s.web.servlet.DispatcherServlet - Completed 200 OK
2025-07-04 14:21:01 DEBUG o.s.w.c.HttpMessageConverterExtractor - Reading to [java.lang.String] as "text/plain;charset=UTF-8"
2025-07-04 14:21:01 DEBUG o.s.w.c.HttpMessageConverterExtractor - Reading to [com.nt.LMS.dto.outDTO.CourseProgressWithMetaDTO]
2025-07-04 14:21:01 DEBUG o.s.w.s.m.m.a.HttpEntityMethodProcessor - Using 'application/json', given [application/json, text/plain, */*] and supported [application/json, application/*+json]
2025-07-04 14:21:01 DEBUG o.s.w.s.m.m.a.HttpEntityMethodProcessor - Writing [StandardResponseOutDTO{status='SUCCESS', message='Successfully fetched course details.', data=[Group (truncated)...]
2025-07-04 14:21:01 DEBUG o.s.web.servlet.DispatcherServlet - Completed 200 OK
2025-07-04 14:21:05 DEBUG o.s.web.servlet.DispatcherServlet - GET "/api/service-api/admin/active-employees", parameters={}
2025-07-04 14:21:05 DEBUG o.s.w.s.m.m.a.RequestMappingHandlerMapping - Mapped to com.nt.LMS.controller.AdminController#getAllEmployees()
2025-07-04 14:21:05 INFO  c.nt.LMS.controller.AdminController - Fetching all employees
2025-07-04 14:21:05 INFO  c.n.L.s.serviceImpl.AdminServiceImpl - Fetching all users
2025-07-04 14:21:05 INFO  c.n.L.s.serviceImpl.AdminServiceImpl - Successfully fetched 11 users
2025-07-04 14:21:05 INFO  c.nt.LMS.controller.AdminController - Fetched 11 employees
2025-07-04 14:21:05 DEBUG o.s.w.s.m.m.a.HttpEntityMethodProcessor - Using 'application/json', given [application/json, text/plain, */*] and supported [application/json, application/*+json]
2025-07-04 14:21:05 DEBUG o.s.w.s.m.m.a.HttpEntityMethodProcessor - Writing [StandardResponseOutDTO{status='SUCCESS', message='User fetched Successfully', data=[UserOutDTO(userI (truncated)...]
2025-07-04 14:21:05 DEBUG o.s.web.servlet.DispatcherServlet - Completed 200 OK
2025-07-04 14:21:05 DEBUG o.s.web.servlet.DispatcherServlet - GET "/api/service-api/admin/inactive-employees", parameters={}
2025-07-04 14:21:05 DEBUG o.s.w.s.m.m.a.RequestMappingHandlerMapping - Mapped to com.nt.LMS.controller.AdminController#getAllInactiveEmployees()
2025-07-04 14:21:05 INFO  c.nt.LMS.controller.AdminController - Fetching all inactive employees
2025-07-04 14:21:05 INFO  c.n.L.s.serviceImpl.AdminServiceImpl - Fetching all  inactive users
2025-07-04 14:21:05 INFO  c.n.L.s.serviceImpl.AdminServiceImpl - Successfully fetched 6 inactive users
2025-07-04 14:21:05 INFO  c.nt.LMS.controller.AdminController - Fetched 6 inactive employees
2025-07-04 14:21:05 DEBUG o.s.w.s.m.m.a.HttpEntityMethodProcessor - Using 'application/json', given [application/json, text/plain, */*] and supported [application/json, application/*+json]
2025-07-04 14:21:05 DEBUG o.s.w.s.m.m.a.HttpEntityMethodProcessor - Writing [StandardResponseOutDTO{status='SUCCESS', message='User fetched Successfully', data=[UserOutDTO(userI (truncated)...]
2025-07-04 14:21:05 DEBUG o.s.web.servlet.DispatcherServlet - Completed 200 OK
2025-07-04 14:21:19 DEBUG o.s.web.servlet.DispatcherServlet - GET "/api/service-api/enrollments/33/statistics", parameters={}
2025-07-04 14:21:19 DEBUG o.s.w.s.m.m.a.RequestMappingHandlerMapping - Mapped to com.nt.LMS.controller.UserCourseEnrollmentController#getUserEnrollments(Long)
2025-07-04 14:21:19 DEBUG o.s.w.s.m.m.a.HttpEntityMethodProcessor - Using 'application/json', given [application/json, text/plain, */*] and supported [application/json, application/*+json]
2025-07-04 14:21:19 DEBUG o.s.w.s.m.m.a.HttpEntityMethodProcessor - Writing [StandardResponseOutDTO{status='SUCCESS', message='Fetched Users Enrolled', data={groups=0, enrollmen (truncated)...]
2025-07-04 14:21:19 DEBUG o.s.web.servlet.DispatcherServlet - Completed 200 OK
2025-07-04 14:21:19 DEBUG o.s.web.servlet.DispatcherServlet - GET "/api/service-api/enrollment/userCourses/33", parameters={}
2025-07-04 14:21:19 DEBUG o.s.w.s.m.m.a.RequestMappingHandlerMapping - Mapped to com.nt.LMS.controller.EnrollmentController#getEnrolledCoursesByUserId(Long)
2025-07-04 14:21:19 DEBUG o.s.w.s.m.m.a.HttpEntityMethodProcessor - Using 'application/json', given [application/json, text/plain, */*] and supported [application/json, application/*+json]
2025-07-04 14:21:19 DEBUG o.s.w.s.m.m.a.HttpEntityMethodProcessor - Writing [StandardResponseOutDTO{status='SUCCESS', message='Fetched enrolled courses successfully', data=[]}]
2025-07-04 14:21:19 DEBUG o.s.web.servlet.DispatcherServlet - Completed 200 OK
2025-07-04 14:21:25 DEBUG o.s.web.servlet.DispatcherServlet - GET "/api/service-api/admin/active-employees", parameters={}
2025-07-04 14:21:25 DEBUG o.s.w.s.m.m.a.RequestMappingHandlerMapping - Mapped to com.nt.LMS.controller.AdminController#getAllEmployees()
2025-07-04 14:21:25 INFO  c.nt.LMS.controller.AdminController - Fetching all employees
2025-07-04 14:21:25 INFO  c.n.L.s.serviceImpl.AdminServiceImpl - Fetching all users
2025-07-04 14:21:25 INFO  c.n.L.s.serviceImpl.AdminServiceImpl - Successfully fetched 11 users
2025-07-04 14:21:25 INFO  c.nt.LMS.controller.AdminController - Fetched 11 employees
2025-07-04 14:21:25 DEBUG o.s.w.s.m.m.a.HttpEntityMethodProcessor - Using 'application/json', given [application/json, text/plain, */*] and supported [application/json, application/*+json]
2025-07-04 14:21:25 DEBUG o.s.w.s.m.m.a.HttpEntityMethodProcessor - Writing [StandardResponseOutDTO{status='SUCCESS', message='User fetched Successfully', data=[UserOutDTO(userI (truncated)...]
2025-07-04 14:21:25 DEBUG o.s.web.servlet.DispatcherServlet - Completed 200 OK
2025-07-04 14:21:25 DEBUG o.s.web.servlet.DispatcherServlet - GET "/api/service-api/admin/inactive-employees", parameters={}
2025-07-04 14:21:25 DEBUG o.s.w.s.m.m.a.RequestMappingHandlerMapping - Mapped to com.nt.LMS.controller.AdminController#getAllInactiveEmployees()
2025-07-04 14:21:25 INFO  c.nt.LMS.controller.AdminController - Fetching all inactive employees
2025-07-04 14:21:25 INFO  c.n.L.s.serviceImpl.AdminServiceImpl - Fetching all  inactive users
2025-07-04 14:21:25 INFO  c.n.L.s.serviceImpl.AdminServiceImpl - Successfully fetched 6 inactive users
2025-07-04 14:21:25 INFO  c.nt.LMS.controller.AdminController - Fetched 6 inactive employees
2025-07-04 14:21:25 DEBUG o.s.w.s.m.m.a.HttpEntityMethodProcessor - Using 'application/json', given [application/json, text/plain, */*] and supported [application/json, application/*+json]
2025-07-04 14:21:25 DEBUG o.s.w.s.m.m.a.HttpEntityMethodProcessor - Writing [StandardResponseOutDTO{status='SUCCESS', message='User fetched Successfully', data=[UserOutDTO(userI (truncated)...]
2025-07-04 14:21:25 DEBUG o.s.web.servlet.DispatcherServlet - Completed 200 OK
2025-07-04 14:21:40 DEBUG o.s.web.servlet.DispatcherServlet - GET "/api/service-api/enrollment/statistics", parameters={}
2025-07-04 14:21:40 DEBUG o.s.w.s.m.m.a.RequestMappingHandlerMapping - Mapped to com.nt.LMS.controller.EnrollmentController#getEnrollmentStatistics()
2025-07-04 14:21:40 DEBUG o.s.web.servlet.DispatcherServlet - GET "/api/service-api/admin/active-employees", parameters={}
2025-07-04 14:21:40 DEBUG o.s.w.s.m.m.a.RequestMappingHandlerMapping - Mapped to com.nt.LMS.controller.AdminController#getAllEmployees()
2025-07-04 14:21:40 INFO  c.nt.LMS.controller.AdminController - Fetching all employees
2025-07-04 14:21:40 INFO  c.n.L.s.serviceImpl.AdminServiceImpl - Fetching all users
2025-07-04 14:21:40 DEBUG o.s.web.servlet.DispatcherServlet - GET "/api/service-api/enrollment/user-enrollments", parameters={}
2025-07-04 14:21:40 DEBUG o.s.w.s.m.m.a.RequestMappingHandlerMapping - Mapped to com.nt.LMS.controller.EnrollmentController#getUserEnrollments()
2025-07-04 14:21:40 DEBUG o.s.w.s.m.m.a.HttpEntityMethodProcessor - Using 'application/json', given [application/json, text/plain, */*] and supported [application/json, application/*+json]
2025-07-04 14:21:40 DEBUG o.s.w.s.m.m.a.HttpEntityMethodProcessor - Writing [StandardResponseOutDTO{status='SUCCESS', message='Fetched Enrollment Statistics', data=EnrollmentDas (truncated)...]
2025-07-04 14:21:40 DEBUG o.s.web.servlet.DispatcherServlet - Completed 200 OK
2025-07-04 14:21:40 INFO  c.n.L.s.serviceImpl.AdminServiceImpl - Successfully fetched 11 users
2025-07-04 14:21:40 INFO  c.nt.LMS.controller.AdminController - Fetched 11 employees
2025-07-04 14:21:40 DEBUG o.s.w.s.m.m.a.HttpEntityMethodProcessor - Using 'application/json', given [application/json, text/plain, */*] and supported [application/json, application/*+json]
2025-07-04 14:21:40 DEBUG o.s.w.s.m.m.a.HttpEntityMethodProcessor - Writing [StandardResponseOutDTO{status='SUCCESS', message='User fetched Successfully', data=[UserOutDTO(userI (truncated)...]
2025-07-04 14:21:40 DEBUG o.s.web.servlet.DispatcherServlet - Completed 200 OK
2025-07-04 14:21:40 DEBUG o.s.w.c.HttpMessageConverterExtractor - Reading to [java.util.List<java.lang.Long>]
2025-07-04 14:21:40 DEBUG o.s.w.c.HttpMessageConverterExtractor - Reading to [java.lang.String] as "text/plain;charset=UTF-8"
2025-07-04 14:21:40 DEBUG o.s.w.c.HttpMessageConverterExtractor - Reading to [java.lang.String] as "text/plain;charset=UTF-8"
2025-07-04 14:21:40 DEBUG o.s.w.c.HttpMessageConverterExtractor - Reading to [com.nt.LMS.dto.outDTO.CourseProgressWithMetaDTO]
2025-07-04 14:21:40 DEBUG o.s.w.c.HttpMessageConverterExtractor - Reading to [com.nt.LMS.dto.outDTO.CourseProgressWithMetaDTO]
2025-07-04 14:21:40 DEBUG o.s.w.c.HttpMessageConverterExtractor - Reading to [com.nt.LMS.dto.outDTO.CourseProgressWithMetaDTO]
2025-07-04 14:21:40 DEBUG o.s.w.c.HttpMessageConverterExtractor - Reading to [com.nt.LMS.dto.outDTO.CourseProgressWithMetaDTO]
2025-07-04 14:21:40 DEBUG o.s.w.c.HttpMessageConverterExtractor - Reading to [com.nt.LMS.dto.outDTO.CourseProgressWithMetaDTO]
2025-07-04 14:21:40 DEBUG o.s.w.s.m.m.a.HttpEntityMethodProcessor - Using 'application/json', given [application/json, text/plain, */*] and supported [application/json, application/*+json]
2025-07-04 14:21:40 DEBUG o.s.w.s.m.m.a.HttpEntityMethodProcessor - Writing [StandardResponseOutDTO{status='SUCCESS', message='User Enrollment Fetched', data=[UserEnrollmentsOut (truncated)...]
2025-07-04 14:21:40 DEBUG o.s.web.servlet.DispatcherServlet - Completed 200 OK
2025-07-04 14:21:40 DEBUG o.s.web.servlet.DispatcherServlet - GET "/api/service-api/enrollment/user-enrollments", parameters={}
2025-07-04 14:21:40 DEBUG o.s.w.s.m.m.a.RequestMappingHandlerMapping - Mapped to com.nt.LMS.controller.EnrollmentController#getUserEnrollments()
2025-07-04 14:21:40 DEBUG o.s.w.c.HttpMessageConverterExtractor - Reading to [java.util.List<java.lang.Long>]
2025-07-04 14:21:40 DEBUG o.s.w.c.HttpMessageConverterExtractor - Reading to [java.lang.String] as "text/plain;charset=UTF-8"
2025-07-04 14:21:40 DEBUG o.s.w.c.HttpMessageConverterExtractor - Reading to [java.lang.String] as "text/plain;charset=UTF-8"
2025-07-04 14:21:41 DEBUG o.s.w.c.HttpMessageConverterExtractor - Reading to [com.nt.LMS.dto.outDTO.CourseProgressWithMetaDTO]
2025-07-04 14:21:41 DEBUG o.s.w.c.HttpMessageConverterExtractor - Reading to [com.nt.LMS.dto.outDTO.CourseProgressWithMetaDTO]
2025-07-04 14:21:41 DEBUG o.s.w.c.HttpMessageConverterExtractor - Reading to [com.nt.LMS.dto.outDTO.CourseProgressWithMetaDTO]
2025-07-04 14:21:41 DEBUG o.s.w.c.HttpMessageConverterExtractor - Reading to [com.nt.LMS.dto.outDTO.CourseProgressWithMetaDTO]
2025-07-04 14:21:41 DEBUG o.s.w.c.HttpMessageConverterExtractor - Reading to [com.nt.LMS.dto.outDTO.CourseProgressWithMetaDTO]
2025-07-04 14:21:41 DEBUG o.s.w.s.m.m.a.HttpEntityMethodProcessor - Using 'application/json', given [application/json, text/plain, */*] and supported [application/json, application/*+json]
2025-07-04 14:21:41 DEBUG o.s.w.s.m.m.a.HttpEntityMethodProcessor - Writing [StandardResponseOutDTO{status='SUCCESS', message='User Enrollment Fetched', data=[UserEnrollmentsOut (truncated)...]
2025-07-04 14:21:41 DEBUG o.s.web.servlet.DispatcherServlet - Completed 200 OK
2025-07-04 14:21:50 DEBUG o.s.web.servlet.DispatcherServlet - GET "/api/service-api/admin/active-employees", parameters={}
2025-07-04 14:21:50 DEBUG o.s.w.s.m.m.a.RequestMappingHandlerMapping - Mapped to com.nt.LMS.controller.AdminController#getAllEmployees()
2025-07-04 14:21:50 INFO  c.nt.LMS.controller.AdminController - Fetching all employees
2025-07-04 14:21:50 INFO  c.n.L.s.serviceImpl.AdminServiceImpl - Fetching all users
2025-07-04 14:21:50 DEBUG o.s.web.servlet.DispatcherServlet - GET "/api/service-api/group/Allgroups", parameters={}
2025-07-04 14:21:50 DEBUG o.s.w.s.m.m.a.RequestMappingHandlerMapping - Mapped to com.nt.LMS.controller.GroupController#getAllGroups()
2025-07-04 14:21:50 INFO  c.nt.LMS.controller.GroupController - Fetching groups 
2025-07-04 14:21:50 INFO  c.nt.LMS.controller.GroupController - Found 2 groups 
2025-07-04 14:21:50 DEBUG o.s.w.s.m.m.a.HttpEntityMethodProcessor - Using 'application/json', given [application/json, text/plain, */*] and supported [application/json, application/*+json]
2025-07-04 14:21:50 DEBUG o.s.w.s.m.m.a.HttpEntityMethodProcessor - Writing [StandardResponseOutDTO{status='SUCCESS', message='All Groups fetched successfully', data=[GroupOutDT (truncated)...]
2025-07-04 14:21:50 DEBUG o.s.web.servlet.DispatcherServlet - Completed 200 OK
2025-07-04 14:21:50 INFO  c.n.L.s.serviceImpl.AdminServiceImpl - Successfully fetched 11 users
2025-07-04 14:21:50 INFO  c.nt.LMS.controller.AdminController - Fetched 11 employees
2025-07-04 14:21:50 DEBUG o.s.w.s.m.m.a.HttpEntityMethodProcessor - Using 'application/json', given [application/json, text/plain, */*] and supported [application/json, application/*+json]
2025-07-04 14:21:50 DEBUG o.s.w.s.m.m.a.HttpEntityMethodProcessor - Writing [StandardResponseOutDTO{status='SUCCESS', message='User fetched Successfully', data=[UserOutDTO(userI (truncated)...]
2025-07-04 14:21:50 DEBUG o.s.web.servlet.DispatcherServlet - Completed 200 OK
2025-07-04 14:22:32 WARN  c.n.L.c.ServiceAuthenticationFilter - Gateway secret validation failed
2025-07-04 14:22:32 DEBUG o.s.web.servlet.DispatcherServlet - GET "/api/service-api/enrollments/null/statistics", parameters={}
2025-07-04 14:22:32 DEBUG o.s.w.s.m.m.a.RequestMappingHandlerMapping - Mapped to com.nt.LMS.controller.UserCourseEnrollmentController#getUserEnrollments(Long)
2025-07-04 14:22:32 DEBUG o.s.web.servlet.DispatcherServlet - GET "/api/service-api/users/getDeadlines", parameters={}
2025-07-04 14:22:32 DEBUG o.s.w.s.m.m.a.RequestMappingHandlerMapping - Mapped to com.nt.LMS.controller.UserController#getUserDeadlines()
2025-07-04 14:22:32 DEBUG o.s.web.method.HandlerMethod - Could not resolve parameter [0] in public org.springframework.http.ResponseEntity<com.nt.LMS.dto.outDTO.StandardResponseOutDTO<java.util.Map<java.lang.String, java.lang.Long>>> com.nt.LMS.controller.UserCourseEnrollmentController.getUserEnrollments(java.lang.Long): Method parameter 'userId': Failed to convert value of type 'java.lang.String' to required type 'java.lang.Long'; For input string: "null"
2025-07-04 14:22:32 DEBUG o.s.w.s.m.m.a.ExceptionHandlerExceptionResolver - Using @ExceptionHandler com.nt.LMS.exception.GlobalExceptionHandler#handleResourceNotFoundException(ResourceNotFoundException, HttpServletRequest)
2025-07-04 14:22:32 WARN  o.s.w.s.m.s.DefaultHandlerExceptionResolver - Resolved [org.springframework.web.method.annotation.MethodArgumentTypeMismatchException: Method parameter 'userId': Failed to convert value of type 'java.lang.String' to required type 'java.lang.Long'; For input string: "null"]
2025-07-04 14:22:32 DEBUG o.s.web.servlet.DispatcherServlet - Completed 400 BAD_REQUEST
2025-07-04 14:22:32 DEBUG o.s.w.s.m.m.a.RequestResponseBodyMethodProcessor - Using 'application/json', given [application/json, text/plain, */*] and supported [application/json, application/*+json]
2025-07-04 14:22:32 DEBUG o.s.w.s.m.m.a.RequestResponseBodyMethodProcessor - Writing [GlobalExceptionHandler.ErrorResponse(timestamp=2025-07-04T14:22:32.518960, status=404, message=User  (truncated)...]
2025-07-04 14:22:32 DEBUG o.s.w.s.m.m.a.ExceptionHandlerExceptionResolver - Resolved [java.lang.RuntimeException: com.nt.LMS.exception.ResourceNotFoundException: User does not exist]
2025-07-04 14:22:32 DEBUG o.s.web.servlet.DispatcherServlet - Completed 404 NOT_FOUND
2025-07-04 14:27:36 WARN  c.n.L.c.ServiceAuthenticationFilter - Gateway secret validation failed
2025-07-04 14:27:36 DEBUG o.s.web.servlet.DispatcherServlet - GET "/api/service-api/enrollments/null/statistics", parameters={}
2025-07-04 14:27:36 DEBUG o.s.web.servlet.DispatcherServlet - GET "/api/service-api/users/getDeadlines", parameters={}
2025-07-04 14:27:36 DEBUG o.s.w.s.m.m.a.RequestMappingHandlerMapping - Mapped to com.nt.LMS.controller.UserCourseEnrollmentController#getUserEnrollments(Long)
2025-07-04 14:27:36 DEBUG o.s.w.s.m.m.a.RequestMappingHandlerMapping - Mapped to com.nt.LMS.controller.UserController#getUserDeadlines()
2025-07-04 14:27:36 DEBUG o.s.web.method.HandlerMethod - Could not resolve parameter [0] in public org.springframework.http.ResponseEntity<com.nt.LMS.dto.outDTO.StandardResponseOutDTO<java.util.Map<java.lang.String, java.lang.Long>>> com.nt.LMS.controller.UserCourseEnrollmentController.getUserEnrollments(java.lang.Long): Method parameter 'userId': Failed to convert value of type 'java.lang.String' to required type 'java.lang.Long'; For input string: "null"
2025-07-04 14:27:36 WARN  o.s.w.s.m.s.DefaultHandlerExceptionResolver - Resolved [org.springframework.web.method.annotation.MethodArgumentTypeMismatchException: Method parameter 'userId': Failed to convert value of type 'java.lang.String' to required type 'java.lang.Long'; For input string: "null"]
2025-07-04 14:27:36 DEBUG o.s.web.servlet.DispatcherServlet - Completed 400 BAD_REQUEST
2025-07-04 14:27:36 DEBUG o.s.w.s.m.m.a.ExceptionHandlerExceptionResolver - Using @ExceptionHandler com.nt.LMS.exception.GlobalExceptionHandler#handleResourceNotFoundException(ResourceNotFoundException, HttpServletRequest)
2025-07-04 14:27:36 DEBUG o.s.w.s.m.m.a.RequestResponseBodyMethodProcessor - Using 'application/json', given [application/json, text/plain, */*] and supported [application/json, application/*+json]
2025-07-04 14:27:36 DEBUG o.s.w.s.m.m.a.RequestResponseBodyMethodProcessor - Writing [GlobalExceptionHandler.ErrorResponse(timestamp=2025-07-04T14:27:36.194431100, status=404, message=Us (truncated)...]
2025-07-04 14:27:36 DEBUG o.s.w.s.m.m.a.ExceptionHandlerExceptionResolver - Resolved [java.lang.RuntimeException: com.nt.LMS.exception.ResourceNotFoundException: User does not exist]
2025-07-04 14:27:36 DEBUG o.s.web.servlet.DispatcherServlet - Completed 404 NOT_FOUND
2025-07-04 14:27:51 WARN  c.n.L.c.ServiceAuthenticationFilter - Gateway secret validation failed
2025-07-04 14:27:51 DEBUG o.s.web.servlet.DispatcherServlet - GET "/api/service-api/users/getDeadlines", parameters={}
2025-07-04 14:27:51 DEBUG o.s.w.s.m.m.a.RequestMappingHandlerMapping - Mapped to com.nt.LMS.controller.UserController#getUserDeadlines()
2025-07-04 14:27:51 DEBUG o.s.web.servlet.DispatcherServlet - GET "/api/service-api/enrollments/null/statistics", parameters={}
2025-07-04 14:27:51 DEBUG o.s.w.s.m.m.a.RequestMappingHandlerMapping - Mapped to com.nt.LMS.controller.UserCourseEnrollmentController#getUserEnrollments(Long)
2025-07-04 14:27:51 DEBUG o.s.web.method.HandlerMethod - Could not resolve parameter [0] in public org.springframework.http.ResponseEntity<com.nt.LMS.dto.outDTO.StandardResponseOutDTO<java.util.Map<java.lang.String, java.lang.Long>>> com.nt.LMS.controller.UserCourseEnrollmentController.getUserEnrollments(java.lang.Long): Method parameter 'userId': Failed to convert value of type 'java.lang.String' to required type 'java.lang.Long'; For input string: "null"
2025-07-04 14:27:51 WARN  o.s.w.s.m.s.DefaultHandlerExceptionResolver - Resolved [org.springframework.web.method.annotation.MethodArgumentTypeMismatchException: Method parameter 'userId': Failed to convert value of type 'java.lang.String' to required type 'java.lang.Long'; For input string: "null"]
2025-07-04 14:27:51 DEBUG o.s.web.servlet.DispatcherServlet - Completed 400 BAD_REQUEST
2025-07-04 14:27:51 DEBUG o.s.w.s.m.m.a.ExceptionHandlerExceptionResolver - Using @ExceptionHandler com.nt.LMS.exception.GlobalExceptionHandler#handleResourceNotFoundException(ResourceNotFoundException, HttpServletRequest)
2025-07-04 14:27:51 DEBUG o.s.w.s.m.m.a.RequestResponseBodyMethodProcessor - Using 'application/json', given [application/json, text/plain, */*] and supported [application/json, application/*+json]
2025-07-04 14:27:51 DEBUG o.s.w.s.m.m.a.RequestResponseBodyMethodProcessor - Writing [GlobalExceptionHandler.ErrorResponse(timestamp=2025-07-04T14:27:51.473312500, status=404, message=Us (truncated)...]
2025-07-04 14:27:51 DEBUG o.s.w.s.m.m.a.ExceptionHandlerExceptionResolver - Resolved [java.lang.RuntimeException: com.nt.LMS.exception.ResourceNotFoundException: User does not exist]
2025-07-04 14:27:51 DEBUG o.s.web.servlet.DispatcherServlet - Completed 404 NOT_FOUND
2025-07-04 14:28:02 WARN  c.n.L.c.ServiceAuthenticationFilter - Gateway secret validation failed
2025-07-04 14:28:02 DEBUG o.s.web.servlet.DispatcherServlet - GET "/api/service-api/enrollments/null/statistics", parameters={}
2025-07-04 14:28:02 DEBUG o.s.web.servlet.DispatcherServlet - GET "/api/service-api/users/getDeadlines", parameters={}
2025-07-04 14:28:02 DEBUG o.s.w.s.m.m.a.RequestMappingHandlerMapping - Mapped to com.nt.LMS.controller.UserCourseEnrollmentController#getUserEnrollments(Long)
2025-07-04 14:28:02 DEBUG o.s.w.s.m.m.a.RequestMappingHandlerMapping - Mapped to com.nt.LMS.controller.UserController#getUserDeadlines()
2025-07-04 14:28:02 DEBUG o.s.web.method.HandlerMethod - Could not resolve parameter [0] in public org.springframework.http.ResponseEntity<com.nt.LMS.dto.outDTO.StandardResponseOutDTO<java.util.Map<java.lang.String, java.lang.Long>>> com.nt.LMS.controller.UserCourseEnrollmentController.getUserEnrollments(java.lang.Long): Method parameter 'userId': Failed to convert value of type 'java.lang.String' to required type 'java.lang.Long'; For input string: "null"
2025-07-04 14:28:02 WARN  o.s.w.s.m.s.DefaultHandlerExceptionResolver - Resolved [org.springframework.web.method.annotation.MethodArgumentTypeMismatchException: Method parameter 'userId': Failed to convert value of type 'java.lang.String' to required type 'java.lang.Long'; For input string: "null"]
2025-07-04 14:28:02 DEBUG o.s.web.servlet.DispatcherServlet - Completed 400 BAD_REQUEST
2025-07-04 14:28:02 DEBUG o.s.w.s.m.m.a.ExceptionHandlerExceptionResolver - Using @ExceptionHandler com.nt.LMS.exception.GlobalExceptionHandler#handleResourceNotFoundException(ResourceNotFoundException, HttpServletRequest)
2025-07-04 14:28:02 DEBUG o.s.w.s.m.m.a.RequestResponseBodyMethodProcessor - Using 'application/json', given [application/json, text/plain, */*] and supported [application/json, application/*+json]
2025-07-04 14:28:02 DEBUG o.s.w.s.m.m.a.RequestResponseBodyMethodProcessor - Writing [GlobalExceptionHandler.ErrorResponse(timestamp=2025-07-04T14:28:02.514890700, status=404, message=Us (truncated)...]
2025-07-04 14:28:02 DEBUG o.s.w.s.m.m.a.ExceptionHandlerExceptionResolver - Resolved [java.lang.RuntimeException: com.nt.LMS.exception.ResourceNotFoundException: User does not exist]
2025-07-04 14:28:02 DEBUG o.s.web.servlet.DispatcherServlet - Completed 404 NOT_FOUND
2025-07-04 14:46:51 INFO  o.h.validator.internal.util.Version - HV000001: Hibernate Validator 8.0.2.Final
2025-07-04 14:46:52 INFO  com.nt.LMS.LmsApplication - Starting LmsApplication using Java 17.0.12 with PID 21400 (C:\Users\DELL\Desktop\LMS-NT\LMS\build\classes\java\main started by DELL in C:\Users\DELL\Desktop\LMS-NT)
2025-07-04 14:46:52 INFO  com.nt.LMS.LmsApplication - No active profile set, falling back to 1 default profile: "default"
2025-07-04 14:46:54 INFO  o.s.d.r.c.RepositoryConfigurationDelegate - Bootstrapping Spring Data JPA repositories in DEFAULT mode.
2025-07-04 14:46:54 INFO  o.s.d.r.c.RepositoryConfigurationDelegate - Finished Spring Data repository scanning in 248 ms. Found 10 JPA repository interfaces.
2025-07-04 14:46:55 INFO  o.s.cloud.context.scope.GenericScope - BeanFactory id=ba30d0a8-4893-3dfd-8a99-8de263d9bdbc
2025-07-04 14:46:56 INFO  o.s.b.w.e.tomcat.TomcatWebServer - Tomcat initialized with port 8081 (http)
2025-07-04 14:46:56 INFO  o.a.coyote.http11.Http11NioProtocol - Initializing ProtocolHandler ["http-nio-8081"]
2025-07-04 14:46:56 INFO  o.a.catalina.core.StandardService - Starting service [Tomcat]
2025-07-04 14:46:56 INFO  o.a.catalina.core.StandardEngine - Starting Servlet engine: [Apache Tomcat/10.1.39]
2025-07-04 14:46:56 INFO  o.a.c.c.C.[Tomcat].[localhost].[/] - Initializing Spring embedded WebApplicationContext
2025-07-04 14:46:56 INFO  o.s.b.w.s.c.ServletWebServerApplicationContext - Root WebApplicationContext: initialization completed in 4655 ms
2025-07-04 14:46:57 INFO  o.h.jpa.internal.util.LogHelper - HHH000204: Processing PersistenceUnitInfo [name: default]
2025-07-04 14:46:57 INFO  org.hibernate.Version - HHH000412: Hibernate ORM core version 6.6.11.Final
2025-07-04 14:46:57 INFO  o.h.c.i.RegionFactoryInitiator - HHH000026: Second-level cache disabled
2025-07-04 14:46:58 INFO  o.s.o.j.p.SpringPersistenceUnitInfo - No LoadTimeWeaver setup: ignoring JPA class transformer
2025-07-04 14:46:58 INFO  com.zaxxer.hikari.HikariDataSource - HikariPool-1 - Starting...
2025-07-04 14:46:58 INFO  com.zaxxer.hikari.pool.HikariPool - HikariPool-1 - Added connection org.postgresql.jdbc.PgConnection@78b9155e
2025-07-04 14:46:58 INFO  com.zaxxer.hikari.HikariDataSource - HikariPool-1 - Start completed.
2025-07-04 14:46:59 WARN  org.hibernate.orm.deprecation - HHH90000025: PostgreSQLDialect does not need to be specified explicitly using 'hibernate.dialect' (remove the property setting and it will be selected by default)
2025-07-04 14:46:59 INFO  o.hibernate.orm.connections.pooling - HHH10001005: Database info:
	Database JDBC URL [Connecting through datasource 'HikariDataSource (HikariPool-1)']
	Database driver: undefined/unknown
	Database version: 16.3
	Autocommit mode: undefined/unknown
	Isolation level: undefined/unknown
	Minimum pool size: undefined/unknown
	Maximum pool size: undefined/unknown
2025-07-04 14:47:01 INFO  o.h.e.t.j.p.i.JtaPlatformInitiator - HHH000489: No JTA platform available (set 'hibernate.transaction.jta.platform' to enable JTA platform integration)
2025-07-04 14:47:01 INFO  o.s.o.j.LocalContainerEntityManagerFactoryBean - Initialized JPA EntityManagerFactory for persistence unit 'default'
2025-07-04 14:47:02 INFO  o.s.d.j.r.query.QueryEnhancerFactory - Hibernate is in classpath; If applicable, HQL parser will be used.
2025-07-04 14:47:03 WARN  o.s.b.a.o.j.JpaBaseConfiguration$JpaWebConfiguration - spring.jpa.open-in-view is enabled by default. Therefore, database queries may be performed during view rendering. Explicitly configure spring.jpa.open-in-view to disable this warning
2025-07-04 14:47:04 INFO  o.s.s.c.a.a.c.InitializeUserDetailsBeanManagerConfigurer$InitializeUserDetailsManagerConfigurer - Global AuthenticationManager configured with UserDetailsService bean with name userServiceImpl
2025-07-04 14:47:04 DEBUG o.s.w.s.m.m.a.RequestMappingHandlerMapping - 43 mappings in 'requestMappingHandlerMapping'
2025-07-04 14:47:04 DEBUG o.s.w.s.h.SimpleUrlHandlerMapping - Patterns [/webjars/**, /**] in 'resourceHandlerMapping'
2025-07-04 14:47:05 DEBUG o.s.w.s.m.m.a.RequestMappingHandlerAdapter - ControllerAdvice beans: 0 @ModelAttribute, 0 @InitBinder, 1 RequestBodyAdvice, 1 ResponseBodyAdvice
2025-07-04 14:47:05 DEBUG o.s.w.s.m.m.a.ExceptionHandlerExceptionResolver - ControllerAdvice beans: 1 @ExceptionHandler, 1 ResponseBodyAdvice
2025-07-04 14:47:05 INFO  o.a.coyote.http11.Http11NioProtocol - Starting ProtocolHandler ["http-nio-8081"]
2025-07-04 14:47:05 INFO  o.s.b.w.e.tomcat.TomcatWebServer - Tomcat started on port 8081 (http) with context path '/'
2025-07-04 14:47:06 INFO  com.nt.LMS.LmsApplication - Started LmsApplication in 15.274 seconds (process running for 17.062)
2025-07-04 14:47:35 INFO  o.a.c.c.C.[Tomcat].[localhost].[/] - Initializing Spring DispatcherServlet 'dispatcherServlet'
2025-07-04 14:47:35 INFO  o.s.web.servlet.DispatcherServlet - Initializing Servlet 'dispatcherServlet'
2025-07-04 14:47:35 DEBUG o.s.web.servlet.DispatcherServlet - Detected StandardServletMultipartResolver
2025-07-04 14:47:35 DEBUG o.s.web.servlet.DispatcherServlet - Detected AcceptHeaderLocaleResolver
2025-07-04 14:47:35 DEBUG o.s.web.servlet.DispatcherServlet - Detected FixedThemeResolver
2025-07-04 14:47:35 DEBUG o.s.web.servlet.DispatcherServlet - Detected org.springframework.web.servlet.view.DefaultRequestToViewNameTranslator@28728558
2025-07-04 14:47:35 DEBUG o.s.web.servlet.DispatcherServlet - Detected org.springframework.web.servlet.support.SessionFlashMapManager@16bc97b9
2025-07-04 14:47:35 DEBUG o.s.web.servlet.DispatcherServlet - enableLoggingRequestDetails='false': request parameters and headers will be masked to prevent unsafe logging of potentially sensitive data
2025-07-04 14:47:35 INFO  o.s.web.servlet.DispatcherServlet - Completed initialization in 3 ms
2025-07-04 14:47:36 DEBUG o.s.web.servlet.DispatcherServlet - GET "/api/service-api/enrollments/47/statistics", parameters={}
2025-07-04 14:47:36 DEBUG o.s.web.servlet.DispatcherServlet - GET "/api/service-api/users/getDeadlines", parameters={}
2025-07-04 14:47:36 DEBUG o.s.web.servlet.DispatcherServlet - GET "/api/service-api/enrollments/null/statistics", parameters={}
2025-07-04 14:47:36 DEBUG o.s.w.s.m.m.a.RequestMappingHandlerMapping - Mapped to com.nt.LMS.controller.UserController#getUserDeadlines()
2025-07-04 14:47:36 DEBUG o.s.w.s.m.m.a.RequestMappingHandlerMapping - Mapped to com.nt.LMS.controller.UserCourseEnrollmentController#getUserEnrollments(Long)
2025-07-04 14:47:36 DEBUG o.s.w.s.m.m.a.RequestMappingHandlerMapping - Mapped to com.nt.LMS.controller.UserCourseEnrollmentController#getUserEnrollments(Long)
2025-07-04 14:47:36 DEBUG o.s.web.method.HandlerMethod - Could not resolve parameter [0] in public org.springframework.http.ResponseEntity<com.nt.LMS.dto.outDTO.StandardResponseOutDTO<java.util.Map<java.lang.String, java.lang.Long>>> com.nt.LMS.controller.UserCourseEnrollmentController.getUserEnrollments(java.lang.Long): Method parameter 'userId': Failed to convert value of type 'java.lang.String' to required type 'java.lang.Long'; For input string: "null"
2025-07-04 14:47:36 WARN  o.s.w.s.m.s.DefaultHandlerExceptionResolver - Resolved [org.springframework.web.method.annotation.MethodArgumentTypeMismatchException: Method parameter 'userId': Failed to convert value of type 'java.lang.String' to required type 'java.lang.Long'; For input string: "null"]
2025-07-04 14:47:36 DEBUG o.s.web.servlet.DispatcherServlet - Completed 400 BAD_REQUEST
2025-07-04 14:47:36 DEBUG o.s.w.s.m.m.a.ExceptionHandlerExceptionResolver - Using @ExceptionHandler com.nt.LMS.exception.GlobalExceptionHandler#handleResourceNotFoundException(ResourceNotFoundException, HttpServletRequest)
2025-07-04 14:47:36 DEBUG o.s.w.s.m.m.a.HttpEntityMethodProcessor - Using 'application/json', given [application/json, text/plain, */*] and supported [application/json, application/*+json]
2025-07-04 14:47:36 DEBUG o.s.w.s.m.m.a.RequestResponseBodyMethodProcessor - Using 'application/json', given [application/json, text/plain, */*] and supported [application/json, application/*+json]
2025-07-04 14:47:36 DEBUG o.s.w.s.m.m.a.HttpEntityMethodProcessor - Writing [StandardResponseOutDTO{status='SUCCESS', message='Fetched Users Enrolled', data={groups=1, enrollmen (truncated)...]
2025-07-04 14:47:36 DEBUG o.s.w.s.m.m.a.RequestResponseBodyMethodProcessor - Writing [GlobalExceptionHandler.ErrorResponse(timestamp=2025-07-04T14:47:36.467946300, status=404, message=Us (truncated)...]
2025-07-04 14:47:36 DEBUG o.s.w.s.m.m.a.ExceptionHandlerExceptionResolver - Resolved [java.lang.RuntimeException: com.nt.LMS.exception.ResourceNotFoundException: User does not exist]
2025-07-04 14:47:36 DEBUG o.s.web.servlet.DispatcherServlet - Completed 404 NOT_FOUND
2025-07-04 14:47:36 DEBUG o.s.web.servlet.DispatcherServlet - Completed 200 OK
2025-07-04 14:49:18 DEBUG o.s.web.servlet.DispatcherServlet - GET "/api/service-api/users/getDeadlines", parameters={}
2025-07-04 14:49:18 DEBUG o.s.web.servlet.DispatcherServlet - GET "/api/service-api/enrollments/null/statistics", parameters={}
2025-07-04 14:49:18 DEBUG o.s.w.s.m.m.a.RequestMappingHandlerMapping - Mapped to com.nt.LMS.controller.UserController#getUserDeadlines()
2025-07-04 14:49:18 DEBUG o.s.w.s.m.m.a.RequestMappingHandlerMapping - Mapped to com.nt.LMS.controller.UserCourseEnrollmentController#getUserEnrollments(Long)
2025-07-04 14:49:18 DEBUG o.s.web.method.HandlerMethod - Could not resolve parameter [0] in public org.springframework.http.ResponseEntity<com.nt.LMS.dto.outDTO.StandardResponseOutDTO<java.util.Map<java.lang.String, java.lang.Long>>> com.nt.LMS.controller.UserCourseEnrollmentController.getUserEnrollments(java.lang.Long): Method parameter 'userId': Failed to convert value of type 'java.lang.String' to required type 'java.lang.Long'; For input string: "null"
2025-07-04 14:49:18 WARN  o.s.w.s.m.s.DefaultHandlerExceptionResolver - Resolved [org.springframework.web.method.annotation.MethodArgumentTypeMismatchException: Method parameter 'userId': Failed to convert value of type 'java.lang.String' to required type 'java.lang.Long'; For input string: "null"]
2025-07-04 14:49:18 DEBUG o.s.web.servlet.DispatcherServlet - Completed 400 BAD_REQUEST
2025-07-04 14:49:18 DEBUG o.s.w.s.m.m.a.ExceptionHandlerExceptionResolver - Using @ExceptionHandler com.nt.LMS.exception.GlobalExceptionHandler#handleResourceNotFoundException(ResourceNotFoundException, HttpServletRequest)
2025-07-04 14:49:18 DEBUG o.s.w.s.m.m.a.RequestResponseBodyMethodProcessor - Using 'application/json', given [application/json, text/plain, */*] and supported [application/json, application/*+json]
2025-07-04 14:49:18 DEBUG o.s.w.s.m.m.a.RequestResponseBodyMethodProcessor - Writing [GlobalExceptionHandler.ErrorResponse(timestamp=2025-07-04T14:49:18.905311600, status=404, message=Us (truncated)...]
2025-07-04 14:49:18 DEBUG o.s.w.s.m.m.a.ExceptionHandlerExceptionResolver - Resolved [java.lang.RuntimeException: com.nt.LMS.exception.ResourceNotFoundException: User does not exist]
2025-07-04 14:49:18 DEBUG o.s.web.servlet.DispatcherServlet - Completed 404 NOT_FOUND
2025-07-04 14:49:18 DEBUG o.s.web.servlet.DispatcherServlet - GET "/api/service-api/enrollments/47/statistics", parameters={}
2025-07-04 14:49:18 DEBUG o.s.w.s.m.m.a.RequestMappingHandlerMapping - Mapped to com.nt.LMS.controller.UserCourseEnrollmentController#getUserEnrollments(Long)
2025-07-04 14:49:18 DEBUG o.s.w.s.m.m.a.HttpEntityMethodProcessor - Using 'application/json', given [application/json, text/plain, */*] and supported [application/json, application/*+json]
2025-07-04 14:49:18 DEBUG o.s.w.s.m.m.a.HttpEntityMethodProcessor - Writing [StandardResponseOutDTO{status='SUCCESS', message='Fetched Users Enrolled', data={groups=1, enrollmen (truncated)...]
2025-07-04 14:49:18 DEBUG o.s.web.servlet.DispatcherServlet - Completed 200 OK
2025-07-04 14:50:21 DEBUG o.s.web.servlet.DispatcherServlet - GET "/api/service-api/users/getDeadlines", parameters={}
2025-07-04 14:50:21 DEBUG o.s.web.servlet.DispatcherServlet - GET "/api/service-api/enrollments/null/statistics", parameters={}
2025-07-04 14:50:21 DEBUG o.s.w.s.m.m.a.RequestMappingHandlerMapping - Mapped to com.nt.LMS.controller.UserController#getUserDeadlines()
2025-07-04 14:50:21 DEBUG o.s.w.s.m.m.a.RequestMappingHandlerMapping - Mapped to com.nt.LMS.controller.UserCourseEnrollmentController#getUserEnrollments(Long)
2025-07-04 14:50:21 DEBUG o.s.web.method.HandlerMethod - Could not resolve parameter [0] in public org.springframework.http.ResponseEntity<com.nt.LMS.dto.outDTO.StandardResponseOutDTO<java.util.Map<java.lang.String, java.lang.Long>>> com.nt.LMS.controller.UserCourseEnrollmentController.getUserEnrollments(java.lang.Long): Method parameter 'userId': Failed to convert value of type 'java.lang.String' to required type 'java.lang.Long'; For input string: "null"
2025-07-04 14:50:21 WARN  o.s.w.s.m.s.DefaultHandlerExceptionResolver - Resolved [org.springframework.web.method.annotation.MethodArgumentTypeMismatchException: Method parameter 'userId': Failed to convert value of type 'java.lang.String' to required type 'java.lang.Long'; For input string: "null"]
2025-07-04 14:50:21 DEBUG o.s.web.servlet.DispatcherServlet - Completed 400 BAD_REQUEST
2025-07-04 14:50:21 DEBUG o.s.w.s.m.m.a.ExceptionHandlerExceptionResolver - Using @ExceptionHandler com.nt.LMS.exception.GlobalExceptionHandler#handleResourceNotFoundException(ResourceNotFoundException, HttpServletRequest)
2025-07-04 14:50:21 DEBUG o.s.w.s.m.m.a.RequestResponseBodyMethodProcessor - Using 'application/json', given [application/json, text/plain, */*] and supported [application/json, application/*+json]
2025-07-04 14:50:21 DEBUG o.s.w.s.m.m.a.RequestResponseBodyMethodProcessor - Writing [GlobalExceptionHandler.ErrorResponse(timestamp=2025-07-04T14:50:21.398788, status=404, message=User  (truncated)...]
2025-07-04 14:50:21 DEBUG o.s.w.s.m.m.a.ExceptionHandlerExceptionResolver - Resolved [java.lang.RuntimeException: com.nt.LMS.exception.ResourceNotFoundException: User does not exist]
2025-07-04 14:50:21 DEBUG o.s.web.servlet.DispatcherServlet - Completed 404 NOT_FOUND
2025-07-04 14:52:26 INFO  o.h.validator.internal.util.Version - HV000001: Hibernate Validator 8.0.2.Final
2025-07-04 14:52:26 INFO  com.nt.LMS.LmsApplication - Starting LmsApplication using Java 17.0.12 with PID 22912 (C:\Users\DELL\Desktop\LMS-NT\LMS\build\classes\java\main started by DELL in C:\Users\DELL\Desktop\LMS-NT)
2025-07-04 14:52:26 INFO  com.nt.LMS.LmsApplication - No active profile set, falling back to 1 default profile: "default"
2025-07-04 14:52:28 INFO  o.s.d.r.c.RepositoryConfigurationDelegate - Bootstrapping Spring Data JPA repositories in DEFAULT mode.
2025-07-04 14:52:28 INFO  o.s.d.r.c.RepositoryConfigurationDelegate - Finished Spring Data repository scanning in 181 ms. Found 10 JPA repository interfaces.
2025-07-04 14:52:28 INFO  o.s.cloud.context.scope.GenericScope - BeanFactory id=ba30d0a8-4893-3dfd-8a99-8de263d9bdbc
2025-07-04 14:52:29 INFO  o.s.b.w.e.tomcat.TomcatWebServer - Tomcat initialized with port 8081 (http)
2025-07-04 14:52:29 INFO  o.a.coyote.http11.Http11NioProtocol - Initializing ProtocolHandler ["http-nio-8081"]
2025-07-04 14:52:29 INFO  o.a.catalina.core.StandardService - Starting service [Tomcat]
2025-07-04 14:52:29 INFO  o.a.catalina.core.StandardEngine - Starting Servlet engine: [Apache Tomcat/10.1.39]
2025-07-04 14:52:29 INFO  o.a.c.c.C.[Tomcat].[localhost].[/] - Initializing Spring embedded WebApplicationContext
2025-07-04 14:52:29 INFO  o.s.b.w.s.c.ServletWebServerApplicationContext - Root WebApplicationContext: initialization completed in 3505 ms
2025-07-04 14:52:30 INFO  o.h.jpa.internal.util.LogHelper - HHH000204: Processing PersistenceUnitInfo [name: default]
2025-07-04 14:52:30 INFO  org.hibernate.Version - HHH000412: Hibernate ORM core version 6.6.11.Final
2025-07-04 14:52:30 INFO  o.h.c.i.RegionFactoryInitiator - HHH000026: Second-level cache disabled
2025-07-04 14:52:30 INFO  o.s.o.j.p.SpringPersistenceUnitInfo - No LoadTimeWeaver setup: ignoring JPA class transformer
2025-07-04 14:52:30 INFO  com.zaxxer.hikari.HikariDataSource - HikariPool-1 - Starting...
2025-07-04 14:52:31 INFO  com.zaxxer.hikari.pool.HikariPool - HikariPool-1 - Added connection org.postgresql.jdbc.PgConnection@54234569
2025-07-04 14:52:31 INFO  com.zaxxer.hikari.HikariDataSource - HikariPool-1 - Start completed.
2025-07-04 14:52:31 WARN  org.hibernate.orm.deprecation - HHH90000025: PostgreSQLDialect does not need to be specified explicitly using 'hibernate.dialect' (remove the property setting and it will be selected by default)
2025-07-04 14:52:31 INFO  o.hibernate.orm.connections.pooling - HHH10001005: Database info:
	Database JDBC URL [Connecting through datasource 'HikariDataSource (HikariPool-1)']
	Database driver: undefined/unknown
	Database version: 16.3
	Autocommit mode: undefined/unknown
	Isolation level: undefined/unknown
	Minimum pool size: undefined/unknown
	Maximum pool size: undefined/unknown
2025-07-04 14:52:33 INFO  o.h.e.t.j.p.i.JtaPlatformInitiator - HHH000489: No JTA platform available (set 'hibernate.transaction.jta.platform' to enable JTA platform integration)
2025-07-04 14:52:33 INFO  o.s.o.j.LocalContainerEntityManagerFactoryBean - Initialized JPA EntityManagerFactory for persistence unit 'default'
2025-07-04 14:52:33 INFO  o.s.d.j.r.query.QueryEnhancerFactory - Hibernate is in classpath; If applicable, HQL parser will be used.
2025-07-04 14:52:34 WARN  o.s.b.a.o.j.JpaBaseConfiguration$JpaWebConfiguration - spring.jpa.open-in-view is enabled by default. Therefore, database queries may be performed during view rendering. Explicitly configure spring.jpa.open-in-view to disable this warning
2025-07-04 14:52:35 INFO  o.s.s.c.a.a.c.InitializeUserDetailsBeanManagerConfigurer$InitializeUserDetailsManagerConfigurer - Global AuthenticationManager configured with UserDetailsService bean with name userServiceImpl
2025-07-04 14:52:35 DEBUG o.s.w.s.m.m.a.RequestMappingHandlerMapping - 43 mappings in 'requestMappingHandlerMapping'
2025-07-04 14:52:35 DEBUG o.s.w.s.h.SimpleUrlHandlerMapping - Patterns [/webjars/**, /**] in 'resourceHandlerMapping'
2025-07-04 14:52:36 DEBUG o.s.w.s.m.m.a.RequestMappingHandlerAdapter - ControllerAdvice beans: 0 @ModelAttribute, 0 @InitBinder, 1 RequestBodyAdvice, 1 ResponseBodyAdvice
2025-07-04 14:52:36 DEBUG o.s.w.s.m.m.a.ExceptionHandlerExceptionResolver - ControllerAdvice beans: 1 @ExceptionHandler, 1 ResponseBodyAdvice
2025-07-04 14:52:36 INFO  o.a.coyote.http11.Http11NioProtocol - Starting ProtocolHandler ["http-nio-8081"]
2025-07-04 14:52:36 INFO  o.s.b.w.e.tomcat.TomcatWebServer - Tomcat started on port 8081 (http) with context path '/'
2025-07-04 14:52:36 INFO  com.nt.LMS.LmsApplication - Started LmsApplication in 11.493 seconds (process running for 12.953)
2025-07-04 14:53:19 INFO  o.a.c.c.C.[Tomcat].[localhost].[/] - Initializing Spring DispatcherServlet 'dispatcherServlet'
2025-07-04 14:53:19 INFO  o.s.web.servlet.DispatcherServlet - Initializing Servlet 'dispatcherServlet'
2025-07-04 14:53:19 DEBUG o.s.web.servlet.DispatcherServlet - Detected StandardServletMultipartResolver
2025-07-04 14:53:19 DEBUG o.s.web.servlet.DispatcherServlet - Detected AcceptHeaderLocaleResolver
2025-07-04 14:53:19 DEBUG o.s.web.servlet.DispatcherServlet - Detected FixedThemeResolver
2025-07-04 14:53:19 DEBUG o.s.web.servlet.DispatcherServlet - Detected org.springframework.web.servlet.view.DefaultRequestToViewNameTranslator@75f1c170
2025-07-04 14:53:19 DEBUG o.s.web.servlet.DispatcherServlet - Detected org.springframework.web.servlet.support.SessionFlashMapManager@5a372288
2025-07-04 14:53:19 DEBUG o.s.web.servlet.DispatcherServlet - enableLoggingRequestDetails='false': request parameters and headers will be masked to prevent unsafe logging of potentially sensitive data
2025-07-04 14:53:19 INFO  o.s.web.servlet.DispatcherServlet - Completed initialization in 3 ms
2025-07-04 14:53:19 DEBUG o.s.web.servlet.DispatcherServlet - GET "/api/service-api/enrollments/47/statistics", parameters={}
2025-07-04 14:53:19 DEBUG o.s.w.s.m.m.a.RequestMappingHandlerMapping - Mapped to com.nt.LMS.controller.UserCourseEnrollmentController#getUserEnrollments(Long)
2025-07-04 14:53:19 DEBUG o.s.w.s.m.m.a.HttpEntityMethodProcessor - Using 'application/json', given [application/json, text/plain, */*] and supported [application/json, application/*+json]
2025-07-04 14:53:19 DEBUG o.s.w.s.m.m.a.HttpEntityMethodProcessor - Writing [StandardResponseOutDTO{status='SUCCESS', message='Fetched Users Enrolled', data={groups=1, enrollmen (truncated)...]
2025-07-04 14:53:19 DEBUG o.s.web.servlet.DispatcherServlet - Completed 200 OK
2025-07-04 14:53:44 DEBUG o.s.web.servlet.DispatcherServlet - GET "/api/service-api/users/getDeadlines", parameters={}
2025-07-04 14:53:44 DEBUG o.s.web.servlet.DispatcherServlet - GET "/api/service-api/enrollments/null/statistics", parameters={}
2025-07-04 14:53:44 DEBUG o.s.w.s.m.m.a.RequestMappingHandlerMapping - Mapped to com.nt.LMS.controller.UserController#getUserDeadlines()
2025-07-04 14:53:44 DEBUG o.s.w.s.m.m.a.RequestMappingHandlerMapping - Mapped to com.nt.LMS.controller.UserCourseEnrollmentController#getUserEnrollments(Long)
2025-07-04 14:53:44 DEBUG o.s.web.method.HandlerMethod - Could not resolve parameter [0] in public org.springframework.http.ResponseEntity<com.nt.LMS.dto.outDTO.StandardResponseOutDTO<java.util.Map<java.lang.String, java.lang.Long>>> com.nt.LMS.controller.UserCourseEnrollmentController.getUserEnrollments(java.lang.Long): Method parameter 'userId': Failed to convert value of type 'java.lang.String' to required type 'java.lang.Long'; For input string: "null"
2025-07-04 14:53:44 WARN  o.s.w.s.m.s.DefaultHandlerExceptionResolver - Resolved [org.springframework.web.method.annotation.MethodArgumentTypeMismatchException: Method parameter 'userId': Failed to convert value of type 'java.lang.String' to required type 'java.lang.Long'; For input string: "null"]
2025-07-04 14:53:44 DEBUG o.s.web.servlet.DispatcherServlet - Completed 400 BAD_REQUEST
2025-07-04 14:53:44 DEBUG o.s.w.s.m.m.a.HttpEntityMethodProcessor - Using 'application/json', given [application/json, text/plain, */*] and supported [application/json, application/*+json]
2025-07-04 14:53:44 DEBUG o.s.w.s.m.m.a.HttpEntityMethodProcessor - Writing [StandardResponseOutDTO{status='SUCCESS', message='null', data=[]}]
2025-07-04 14:53:44 DEBUG o.s.web.servlet.DispatcherServlet - Completed 200 OK
2025-07-04 14:54:11 DEBUG o.s.web.servlet.DispatcherServlet - GET "/api/service-api/enrollments/47/statistics", parameters={}
2025-07-04 14:54:11 DEBUG o.s.w.s.m.m.a.RequestMappingHandlerMapping - Mapped to com.nt.LMS.controller.UserCourseEnrollmentController#getUserEnrollments(Long)
2025-07-04 14:54:11 DEBUG o.s.w.s.m.m.a.HttpEntityMethodProcessor - Using 'application/json', given [application/json, text/plain, */*] and supported [application/json, application/*+json]
2025-07-04 14:54:11 DEBUG o.s.w.s.m.m.a.HttpEntityMethodProcessor - Writing [StandardResponseOutDTO{status='SUCCESS', message='Fetched Users Enrolled', data={groups=1, enrollmen (truncated)...]
2025-07-04 14:54:11 DEBUG o.s.web.servlet.DispatcherServlet - Completed 200 OK
2025-07-04 14:55:01 DEBUG o.s.web.servlet.DispatcherServlet - GET "/api/service-api/users/getDeadlines", parameters={}
2025-07-04 14:55:01 DEBUG o.s.w.s.m.m.a.RequestMappingHandlerMapping - Mapped to com.nt.LMS.controller.UserController#getUserDeadlines()
2025-07-04 14:55:01 DEBUG o.s.web.servlet.DispatcherServlet - GET "/api/service-api/enrollments/null/statistics", parameters={}
2025-07-04 14:55:01 DEBUG o.s.w.s.m.m.a.RequestMappingHandlerMapping - Mapped to com.nt.LMS.controller.UserCourseEnrollmentController#getUserEnrollments(Long)
2025-07-04 14:55:01 DEBUG o.s.web.method.HandlerMethod - Could not resolve parameter [0] in public org.springframework.http.ResponseEntity<com.nt.LMS.dto.outDTO.StandardResponseOutDTO<java.util.Map<java.lang.String, java.lang.Long>>> com.nt.LMS.controller.UserCourseEnrollmentController.getUserEnrollments(java.lang.Long): Method parameter 'userId': Failed to convert value of type 'java.lang.String' to required type 'java.lang.Long'; For input string: "null"
2025-07-04 14:55:01 WARN  o.s.w.s.m.s.DefaultHandlerExceptionResolver - Resolved [org.springframework.web.method.annotation.MethodArgumentTypeMismatchException: Method parameter 'userId': Failed to convert value of type 'java.lang.String' to required type 'java.lang.Long'; For input string: "null"]
2025-07-04 14:55:01 DEBUG o.s.web.servlet.DispatcherServlet - Completed 400 BAD_REQUEST
2025-07-04 14:55:01 DEBUG o.s.w.s.m.m.a.HttpEntityMethodProcessor - Using 'application/json', given [application/json, text/plain, */*] and supported [application/json, application/*+json]
2025-07-04 14:55:01 DEBUG o.s.w.s.m.m.a.HttpEntityMethodProcessor - Writing [StandardResponseOutDTO{status='SUCCESS', message='null', data=[]}]
2025-07-04 14:55:01 DEBUG o.s.web.servlet.DispatcherServlet - Completed 200 OK
2025-07-04 14:57:53 DEBUG o.s.web.servlet.DispatcherServlet - GET "/api/service-api/enrollments/47/statistics", parameters={}
2025-07-04 14:57:53 DEBUG o.s.w.s.m.m.a.RequestMappingHandlerMapping - Mapped to com.nt.LMS.controller.UserCourseEnrollmentController#getUserEnrollments(Long)
2025-07-04 14:57:53 DEBUG o.s.w.s.m.m.a.HttpEntityMethodProcessor - Using 'application/json', given [application/json, text/plain, */*] and supported [application/json, application/*+json]
2025-07-04 14:57:53 DEBUG o.s.w.s.m.m.a.HttpEntityMethodProcessor - Writing [StandardResponseOutDTO{status='SUCCESS', message='Fetched Users Enrolled', data={groups=1, enrollmen (truncated)...]
2025-07-04 14:57:53 DEBUG o.s.web.servlet.DispatcherServlet - Completed 200 OK
2025-07-04 14:58:11 DEBUG o.s.web.servlet.DispatcherServlet - GET "/api/service-api/users/getDeadlines", parameters={}
2025-07-04 14:58:11 DEBUG o.s.w.s.m.m.a.RequestMappingHandlerMapping - Mapped to com.nt.LMS.controller.UserController#getUserDeadlines()
2025-07-04 14:58:11 DEBUG o.s.w.s.m.m.a.HttpEntityMethodProcessor - Using 'application/json', given [application/json, text/plain, */*] and supported [application/json, application/*+json]
2025-07-04 14:58:11 DEBUG o.s.w.s.m.m.a.HttpEntityMethodProcessor - Writing [StandardResponseOutDTO{status='SUCCESS', message='null', data=[]}]
2025-07-04 14:58:11 DEBUG o.s.web.servlet.DispatcherServlet - Completed 200 OK
2025-07-04 14:58:23 DEBUG o.s.web.servlet.DispatcherServlet - GET "/api/service-api/enrollments/47/statistics", parameters={}
2025-07-04 14:58:23 DEBUG o.s.w.s.m.m.a.RequestMappingHandlerMapping - Mapped to com.nt.LMS.controller.UserCourseEnrollmentController#getUserEnrollments(Long)
2025-07-04 14:58:23 DEBUG o.s.w.s.m.m.a.HttpEntityMethodProcessor - Using 'application/json', given [application/json, text/plain, */*] and supported [application/json, application/*+json]
2025-07-04 14:58:23 DEBUG o.s.w.s.m.m.a.HttpEntityMethodProcessor - Writing [StandardResponseOutDTO{status='SUCCESS', message='Fetched Users Enrolled', data={groups=1, enrollmen (truncated)...]
2025-07-04 14:58:23 DEBUG o.s.web.servlet.DispatcherServlet - Completed 200 OK
2025-07-04 14:59:50 DEBUG o.s.web.servlet.DispatcherServlet - GET "/api/service-api/users/getDeadlines", parameters={}
2025-07-04 14:59:50 DEBUG o.s.w.s.m.m.a.RequestMappingHandlerMapping - Mapped to com.nt.LMS.controller.UserController#getUserDeadlines()
2025-07-04 14:59:50 DEBUG o.s.w.s.m.m.a.HttpEntityMethodProcessor - Using 'application/json', given [application/json, text/plain, */*] and supported [application/json, application/*+json]
2025-07-04 14:59:50 DEBUG o.s.w.s.m.m.a.HttpEntityMethodProcessor - Writing [StandardResponseOutDTO{status='SUCCESS', message='null', data=[]}]
2025-07-04 14:59:50 DEBUG o.s.web.servlet.DispatcherServlet - Completed 200 OK
2025-07-04 14:59:52 DEBUG o.s.web.servlet.DispatcherServlet - GET "/api/service-api/enrollments/47/statistics", parameters={}
2025-07-04 14:59:52 DEBUG o.s.w.s.m.m.a.RequestMappingHandlerMapping - Mapped to com.nt.LMS.controller.UserCourseEnrollmentController#getUserEnrollments(Long)
2025-07-04 14:59:52 DEBUG o.s.w.s.m.m.a.HttpEntityMethodProcessor - Using 'application/json', given [application/json, text/plain, */*] and supported [application/json, application/*+json]
2025-07-04 14:59:52 DEBUG o.s.w.s.m.m.a.HttpEntityMethodProcessor - Writing [StandardResponseOutDTO{status='SUCCESS', message='Fetched Users Enrolled', data={groups=1, enrollmen (truncated)...]
2025-07-04 14:59:52 DEBUG o.s.web.servlet.DispatcherServlet - Completed 200 OK
2025-07-04 15:00:17 DEBUG o.s.web.servlet.DispatcherServlet - GET "/api/service-api/users/getDeadlines", parameters={}
2025-07-04 15:00:17 DEBUG o.s.w.s.m.m.a.RequestMappingHandlerMapping - Mapped to com.nt.LMS.controller.UserController#getUserDeadlines()
2025-07-04 15:00:17 DEBUG o.s.w.s.m.m.a.HttpEntityMethodProcessor - Using 'application/json', given [application/json, text/plain, */*] and supported [application/json, application/*+json]
2025-07-04 15:00:17 DEBUG o.s.w.s.m.m.a.HttpEntityMethodProcessor - Writing [StandardResponseOutDTO{status='SUCCESS', message='null', data=[]}]
2025-07-04 15:00:17 DEBUG o.s.web.servlet.DispatcherServlet - Completed 200 OK
2025-07-04 15:00:19 DEBUG o.s.web.servlet.DispatcherServlet - GET "/api/service-api/enrollments/47/statistics", parameters={}
2025-07-04 15:00:19 DEBUG o.s.w.s.m.m.a.RequestMappingHandlerMapping - Mapped to com.nt.LMS.controller.UserCourseEnrollmentController#getUserEnrollments(Long)
2025-07-04 15:00:19 DEBUG o.s.w.s.m.m.a.HttpEntityMethodProcessor - Using 'application/json', given [application/json, text/plain, */*] and supported [application/json, application/*+json]
2025-07-04 15:00:19 DEBUG o.s.w.s.m.m.a.HttpEntityMethodProcessor - Writing [StandardResponseOutDTO{status='SUCCESS', message='Fetched Users Enrolled', data={groups=1, enrollmen (truncated)...]
2025-07-04 15:00:19 DEBUG o.s.web.servlet.DispatcherServlet - Completed 200 OK
2025-07-04 15:11:26 DEBUG o.s.web.servlet.DispatcherServlet - GET "/api/service-api/users/getDeadlines", parameters={}
2025-07-04 15:11:26 DEBUG o.s.w.s.m.m.a.RequestMappingHandlerMapping - Mapped to com.nt.LMS.controller.UserController#getUserDeadlines()
2025-07-04 15:11:26 DEBUG o.s.w.s.m.m.a.HttpEntityMethodProcessor - Using 'application/json', given [application/json, text/plain, */*] and supported [application/json, application/*+json]
2025-07-04 15:11:26 DEBUG o.s.w.s.m.m.a.HttpEntityMethodProcessor - Writing [StandardResponseOutDTO{status='SUCCESS', message='null', data=[]}]
2025-07-04 15:11:26 DEBUG o.s.web.servlet.DispatcherServlet - Completed 200 OK
2025-07-04 15:11:28 DEBUG o.s.web.servlet.DispatcherServlet - GET "/api/service-api/enrollments/47/statistics", parameters={}
2025-07-04 15:11:28 DEBUG o.s.w.s.m.m.a.RequestMappingHandlerMapping - Mapped to com.nt.LMS.controller.UserCourseEnrollmentController#getUserEnrollments(Long)
2025-07-04 15:11:28 DEBUG o.s.w.s.m.m.a.HttpEntityMethodProcessor - Using 'application/json', given [application/json, text/plain, */*] and supported [application/json, application/*+json]
2025-07-04 15:11:28 DEBUG o.s.w.s.m.m.a.HttpEntityMethodProcessor - Writing [StandardResponseOutDTO{status='SUCCESS', message='Fetched Users Enrolled', data={groups=1, enrollmen (truncated)...]
2025-07-04 15:11:28 DEBUG o.s.web.servlet.DispatcherServlet - Completed 200 OK
2025-07-04 15:30:51 INFO  o.h.validator.internal.util.Version - HV000001: Hibernate Validator 8.0.2.Final
2025-07-04 15:30:51 INFO  com.nt.LMS.LmsApplication - Starting LmsApplication using Java 17.0.12 with PID 18884 (C:\Users\DELL\Desktop\LMS-NT\LMS\build\classes\java\main started by DELL in C:\Users\DELL\Desktop\LMS-NT)
2025-07-04 15:30:51 INFO  com.nt.LMS.LmsApplication - No active profile set, falling back to 1 default profile: "default"
2025-07-04 15:30:53 INFO  o.s.d.r.c.RepositoryConfigurationDelegate - Bootstrapping Spring Data JPA repositories in DEFAULT mode.
2025-07-04 15:30:53 INFO  o.s.d.r.c.RepositoryConfigurationDelegate - Finished Spring Data repository scanning in 217 ms. Found 10 JPA repository interfaces.
2025-07-04 15:30:54 INFO  o.s.cloud.context.scope.GenericScope - BeanFactory id=ba30d0a8-4893-3dfd-8a99-8de263d9bdbc
2025-07-04 15:30:55 INFO  o.s.b.w.e.tomcat.TomcatWebServer - Tomcat initialized with port 8081 (http)
2025-07-04 15:30:55 INFO  o.a.coyote.http11.Http11NioProtocol - Initializing ProtocolHandler ["http-nio-8081"]
2025-07-04 15:30:55 INFO  o.a.catalina.core.StandardService - Starting service [Tomcat]
2025-07-04 15:30:55 INFO  o.a.catalina.core.StandardEngine - Starting Servlet engine: [Apache Tomcat/10.1.39]
2025-07-04 15:30:55 INFO  o.a.c.c.C.[Tomcat].[localhost].[/] - Initializing Spring embedded WebApplicationContext
2025-07-04 15:30:55 INFO  o.s.b.w.s.c.ServletWebServerApplicationContext - Root WebApplicationContext: initialization completed in 3762 ms
2025-07-04 15:30:55 INFO  o.h.jpa.internal.util.LogHelper - HHH000204: Processing PersistenceUnitInfo [name: default]
2025-07-04 15:30:55 INFO  org.hibernate.Version - HHH000412: Hibernate ORM core version 6.6.11.Final
2025-07-04 15:30:55 INFO  o.h.c.i.RegionFactoryInitiator - HHH000026: Second-level cache disabled
2025-07-04 15:30:56 INFO  o.s.o.j.p.SpringPersistenceUnitInfo - No LoadTimeWeaver setup: ignoring JPA class transformer
2025-07-04 15:30:56 INFO  com.zaxxer.hikari.HikariDataSource - HikariPool-1 - Starting...
2025-07-04 15:30:57 INFO  com.zaxxer.hikari.pool.HikariPool - HikariPool-1 - Added connection org.postgresql.jdbc.PgConnection@2e3900dc
2025-07-04 15:30:57 INFO  com.zaxxer.hikari.HikariDataSource - HikariPool-1 - Start completed.
2025-07-04 15:30:57 WARN  org.hibernate.orm.deprecation - HHH90000025: PostgreSQLDialect does not need to be specified explicitly using 'hibernate.dialect' (remove the property setting and it will be selected by default)
2025-07-04 15:30:57 INFO  o.hibernate.orm.connections.pooling - HHH10001005: Database info:
	Database JDBC URL [Connecting through datasource 'HikariDataSource (HikariPool-1)']
	Database driver: undefined/unknown
	Database version: 16.3
	Autocommit mode: undefined/unknown
	Isolation level: undefined/unknown
	Minimum pool size: undefined/unknown
	Maximum pool size: undefined/unknown
2025-07-04 15:30:59 INFO  o.h.e.t.j.p.i.JtaPlatformInitiator - HHH000489: No JTA platform available (set 'hibernate.transaction.jta.platform' to enable JTA platform integration)
2025-07-04 15:30:59 INFO  o.s.o.j.LocalContainerEntityManagerFactoryBean - Initialized JPA EntityManagerFactory for persistence unit 'default'
2025-07-04 15:30:59 INFO  o.s.d.j.r.query.QueryEnhancerFactory - Hibernate is in classpath; If applicable, HQL parser will be used.
2025-07-04 15:31:01 WARN  o.s.b.a.o.j.JpaBaseConfiguration$JpaWebConfiguration - spring.jpa.open-in-view is enabled by default. Therefore, database queries may be performed during view rendering. Explicitly configure spring.jpa.open-in-view to disable this warning
2025-07-04 15:31:01 INFO  o.s.s.c.a.a.c.InitializeUserDetailsBeanManagerConfigurer$InitializeUserDetailsManagerConfigurer - Global AuthenticationManager configured with UserDetailsService bean with name userServiceImpl
2025-07-04 15:31:01 DEBUG o.s.w.s.m.m.a.RequestMappingHandlerMapping - 43 mappings in 'requestMappingHandlerMapping'
2025-07-04 15:31:02 DEBUG o.s.w.s.h.SimpleUrlHandlerMapping - Patterns [/webjars/**, /**] in 'resourceHandlerMapping'
2025-07-04 15:31:02 DEBUG o.s.w.s.m.m.a.RequestMappingHandlerAdapter - ControllerAdvice beans: 0 @ModelAttribute, 0 @InitBinder, 1 RequestBodyAdvice, 1 ResponseBodyAdvice
2025-07-04 15:31:02 DEBUG o.s.w.s.m.m.a.ExceptionHandlerExceptionResolver - ControllerAdvice beans: 1 @ExceptionHandler, 1 ResponseBodyAdvice
2025-07-04 15:31:02 INFO  o.a.coyote.http11.Http11NioProtocol - Starting ProtocolHandler ["http-nio-8081"]
2025-07-04 15:31:02 INFO  o.s.b.w.e.tomcat.TomcatWebServer - Tomcat started on port 8081 (http) with context path '/'
2025-07-04 15:31:03 INFO  com.nt.LMS.LmsApplication - Started LmsApplication in 12.405 seconds (process running for 13.917)
2025-07-04 15:31:18 INFO  o.a.c.c.C.[Tomcat].[localhost].[/] - Initializing Spring DispatcherServlet 'dispatcherServlet'
2025-07-04 15:31:18 INFO  o.s.web.servlet.DispatcherServlet - Initializing Servlet 'dispatcherServlet'
2025-07-04 15:31:18 DEBUG o.s.web.servlet.DispatcherServlet - Detected StandardServletMultipartResolver
2025-07-04 15:31:18 DEBUG o.s.web.servlet.DispatcherServlet - Detected AcceptHeaderLocaleResolver
2025-07-04 15:31:18 DEBUG o.s.web.servlet.DispatcherServlet - Detected FixedThemeResolver
2025-07-04 15:31:18 DEBUG o.s.web.servlet.DispatcherServlet - Detected org.springframework.web.servlet.view.DefaultRequestToViewNameTranslator@c8293cb
2025-07-04 15:31:18 DEBUG o.s.web.servlet.DispatcherServlet - Detected org.springframework.web.servlet.support.SessionFlashMapManager@28728558
2025-07-04 15:31:18 DEBUG o.s.web.servlet.DispatcherServlet - enableLoggingRequestDetails='false': request parameters and headers will be masked to prevent unsafe logging of potentially sensitive data
2025-07-04 15:31:18 INFO  o.s.web.servlet.DispatcherServlet - Completed initialization in 1 ms
2025-07-04 15:54:02 INFO  o.h.validator.internal.util.Version - HV000001: Hibernate Validator 8.0.2.Final
2025-07-04 15:54:02 INFO  com.nt.LMS.LmsApplication - Starting LmsApplication using Java 17.0.12 with PID 26244 (C:\Users\DELL\Desktop\LMS-NT\LMS\build\classes\java\main started by DELL in C:\Users\DELL\Desktop\LMS-NT)
2025-07-04 15:54:02 INFO  com.nt.LMS.LmsApplication - No active profile set, falling back to 1 default profile: "default"
2025-07-04 15:54:04 INFO  o.s.d.r.c.RepositoryConfigurationDelegate - Bootstrapping Spring Data JPA repositories in DEFAULT mode.
2025-07-04 15:54:04 INFO  o.s.d.r.c.RepositoryConfigurationDelegate - Finished Spring Data repository scanning in 241 ms. Found 10 JPA repository interfaces.
2025-07-04 15:54:05 INFO  o.s.cloud.context.scope.GenericScope - BeanFactory id=ba30d0a8-4893-3dfd-8a99-8de263d9bdbc
2025-07-04 15:54:06 INFO  o.s.b.w.e.tomcat.TomcatWebServer - Tomcat initialized with port 8081 (http)
2025-07-04 15:54:06 INFO  o.a.coyote.http11.Http11NioProtocol - Initializing ProtocolHandler ["http-nio-8081"]
2025-07-04 15:54:06 INFO  o.a.catalina.core.StandardService - Starting service [Tomcat]
2025-07-04 15:54:06 INFO  o.a.catalina.core.StandardEngine - Starting Servlet engine: [Apache Tomcat/10.1.39]
2025-07-04 15:54:06 INFO  o.a.c.c.C.[Tomcat].[localhost].[/] - Initializing Spring embedded WebApplicationContext
2025-07-04 15:54:06 INFO  o.s.b.w.s.c.ServletWebServerApplicationContext - Root WebApplicationContext: initialization completed in 3858 ms
2025-07-04 15:54:06 INFO  o.h.jpa.internal.util.LogHelper - HHH000204: Processing PersistenceUnitInfo [name: default]
2025-07-04 15:54:07 INFO  org.hibernate.Version - HHH000412: Hibernate ORM core version 6.6.11.Final
2025-07-04 15:54:07 INFO  o.h.c.i.RegionFactoryInitiator - HHH000026: Second-level cache disabled
2025-07-04 15:54:07 INFO  o.s.o.j.p.SpringPersistenceUnitInfo - No LoadTimeWeaver setup: ignoring JPA class transformer
2025-07-04 15:54:08 INFO  com.zaxxer.hikari.HikariDataSource - HikariPool-1 - Starting...
2025-07-04 15:54:08 INFO  com.zaxxer.hikari.pool.HikariPool - HikariPool-1 - Added connection org.postgresql.jdbc.PgConnection@1be3f8f8
2025-07-04 15:54:08 INFO  com.zaxxer.hikari.HikariDataSource - HikariPool-1 - Start completed.
2025-07-04 15:54:08 WARN  org.hibernate.orm.deprecation - HHH90000025: PostgreSQLDialect does not need to be specified explicitly using 'hibernate.dialect' (remove the property setting and it will be selected by default)
2025-07-04 15:54:08 INFO  o.hibernate.orm.connections.pooling - HHH10001005: Database info:
	Database JDBC URL [Connecting through datasource 'HikariDataSource (HikariPool-1)']
	Database driver: undefined/unknown
	Database version: 16.3
	Autocommit mode: undefined/unknown
	Isolation level: undefined/unknown
	Minimum pool size: undefined/unknown
	Maximum pool size: undefined/unknown
2025-07-04 15:54:13 INFO  o.h.e.t.j.p.i.JtaPlatformInitiator - HHH000489: No JTA platform available (set 'hibernate.transaction.jta.platform' to enable JTA platform integration)
2025-07-04 15:54:14 INFO  o.s.o.j.LocalContainerEntityManagerFactoryBean - Initialized JPA EntityManagerFactory for persistence unit 'default'
2025-07-04 15:54:16 INFO  o.s.d.j.r.query.QueryEnhancerFactory - Hibernate is in classpath; If applicable, HQL parser will be used.
2025-07-04 15:54:22 WARN  o.s.b.a.o.j.JpaBaseConfiguration$JpaWebConfiguration - spring.jpa.open-in-view is enabled by default. Therefore, database queries may be performed during view rendering. Explicitly configure spring.jpa.open-in-view to disable this warning
2025-07-04 15:54:23 INFO  o.s.s.c.a.a.c.InitializeUserDetailsBeanManagerConfigurer$InitializeUserDetailsManagerConfigurer - Global AuthenticationManager configured with UserDetailsService bean with name userServiceImpl
2025-07-04 15:54:24 DEBUG o.s.w.s.m.m.a.RequestMappingHandlerMapping - 43 mappings in 'requestMappingHandlerMapping'
2025-07-04 15:54:24 DEBUG o.s.w.s.h.SimpleUrlHandlerMapping - Patterns [/webjars/**, /**] in 'resourceHandlerMapping'
2025-07-04 15:54:25 DEBUG o.s.w.s.m.m.a.RequestMappingHandlerAdapter - ControllerAdvice beans: 0 @ModelAttribute, 0 @InitBinder, 1 RequestBodyAdvice, 1 ResponseBodyAdvice
2025-07-04 15:54:25 DEBUG o.s.w.s.m.m.a.ExceptionHandlerExceptionResolver - ControllerAdvice beans: 1 @ExceptionHandler, 1 ResponseBodyAdvice
2025-07-04 15:54:27 INFO  o.a.coyote.http11.Http11NioProtocol - Starting ProtocolHandler ["http-nio-8081"]
2025-07-04 15:54:27 INFO  o.s.b.w.e.tomcat.TomcatWebServer - Tomcat started on port 8081 (http) with context path '/'
2025-07-04 15:54:27 INFO  com.nt.LMS.LmsApplication - Started LmsApplication in 26.306 seconds (process running for 27.566)
2025-07-04 15:55:01 INFO  o.a.c.c.C.[Tomcat].[localhost].[/] - Initializing Spring DispatcherServlet 'dispatcherServlet'
2025-07-04 15:55:01 INFO  o.s.web.servlet.DispatcherServlet - Initializing Servlet 'dispatcherServlet'
2025-07-04 15:55:01 DEBUG o.s.web.servlet.DispatcherServlet - Detected StandardServletMultipartResolver
2025-07-04 15:55:01 DEBUG o.s.web.servlet.DispatcherServlet - Detected AcceptHeaderLocaleResolver
2025-07-04 15:55:01 DEBUG o.s.web.servlet.DispatcherServlet - Detected FixedThemeResolver
2025-07-04 15:55:01 DEBUG o.s.web.servlet.DispatcherServlet - Detected org.springframework.web.servlet.view.DefaultRequestToViewNameTranslator@58bdcf40
2025-07-04 15:55:01 DEBUG o.s.web.servlet.DispatcherServlet - Detected org.springframework.web.servlet.support.SessionFlashMapManager@6145981c
2025-07-04 15:55:01 DEBUG o.s.web.servlet.DispatcherServlet - enableLoggingRequestDetails='false': request parameters and headers will be masked to prevent unsafe logging of potentially sensitive data
2025-07-04 15:55:01 INFO  o.s.web.servlet.DispatcherServlet - Completed initialization in 8 ms
2025-07-04 15:56:50 INFO  o.h.validator.internal.util.Version - HV000001: Hibernate Validator 8.0.2.Final
2025-07-04 15:56:50 INFO  com.nt.LMS.LmsApplication - Starting LmsApplication using Java 17.0.12 with PID 21620 (C:\Users\DELL\Desktop\LMS-NT\LMS\build\classes\java\main started by DELL in C:\Users\DELL\Desktop\LMS-NT)
2025-07-04 15:56:50 INFO  com.nt.LMS.LmsApplication - No active profile set, falling back to 1 default profile: "default"
2025-07-04 15:56:53 INFO  o.s.d.r.c.RepositoryConfigurationDelegate - Bootstrapping Spring Data JPA repositories in DEFAULT mode.
2025-07-04 15:56:54 INFO  o.s.d.r.c.RepositoryConfigurationDelegate - Finished Spring Data repository scanning in 244 ms. Found 10 JPA repository interfaces.
2025-07-04 15:56:54 INFO  o.s.cloud.context.scope.GenericScope - BeanFactory id=ba30d0a8-4893-3dfd-8a99-8de263d9bdbc
2025-07-04 15:56:55 INFO  o.s.b.w.e.tomcat.TomcatWebServer - Tomcat initialized with port 8081 (http)
2025-07-04 15:56:55 INFO  o.a.coyote.http11.Http11NioProtocol - Initializing ProtocolHandler ["http-nio-8081"]
2025-07-04 15:56:55 INFO  o.a.catalina.core.StandardService - Starting service [Tomcat]
2025-07-04 15:56:55 INFO  o.a.catalina.core.StandardEngine - Starting Servlet engine: [Apache Tomcat/10.1.39]
2025-07-04 15:56:55 INFO  o.a.c.c.C.[Tomcat].[localhost].[/] - Initializing Spring embedded WebApplicationContext
2025-07-04 15:56:55 INFO  o.s.b.w.s.c.ServletWebServerApplicationContext - Root WebApplicationContext: initialization completed in 4570 ms
2025-07-04 15:56:56 INFO  o.h.jpa.internal.util.LogHelper - HHH000204: Processing PersistenceUnitInfo [name: default]
2025-07-04 15:56:56 INFO  org.hibernate.Version - HHH000412: Hibernate ORM core version 6.6.11.Final
2025-07-04 15:56:56 INFO  o.h.c.i.RegionFactoryInitiator - HHH000026: Second-level cache disabled
2025-07-04 15:56:57 INFO  o.s.o.j.p.SpringPersistenceUnitInfo - No LoadTimeWeaver setup: ignoring JPA class transformer
2025-07-04 15:56:57 INFO  com.zaxxer.hikari.HikariDataSource - HikariPool-1 - Starting...
2025-07-04 15:56:57 INFO  com.zaxxer.hikari.pool.HikariPool - HikariPool-1 - Added connection org.postgresql.jdbc.PgConnection@53525379
2025-07-04 15:56:57 INFO  com.zaxxer.hikari.HikariDataSource - HikariPool-1 - Start completed.
2025-07-04 15:56:57 WARN  org.hibernate.orm.deprecation - HHH90000025: PostgreSQLDialect does not need to be specified explicitly using 'hibernate.dialect' (remove the property setting and it will be selected by default)
2025-07-04 15:56:57 INFO  o.hibernate.orm.connections.pooling - HHH10001005: Database info:
	Database JDBC URL [Connecting through datasource 'HikariDataSource (HikariPool-1)']
	Database driver: undefined/unknown
	Database version: 16.3
	Autocommit mode: undefined/unknown
	Isolation level: undefined/unknown
	Minimum pool size: undefined/unknown
	Maximum pool size: undefined/unknown
2025-07-04 15:56:59 INFO  o.h.e.t.j.p.i.JtaPlatformInitiator - HHH000489: No JTA platform available (set 'hibernate.transaction.jta.platform' to enable JTA platform integration)
2025-07-04 15:56:59 INFO  o.s.o.j.LocalContainerEntityManagerFactoryBean - Initialized JPA EntityManagerFactory for persistence unit 'default'
2025-07-04 15:57:00 INFO  o.s.d.j.r.query.QueryEnhancerFactory - Hibernate is in classpath; If applicable, HQL parser will be used.
2025-07-04 15:57:01 WARN  o.s.b.a.o.j.JpaBaseConfiguration$JpaWebConfiguration - spring.jpa.open-in-view is enabled by default. Therefore, database queries may be performed during view rendering. Explicitly configure spring.jpa.open-in-view to disable this warning
2025-07-04 15:57:02 INFO  o.s.s.c.a.a.c.InitializeUserDetailsBeanManagerConfigurer$InitializeUserDetailsManagerConfigurer - Global AuthenticationManager configured with UserDetailsService bean with name userServiceImpl
2025-07-04 15:57:02 DEBUG o.s.w.s.m.m.a.RequestMappingHandlerMapping - 43 mappings in 'requestMappingHandlerMapping'
2025-07-04 15:57:03 DEBUG o.s.w.s.h.SimpleUrlHandlerMapping - Patterns [/webjars/**, /**] in 'resourceHandlerMapping'
2025-07-04 15:57:03 DEBUG o.s.w.s.m.m.a.RequestMappingHandlerAdapter - ControllerAdvice beans: 0 @ModelAttribute, 0 @InitBinder, 1 RequestBodyAdvice, 1 ResponseBodyAdvice
2025-07-04 15:57:03 DEBUG o.s.w.s.m.m.a.ExceptionHandlerExceptionResolver - ControllerAdvice beans: 1 @ExceptionHandler, 1 ResponseBodyAdvice
2025-07-04 15:57:04 INFO  o.a.coyote.http11.Http11NioProtocol - Starting ProtocolHandler ["http-nio-8081"]
2025-07-04 15:57:04 INFO  o.s.b.w.e.tomcat.TomcatWebServer - Tomcat started on port 8081 (http) with context path '/'
2025-07-04 15:57:04 INFO  com.nt.LMS.LmsApplication - Started LmsApplication in 14.86 seconds (process running for 16.305)
2025-07-04 15:57:35 INFO  o.a.c.c.C.[Tomcat].[localhost].[/] - Initializing Spring DispatcherServlet 'dispatcherServlet'
2025-07-04 15:57:35 INFO  o.s.web.servlet.DispatcherServlet - Initializing Servlet 'dispatcherServlet'
2025-07-04 15:57:35 DEBUG o.s.web.servlet.DispatcherServlet - Detected StandardServletMultipartResolver
2025-07-04 15:57:35 DEBUG o.s.web.servlet.DispatcherServlet - Detected AcceptHeaderLocaleResolver
2025-07-04 15:57:35 DEBUG o.s.web.servlet.DispatcherServlet - Detected FixedThemeResolver
2025-07-04 15:57:35 DEBUG o.s.web.servlet.DispatcherServlet - Detected org.springframework.web.servlet.view.DefaultRequestToViewNameTranslator@2ace94ff
2025-07-04 15:57:35 DEBUG o.s.web.servlet.DispatcherServlet - Detected org.springframework.web.servlet.support.SessionFlashMapManager@67a2fb00
2025-07-04 15:57:35 DEBUG o.s.web.servlet.DispatcherServlet - enableLoggingRequestDetails='false': request parameters and headers will be masked to prevent unsafe logging of potentially sensitive data
2025-07-04 15:57:35 INFO  o.s.web.servlet.DispatcherServlet - Completed initialization in 2 ms
2025-07-04 15:57:59 INFO  o.h.validator.internal.util.Version - HV000001: Hibernate Validator 8.0.2.Final
2025-07-04 15:58:00 INFO  com.nt.LMS.LmsApplication - Starting LmsApplication using Java 17.0.12 with PID 30700 (C:\Users\DELL\Desktop\LMS-NT\LMS\build\classes\java\main started by DELL in C:\Users\DELL\Desktop\LMS-NT)
2025-07-04 15:58:00 INFO  com.nt.LMS.LmsApplication - No active profile set, falling back to 1 default profile: "default"
2025-07-04 15:58:04 INFO  o.s.d.r.c.RepositoryConfigurationDelegate - Bootstrapping Spring Data JPA repositories in DEFAULT mode.
2025-07-04 15:58:04 INFO  o.s.d.r.c.RepositoryConfigurationDelegate - Finished Spring Data repository scanning in 294 ms. Found 10 JPA repository interfaces.
2025-07-04 15:58:04 INFO  o.s.cloud.context.scope.GenericScope - BeanFactory id=ba30d0a8-4893-3dfd-8a99-8de263d9bdbc
2025-07-04 15:58:06 INFO  o.s.b.w.e.tomcat.TomcatWebServer - Tomcat initialized with port 8081 (http)
2025-07-04 15:58:06 INFO  o.a.coyote.http11.Http11NioProtocol - Initializing ProtocolHandler ["http-nio-8081"]
2025-07-04 15:58:06 INFO  o.a.catalina.core.StandardService - Starting service [Tomcat]
2025-07-04 15:58:06 INFO  o.a.catalina.core.StandardEngine - Starting Servlet engine: [Apache Tomcat/10.1.39]
2025-07-04 15:58:06 INFO  o.a.c.c.C.[Tomcat].[localhost].[/] - Initializing Spring embedded WebApplicationContext
2025-07-04 15:58:06 INFO  o.s.b.w.s.c.ServletWebServerApplicationContext - Root WebApplicationContext: initialization completed in 6004 ms
2025-07-04 15:58:06 INFO  o.h.jpa.internal.util.LogHelper - HHH000204: Processing PersistenceUnitInfo [name: default]
2025-07-04 15:58:07 INFO  org.hibernate.Version - HHH000412: Hibernate ORM core version 6.6.11.Final
2025-07-04 15:58:07 INFO  o.h.c.i.RegionFactoryInitiator - HHH000026: Second-level cache disabled
2025-07-04 15:58:07 INFO  o.s.o.j.p.SpringPersistenceUnitInfo - No LoadTimeWeaver setup: ignoring JPA class transformer
2025-07-04 15:58:08 INFO  com.zaxxer.hikari.HikariDataSource - HikariPool-1 - Starting...
2025-07-04 15:58:08 INFO  com.zaxxer.hikari.pool.HikariPool - HikariPool-1 - Added connection org.postgresql.jdbc.PgConnection@1be3f8f8
2025-07-04 15:58:08 INFO  com.zaxxer.hikari.HikariDataSource - HikariPool-1 - Start completed.
2025-07-04 15:58:08 WARN  org.hibernate.orm.deprecation - HHH90000025: PostgreSQLDialect does not need to be specified explicitly using 'hibernate.dialect' (remove the property setting and it will be selected by default)
2025-07-04 15:58:08 INFO  o.hibernate.orm.connections.pooling - HHH10001005: Database info:
	Database JDBC URL [Connecting through datasource 'HikariDataSource (HikariPool-1)']
	Database driver: undefined/unknown
	Database version: 16.3
	Autocommit mode: undefined/unknown
	Isolation level: undefined/unknown
	Minimum pool size: undefined/unknown
	Maximum pool size: undefined/unknown
2025-07-04 15:58:10 INFO  o.h.e.t.j.p.i.JtaPlatformInitiator - HHH000489: No JTA platform available (set 'hibernate.transaction.jta.platform' to enable JTA platform integration)
2025-07-04 15:58:10 INFO  o.s.o.j.LocalContainerEntityManagerFactoryBean - Initialized JPA EntityManagerFactory for persistence unit 'default'
2025-07-04 15:58:11 INFO  o.s.d.j.r.query.QueryEnhancerFactory - Hibernate is in classpath; If applicable, HQL parser will be used.
2025-07-04 15:58:12 WARN  o.s.b.a.o.j.JpaBaseConfiguration$JpaWebConfiguration - spring.jpa.open-in-view is enabled by default. Therefore, database queries may be performed during view rendering. Explicitly configure spring.jpa.open-in-view to disable this warning
2025-07-04 15:58:12 INFO  o.s.s.c.a.a.c.InitializeUserDetailsBeanManagerConfigurer$InitializeUserDetailsManagerConfigurer - Global AuthenticationManager configured with UserDetailsService bean with name userServiceImpl
2025-07-04 15:58:13 DEBUG o.s.w.s.m.m.a.RequestMappingHandlerMapping - 43 mappings in 'requestMappingHandlerMapping'
2025-07-04 15:58:13 DEBUG o.s.w.s.h.SimpleUrlHandlerMapping - Patterns [/webjars/**, /**] in 'resourceHandlerMapping'
2025-07-04 15:58:13 DEBUG o.s.w.s.m.m.a.RequestMappingHandlerAdapter - ControllerAdvice beans: 0 @ModelAttribute, 0 @InitBinder, 1 RequestBodyAdvice, 1 ResponseBodyAdvice
2025-07-04 15:58:13 DEBUG o.s.w.s.m.m.a.ExceptionHandlerExceptionResolver - ControllerAdvice beans: 1 @ExceptionHandler, 1 ResponseBodyAdvice
2025-07-04 15:58:14 INFO  o.a.coyote.http11.Http11NioProtocol - Starting ProtocolHandler ["http-nio-8081"]
2025-07-04 15:58:14 INFO  o.s.b.w.e.tomcat.TomcatWebServer - Tomcat started on port 8081 (http) with context path '/'
2025-07-04 15:58:14 INFO  com.nt.LMS.LmsApplication - Started LmsApplication in 15.49 seconds (process running for 16.829)
2025-07-04 15:58:17 INFO  o.a.c.c.C.[Tomcat].[localhost].[/] - Initializing Spring DispatcherServlet 'dispatcherServlet'
2025-07-04 15:58:17 INFO  o.s.web.servlet.DispatcherServlet - Initializing Servlet 'dispatcherServlet'
2025-07-04 15:58:17 DEBUG o.s.web.servlet.DispatcherServlet - Detected StandardServletMultipartResolver
2025-07-04 15:58:17 DEBUG o.s.web.servlet.DispatcherServlet - Detected AcceptHeaderLocaleResolver
2025-07-04 15:58:17 DEBUG o.s.web.servlet.DispatcherServlet - Detected FixedThemeResolver
2025-07-04 15:58:17 DEBUG o.s.web.servlet.DispatcherServlet - Detected org.springframework.web.servlet.view.DefaultRequestToViewNameTranslator@58bdcf40
2025-07-04 15:58:17 DEBUG o.s.web.servlet.DispatcherServlet - Detected org.springframework.web.servlet.support.SessionFlashMapManager@6145981c
2025-07-04 15:58:17 DEBUG o.s.web.servlet.DispatcherServlet - enableLoggingRequestDetails='false': request parameters and headers will be masked to prevent unsafe logging of potentially sensitive data
2025-07-04 15:58:17 INFO  o.s.web.servlet.DispatcherServlet - Completed initialization in 2 ms
2025-07-04 15:59:26 INFO  o.h.validator.internal.util.Version - HV000001: Hibernate Validator 8.0.2.Final
2025-07-04 15:59:26 INFO  com.nt.LMS.LmsApplication - Starting LmsApplication using Java 17.0.12 with PID 2124 (C:\Users\DELL\Desktop\LMS-NT\LMS\build\classes\java\main started by DELL in C:\Users\DELL\Desktop\LMS-NT)
2025-07-04 15:59:26 INFO  com.nt.LMS.LmsApplication - No active profile set, falling back to 1 default profile: "default"
2025-07-04 15:59:30 INFO  o.s.d.r.c.RepositoryConfigurationDelegate - Bootstrapping Spring Data JPA repositories in DEFAULT mode.
2025-07-04 15:59:30 INFO  o.s.d.r.c.RepositoryConfigurationDelegate - Finished Spring Data repository scanning in 296 ms. Found 10 JPA repository interfaces.
2025-07-04 15:59:30 INFO  o.s.cloud.context.scope.GenericScope - BeanFactory id=ba30d0a8-4893-3dfd-8a99-8de263d9bdbc
2025-07-04 15:59:32 INFO  o.s.b.w.e.tomcat.TomcatWebServer - Tomcat initialized with port 8081 (http)
2025-07-04 15:59:32 INFO  o.a.coyote.http11.Http11NioProtocol - Initializing ProtocolHandler ["http-nio-8081"]
2025-07-04 15:59:32 INFO  o.a.catalina.core.StandardService - Starting service [Tomcat]
2025-07-04 15:59:32 INFO  o.a.catalina.core.StandardEngine - Starting Servlet engine: [Apache Tomcat/10.1.39]
2025-07-04 15:59:32 INFO  o.a.c.c.C.[Tomcat].[localhost].[/] - Initializing Spring embedded WebApplicationContext
2025-07-04 15:59:32 INFO  o.s.b.w.s.c.ServletWebServerApplicationContext - Root WebApplicationContext: initialization completed in 5468 ms
2025-07-04 15:59:32 INFO  o.h.jpa.internal.util.LogHelper - HHH000204: Processing PersistenceUnitInfo [name: default]
2025-07-04 15:59:32 INFO  org.hibernate.Version - HHH000412: Hibernate ORM core version 6.6.11.Final
2025-07-04 15:59:32 INFO  o.h.c.i.RegionFactoryInitiator - HHH000026: Second-level cache disabled
2025-07-04 15:59:33 INFO  o.s.o.j.p.SpringPersistenceUnitInfo - No LoadTimeWeaver setup: ignoring JPA class transformer
2025-07-04 15:59:33 INFO  com.zaxxer.hikari.HikariDataSource - HikariPool-1 - Starting...
2025-07-04 15:59:34 INFO  com.zaxxer.hikari.pool.HikariPool - HikariPool-1 - Added connection org.postgresql.jdbc.PgConnection@53525379
2025-07-04 15:59:34 INFO  com.zaxxer.hikari.HikariDataSource - HikariPool-1 - Start completed.
2025-07-04 15:59:34 WARN  org.hibernate.orm.deprecation - HHH90000025: PostgreSQLDialect does not need to be specified explicitly using 'hibernate.dialect' (remove the property setting and it will be selected by default)
2025-07-04 15:59:34 INFO  o.hibernate.orm.connections.pooling - HHH10001005: Database info:
	Database JDBC URL [Connecting through datasource 'HikariDataSource (HikariPool-1)']
	Database driver: undefined/unknown
	Database version: 16.3
	Autocommit mode: undefined/unknown
	Isolation level: undefined/unknown
	Minimum pool size: undefined/unknown
	Maximum pool size: undefined/unknown
2025-07-04 15:59:35 INFO  o.h.e.t.j.p.i.JtaPlatformInitiator - HHH000489: No JTA platform available (set 'hibernate.transaction.jta.platform' to enable JTA platform integration)
2025-07-04 15:59:36 INFO  o.s.o.j.LocalContainerEntityManagerFactoryBean - Initialized JPA EntityManagerFactory for persistence unit 'default'
2025-07-04 15:59:36 INFO  o.s.d.j.r.query.QueryEnhancerFactory - Hibernate is in classpath; If applicable, HQL parser will be used.
2025-07-04 15:59:38 WARN  o.s.b.a.o.j.JpaBaseConfiguration$JpaWebConfiguration - spring.jpa.open-in-view is enabled by default. Therefore, database queries may be performed during view rendering. Explicitly configure spring.jpa.open-in-view to disable this warning
2025-07-04 15:59:38 INFO  o.s.s.c.a.a.c.InitializeUserDetailsBeanManagerConfigurer$InitializeUserDetailsManagerConfigurer - Global AuthenticationManager configured with UserDetailsService bean with name userServiceImpl
2025-07-04 15:59:39 DEBUG o.s.w.s.m.m.a.RequestMappingHandlerMapping - 43 mappings in 'requestMappingHandlerMapping'
2025-07-04 15:59:39 DEBUG o.s.w.s.h.SimpleUrlHandlerMapping - Patterns [/webjars/**, /**] in 'resourceHandlerMapping'
2025-07-04 15:59:39 DEBUG o.s.w.s.m.m.a.RequestMappingHandlerAdapter - ControllerAdvice beans: 0 @ModelAttribute, 0 @InitBinder, 1 RequestBodyAdvice, 1 ResponseBodyAdvice
2025-07-04 15:59:39 DEBUG o.s.w.s.m.m.a.ExceptionHandlerExceptionResolver - ControllerAdvice beans: 1 @ExceptionHandler, 1 ResponseBodyAdvice
2025-07-04 15:59:40 INFO  o.a.coyote.http11.Http11NioProtocol - Starting ProtocolHandler ["http-nio-8081"]
2025-07-04 15:59:40 INFO  o.s.b.w.e.tomcat.TomcatWebServer - Tomcat started on port 8081 (http) with context path '/'
2025-07-04 15:59:40 INFO  com.nt.LMS.LmsApplication - Started LmsApplication in 15.036 seconds (process running for 16.253)
2025-07-04 15:59:43 INFO  o.a.c.c.C.[Tomcat].[localhost].[/] - Initializing Spring DispatcherServlet 'dispatcherServlet'
2025-07-04 15:59:43 INFO  o.s.web.servlet.DispatcherServlet - Initializing Servlet 'dispatcherServlet'
2025-07-04 15:59:43 DEBUG o.s.web.servlet.DispatcherServlet - Detected StandardServletMultipartResolver
2025-07-04 15:59:43 DEBUG o.s.web.servlet.DispatcherServlet - Detected AcceptHeaderLocaleResolver
2025-07-04 15:59:43 DEBUG o.s.web.servlet.DispatcherServlet - Detected FixedThemeResolver
2025-07-04 15:59:43 DEBUG o.s.web.servlet.DispatcherServlet - Detected org.springframework.web.servlet.view.DefaultRequestToViewNameTranslator@2ace94ff
2025-07-04 15:59:43 DEBUG o.s.web.servlet.DispatcherServlet - Detected org.springframework.web.servlet.support.SessionFlashMapManager@67a2fb00
2025-07-04 15:59:43 DEBUG o.s.web.servlet.DispatcherServlet - enableLoggingRequestDetails='false': request parameters and headers will be masked to prevent unsafe logging of potentially sensitive data
2025-07-04 15:59:43 INFO  o.s.web.servlet.DispatcherServlet - Completed initialization in 2 ms
2025-07-04 16:10:13 INFO  o.h.validator.internal.util.Version - HV000001: Hibernate Validator 8.0.2.Final
2025-07-04 16:10:13 INFO  com.nt.LMS.LmsApplication - Starting LmsApplication using Java 17.0.12 with PID 19340 (C:\Users\DELL\Desktop\LMS-NT\LMS\build\classes\java\main started by DELL in C:\Users\DELL\Desktop\LMS-NT)
2025-07-04 16:10:13 INFO  com.nt.LMS.LmsApplication - No active profile set, falling back to 1 default profile: "default"
2025-07-04 16:10:15 INFO  o.s.d.r.c.RepositoryConfigurationDelegate - Bootstrapping Spring Data JPA repositories in DEFAULT mode.
2025-07-04 16:10:15 INFO  o.s.d.r.c.RepositoryConfigurationDelegate - Finished Spring Data repository scanning in 116 ms. Found 10 JPA repository interfaces.
2025-07-04 16:10:15 INFO  o.s.cloud.context.scope.GenericScope - BeanFactory id=ba30d0a8-4893-3dfd-8a99-8de263d9bdbc
2025-07-04 16:10:16 INFO  o.s.b.w.e.tomcat.TomcatWebServer - Tomcat initialized with port 8081 (http)
2025-07-04 16:10:16 INFO  o.a.coyote.http11.Http11NioProtocol - Initializing ProtocolHandler ["http-nio-8081"]
2025-07-04 16:10:16 INFO  o.a.catalina.core.StandardService - Starting service [Tomcat]
2025-07-04 16:10:16 INFO  o.a.catalina.core.StandardEngine - Starting Servlet engine: [Apache Tomcat/10.1.39]
2025-07-04 16:10:16 INFO  o.a.c.c.C.[Tomcat].[localhost].[/] - Initializing Spring embedded WebApplicationContext
2025-07-04 16:10:16 INFO  o.s.b.w.s.c.ServletWebServerApplicationContext - Root WebApplicationContext: initialization completed in 2659 ms
2025-07-04 16:10:16 INFO  o.h.jpa.internal.util.LogHelper - HHH000204: Processing PersistenceUnitInfo [name: default]
2025-07-04 16:10:16 INFO  org.hibernate.Version - HHH000412: Hibernate ORM core version 6.6.11.Final
2025-07-04 16:10:16 INFO  o.h.c.i.RegionFactoryInitiator - HHH000026: Second-level cache disabled
2025-07-04 16:10:17 INFO  o.s.o.j.p.SpringPersistenceUnitInfo - No LoadTimeWeaver setup: ignoring JPA class transformer
2025-07-04 16:10:17 INFO  com.zaxxer.hikari.HikariDataSource - HikariPool-1 - Starting...
2025-07-04 16:10:17 INFO  com.zaxxer.hikari.pool.HikariPool - HikariPool-1 - Added connection org.postgresql.jdbc.PgConnection@3460e4ed
2025-07-04 16:10:17 INFO  com.zaxxer.hikari.HikariDataSource - HikariPool-1 - Start completed.
2025-07-04 16:10:17 WARN  org.hibernate.orm.deprecation - HHH90000025: PostgreSQLDialect does not need to be specified explicitly using 'hibernate.dialect' (remove the property setting and it will be selected by default)
2025-07-04 16:10:17 INFO  o.hibernate.orm.connections.pooling - HHH10001005: Database info:
	Database JDBC URL [Connecting through datasource 'HikariDataSource (HikariPool-1)']
	Database driver: undefined/unknown
	Database version: 16.3
	Autocommit mode: undefined/unknown
	Isolation level: undefined/unknown
	Minimum pool size: undefined/unknown
	Maximum pool size: undefined/unknown
2025-07-04 16:10:18 INFO  o.h.e.t.j.p.i.JtaPlatformInitiator - HHH000489: No JTA platform available (set 'hibernate.transaction.jta.platform' to enable JTA platform integration)
2025-07-04 16:10:18 INFO  o.s.o.j.LocalContainerEntityManagerFactoryBean - Initialized JPA EntityManagerFactory for persistence unit 'default'
2025-07-04 16:10:19 INFO  o.s.d.j.r.query.QueryEnhancerFactory - Hibernate is in classpath; If applicable, HQL parser will be used.
2025-07-04 16:10:20 WARN  o.s.b.a.o.j.JpaBaseConfiguration$JpaWebConfiguration - spring.jpa.open-in-view is enabled by default. Therefore, database queries may be performed during view rendering. Explicitly configure spring.jpa.open-in-view to disable this warning
2025-07-04 16:10:20 INFO  o.s.s.c.a.a.c.InitializeUserDetailsBeanManagerConfigurer$InitializeUserDetailsManagerConfigurer - Global AuthenticationManager configured with UserDetailsService bean with name userServiceImpl
2025-07-04 16:10:20 DEBUG o.s.w.s.m.m.a.RequestMappingHandlerMapping - 43 mappings in 'requestMappingHandlerMapping'
2025-07-04 16:10:21 DEBUG o.s.w.s.h.SimpleUrlHandlerMapping - Patterns [/webjars/**, /**] in 'resourceHandlerMapping'
2025-07-04 16:10:21 DEBUG o.s.w.s.m.m.a.RequestMappingHandlerAdapter - ControllerAdvice beans: 0 @ModelAttribute, 0 @InitBinder, 1 RequestBodyAdvice, 1 ResponseBodyAdvice
2025-07-04 16:10:21 DEBUG o.s.w.s.m.m.a.ExceptionHandlerExceptionResolver - ControllerAdvice beans: 1 @ExceptionHandler, 1 ResponseBodyAdvice
2025-07-04 16:10:21 INFO  o.a.coyote.http11.Http11NioProtocol - Starting ProtocolHandler ["http-nio-8081"]
2025-07-04 16:10:21 INFO  o.s.b.w.e.tomcat.TomcatWebServer - Tomcat started on port 8081 (http) with context path '/'
2025-07-04 16:10:21 INFO  com.nt.LMS.LmsApplication - Started LmsApplication in 9.031 seconds (process running for 9.897)
2025-07-04 16:10:36 INFO  o.a.c.c.C.[Tomcat].[localhost].[/] - Initializing Spring DispatcherServlet 'dispatcherServlet'
2025-07-04 16:10:36 INFO  o.s.web.servlet.DispatcherServlet - Initializing Servlet 'dispatcherServlet'
2025-07-04 16:10:36 DEBUG o.s.web.servlet.DispatcherServlet - Detected StandardServletMultipartResolver
2025-07-04 16:10:36 DEBUG o.s.web.servlet.DispatcherServlet - Detected AcceptHeaderLocaleResolver
2025-07-04 16:10:36 DEBUG o.s.web.servlet.DispatcherServlet - Detected FixedThemeResolver
2025-07-04 16:10:36 DEBUG o.s.web.servlet.DispatcherServlet - Detected org.springframework.web.servlet.view.DefaultRequestToViewNameTranslator@6145981c
2025-07-04 16:10:36 DEBUG o.s.web.servlet.DispatcherServlet - Detected org.springframework.web.servlet.support.SessionFlashMapManager@63fa0b9
2025-07-04 16:10:36 DEBUG o.s.web.servlet.DispatcherServlet - enableLoggingRequestDetails='false': request parameters and headers will be masked to prevent unsafe logging of potentially sensitive data
2025-07-04 16:10:36 INFO  o.s.web.servlet.DispatcherServlet - Completed initialization in 0 ms
2025-07-04 16:11:45 INFO  o.h.validator.internal.util.Version - HV000001: Hibernate Validator 8.0.2.Final
2025-07-04 16:11:45 INFO  com.nt.LMS.LmsApplication - Starting LmsApplication using Java 17.0.12 with PID 19144 (C:\Users\DELL\Desktop\LMS-NT\LMS\build\classes\java\main started by DELL in C:\Users\DELL\Desktop\LMS-NT)
2025-07-04 16:11:45 INFO  com.nt.LMS.LmsApplication - No active profile set, falling back to 1 default profile: "default"
2025-07-04 16:11:46 INFO  o.s.d.r.c.RepositoryConfigurationDelegate - Bootstrapping Spring Data JPA repositories in DEFAULT mode.
2025-07-04 16:11:46 INFO  o.s.d.r.c.RepositoryConfigurationDelegate - Finished Spring Data repository scanning in 122 ms. Found 10 JPA repository interfaces.
2025-07-04 16:11:47 INFO  o.s.cloud.context.scope.GenericScope - BeanFactory id=ba30d0a8-4893-3dfd-8a99-8de263d9bdbc
2025-07-04 16:11:47 INFO  o.s.b.w.e.tomcat.TomcatWebServer - Tomcat initialized with port 8081 (http)
2025-07-04 16:11:47 INFO  o.a.coyote.http11.Http11NioProtocol - Initializing ProtocolHandler ["http-nio-8081"]
2025-07-04 16:11:47 INFO  o.a.catalina.core.StandardService - Starting service [Tomcat]
2025-07-04 16:11:47 INFO  o.a.catalina.core.StandardEngine - Starting Servlet engine: [Apache Tomcat/10.1.39]
2025-07-04 16:11:47 INFO  o.a.c.c.C.[Tomcat].[localhost].[/] - Initializing Spring embedded WebApplicationContext
2025-07-04 16:11:47 INFO  o.s.b.w.s.c.ServletWebServerApplicationContext - Root WebApplicationContext: initialization completed in 2534 ms
2025-07-04 16:11:48 INFO  o.h.jpa.internal.util.LogHelper - HHH000204: Processing PersistenceUnitInfo [name: default]
2025-07-04 16:11:48 INFO  org.hibernate.Version - HHH000412: Hibernate ORM core version 6.6.11.Final
2025-07-04 16:11:48 INFO  o.h.c.i.RegionFactoryInitiator - HHH000026: Second-level cache disabled
2025-07-04 16:11:48 INFO  o.s.o.j.p.SpringPersistenceUnitInfo - No LoadTimeWeaver setup: ignoring JPA class transformer
2025-07-04 16:11:48 INFO  com.zaxxer.hikari.HikariDataSource - HikariPool-1 - Starting...
2025-07-04 16:11:49 INFO  com.zaxxer.hikari.pool.HikariPool - HikariPool-1 - Added connection org.postgresql.jdbc.PgConnection@69c33ea2
2025-07-04 16:11:49 INFO  com.zaxxer.hikari.HikariDataSource - HikariPool-1 - Start completed.
2025-07-04 16:11:49 WARN  org.hibernate.orm.deprecation - HHH90000025: PostgreSQLDialect does not need to be specified explicitly using 'hibernate.dialect' (remove the property setting and it will be selected by default)
2025-07-04 16:11:49 INFO  o.hibernate.orm.connections.pooling - HHH10001005: Database info:
	Database JDBC URL [Connecting through datasource 'HikariDataSource (HikariPool-1)']
	Database driver: undefined/unknown
	Database version: 16.3
	Autocommit mode: undefined/unknown
	Isolation level: undefined/unknown
	Minimum pool size: undefined/unknown
	Maximum pool size: undefined/unknown
2025-07-04 16:11:50 INFO  o.h.e.t.j.p.i.JtaPlatformInitiator - HHH000489: No JTA platform available (set 'hibernate.transaction.jta.platform' to enable JTA platform integration)
2025-07-04 16:11:50 INFO  o.s.o.j.LocalContainerEntityManagerFactoryBean - Initialized JPA EntityManagerFactory for persistence unit 'default'
2025-07-04 16:11:50 INFO  o.s.d.j.r.query.QueryEnhancerFactory - Hibernate is in classpath; If applicable, HQL parser will be used.
2025-07-04 16:11:51 WARN  o.s.b.a.o.j.JpaBaseConfiguration$JpaWebConfiguration - spring.jpa.open-in-view is enabled by default. Therefore, database queries may be performed during view rendering. Explicitly configure spring.jpa.open-in-view to disable this warning
2025-07-04 16:11:52 INFO  o.s.s.c.a.a.c.InitializeUserDetailsBeanManagerConfigurer$InitializeUserDetailsManagerConfigurer - Global AuthenticationManager configured with UserDetailsService bean with name userServiceImpl
2025-07-04 16:11:52 DEBUG o.s.w.s.m.m.a.RequestMappingHandlerMapping - 43 mappings in 'requestMappingHandlerMapping'
2025-07-04 16:11:52 DEBUG o.s.w.s.h.SimpleUrlHandlerMapping - Patterns [/webjars/**, /**] in 'resourceHandlerMapping'
2025-07-04 16:11:52 DEBUG o.s.w.s.m.m.a.RequestMappingHandlerAdapter - ControllerAdvice beans: 0 @ModelAttribute, 0 @InitBinder, 1 RequestBodyAdvice, 1 ResponseBodyAdvice
2025-07-04 16:11:52 DEBUG o.s.w.s.m.m.a.ExceptionHandlerExceptionResolver - ControllerAdvice beans: 1 @ExceptionHandler, 1 ResponseBodyAdvice
2025-07-04 16:11:53 INFO  o.a.coyote.http11.Http11NioProtocol - Starting ProtocolHandler ["http-nio-8081"]
2025-07-04 16:11:53 INFO  o.s.b.w.e.tomcat.TomcatWebServer - Tomcat started on port 8081 (http) with context path '/'
2025-07-04 16:11:53 INFO  com.nt.LMS.LmsApplication - Started LmsApplication in 8.576 seconds (process running for 9.393)
2025-07-04 16:11:59 INFO  o.a.c.c.C.[Tomcat].[localhost].[/] - Initializing Spring DispatcherServlet 'dispatcherServlet'
2025-07-04 16:11:59 INFO  o.s.web.servlet.DispatcherServlet - Initializing Servlet 'dispatcherServlet'
2025-07-04 16:11:59 DEBUG o.s.web.servlet.DispatcherServlet - Detected StandardServletMultipartResolver
2025-07-04 16:11:59 DEBUG o.s.web.servlet.DispatcherServlet - Detected AcceptHeaderLocaleResolver
2025-07-04 16:11:59 DEBUG o.s.web.servlet.DispatcherServlet - Detected FixedThemeResolver
2025-07-04 16:11:59 DEBUG o.s.web.servlet.DispatcherServlet - Detected org.springframework.web.servlet.view.DefaultRequestToViewNameTranslator@144d064a
2025-07-04 16:11:59 DEBUG o.s.web.servlet.DispatcherServlet - Detected org.springframework.web.servlet.support.SessionFlashMapManager@2ace94ff
2025-07-04 16:11:59 DEBUG o.s.web.servlet.DispatcherServlet - enableLoggingRequestDetails='false': request parameters and headers will be masked to prevent unsafe logging of potentially sensitive data
2025-07-04 16:11:59 INFO  o.s.web.servlet.DispatcherServlet - Completed initialization in 0 ms
2025-07-04 16:13:59 INFO  o.h.validator.internal.util.Version - HV000001: Hibernate Validator 8.0.2.Final
2025-07-04 16:13:59 INFO  com.nt.LMS.LmsApplication - Starting LmsApplication using Java 17.0.12 with PID 4256 (C:\Users\DELL\Desktop\LMS-NT\LMS\build\classes\java\main started by DELL in C:\Users\DELL\Desktop\LMS-NT)
2025-07-04 16:13:59 INFO  com.nt.LMS.LmsApplication - No active profile set, falling back to 1 default profile: "default"
2025-07-04 16:14:01 INFO  o.s.d.r.c.RepositoryConfigurationDelegate - Bootstrapping Spring Data JPA repositories in DEFAULT mode.
2025-07-04 16:14:01 INFO  o.s.d.r.c.RepositoryConfigurationDelegate - Finished Spring Data repository scanning in 140 ms. Found 10 JPA repository interfaces.
2025-07-04 16:14:01 INFO  o.s.cloud.context.scope.GenericScope - BeanFactory id=ba30d0a8-4893-3dfd-8a99-8de263d9bdbc
2025-07-04 16:14:02 INFO  o.s.b.w.e.tomcat.TomcatWebServer - Tomcat initialized with port 8081 (http)
2025-07-04 16:14:02 INFO  o.a.coyote.http11.Http11NioProtocol - Initializing ProtocolHandler ["http-nio-8081"]
2025-07-04 16:14:02 INFO  o.a.catalina.core.StandardService - Starting service [Tomcat]
2025-07-04 16:14:02 INFO  o.a.catalina.core.StandardEngine - Starting Servlet engine: [Apache Tomcat/10.1.39]
2025-07-04 16:14:02 INFO  o.a.c.c.C.[Tomcat].[localhost].[/] - Initializing Spring embedded WebApplicationContext
2025-07-04 16:14:02 INFO  o.s.b.w.s.c.ServletWebServerApplicationContext - Root WebApplicationContext: initialization completed in 3073 ms
2025-07-04 16:14:03 INFO  o.h.jpa.internal.util.LogHelper - HHH000204: Processing PersistenceUnitInfo [name: default]
2025-07-04 16:14:03 INFO  org.hibernate.Version - HHH000412: Hibernate ORM core version 6.6.11.Final
2025-07-04 16:14:03 INFO  o.h.c.i.RegionFactoryInitiator - HHH000026: Second-level cache disabled
2025-07-04 16:14:03 INFO  o.s.o.j.p.SpringPersistenceUnitInfo - No LoadTimeWeaver setup: ignoring JPA class transformer
2025-07-04 16:14:03 INFO  com.zaxxer.hikari.HikariDataSource - HikariPool-1 - Starting...
2025-07-04 16:14:03 INFO  com.zaxxer.hikari.pool.HikariPool - HikariPool-1 - Added connection org.postgresql.jdbc.PgConnection@78b9155e
2025-07-04 16:14:03 INFO  com.zaxxer.hikari.HikariDataSource - HikariPool-1 - Start completed.
2025-07-04 16:14:03 WARN  org.hibernate.orm.deprecation - HHH90000025: PostgreSQLDialect does not need to be specified explicitly using 'hibernate.dialect' (remove the property setting and it will be selected by default)
2025-07-04 16:14:04 INFO  o.hibernate.orm.connections.pooling - HHH10001005: Database info:
	Database JDBC URL [Connecting through datasource 'HikariDataSource (HikariPool-1)']
	Database driver: undefined/unknown
	Database version: 16.3
	Autocommit mode: undefined/unknown
	Isolation level: undefined/unknown
	Minimum pool size: undefined/unknown
	Maximum pool size: undefined/unknown
2025-07-04 16:14:05 INFO  o.h.e.t.j.p.i.JtaPlatformInitiator - HHH000489: No JTA platform available (set 'hibernate.transaction.jta.platform' to enable JTA platform integration)
2025-07-04 16:14:05 INFO  o.s.o.j.LocalContainerEntityManagerFactoryBean - Initialized JPA EntityManagerFactory for persistence unit 'default'
2025-07-04 16:14:05 INFO  o.s.d.j.r.query.QueryEnhancerFactory - Hibernate is in classpath; If applicable, HQL parser will be used.
2025-07-04 16:14:07 WARN  o.s.b.a.o.j.JpaBaseConfiguration$JpaWebConfiguration - spring.jpa.open-in-view is enabled by default. Therefore, database queries may be performed during view rendering. Explicitly configure spring.jpa.open-in-view to disable this warning
2025-07-04 16:14:07 INFO  o.s.s.c.a.a.c.InitializeUserDetailsBeanManagerConfigurer$InitializeUserDetailsManagerConfigurer - Global AuthenticationManager configured with UserDetailsService bean with name userServiceImpl
2025-07-04 16:14:08 DEBUG o.s.w.s.m.m.a.RequestMappingHandlerMapping - 43 mappings in 'requestMappingHandlerMapping'
2025-07-04 16:14:08 DEBUG o.s.w.s.h.SimpleUrlHandlerMapping - Patterns [/webjars/**, /**] in 'resourceHandlerMapping'
2025-07-04 16:14:08 DEBUG o.s.w.s.m.m.a.RequestMappingHandlerAdapter - ControllerAdvice beans: 0 @ModelAttribute, 0 @InitBinder, 1 RequestBodyAdvice, 1 ResponseBodyAdvice
2025-07-04 16:14:08 DEBUG o.s.w.s.m.m.a.ExceptionHandlerExceptionResolver - ControllerAdvice beans: 1 @ExceptionHandler, 1 ResponseBodyAdvice
2025-07-04 16:14:09 INFO  o.a.coyote.http11.Http11NioProtocol - Starting ProtocolHandler ["http-nio-8081"]
2025-07-04 16:14:09 INFO  o.s.b.w.e.tomcat.TomcatWebServer - Tomcat started on port 8081 (http) with context path '/'
2025-07-04 16:14:09 INFO  com.nt.LMS.LmsApplication - Started LmsApplication in 10.676 seconds (process running for 11.767)
2025-07-04 16:14:31 INFO  o.a.c.c.C.[Tomcat].[localhost].[/] - Initializing Spring DispatcherServlet 'dispatcherServlet'
2025-07-04 16:14:31 INFO  o.s.web.servlet.DispatcherServlet - Initializing Servlet 'dispatcherServlet'
2025-07-04 16:14:31 DEBUG o.s.web.servlet.DispatcherServlet - Detected StandardServletMultipartResolver
2025-07-04 16:14:31 DEBUG o.s.web.servlet.DispatcherServlet - Detected AcceptHeaderLocaleResolver
2025-07-04 16:14:31 DEBUG o.s.web.servlet.DispatcherServlet - Detected FixedThemeResolver
2025-07-04 16:14:31 DEBUG o.s.web.servlet.DispatcherServlet - Detected org.springframework.web.servlet.view.DefaultRequestToViewNameTranslator@28728558
2025-07-04 16:14:31 DEBUG o.s.web.servlet.DispatcherServlet - Detected org.springframework.web.servlet.support.SessionFlashMapManager@16bc97b9
2025-07-04 16:14:31 DEBUG o.s.web.servlet.DispatcherServlet - enableLoggingRequestDetails='false': request parameters and headers will be masked to prevent unsafe logging of potentially sensitive data
2025-07-04 16:14:31 INFO  o.s.web.servlet.DispatcherServlet - Completed initialization in 3 ms
2025-07-04 16:16:15 INFO  o.h.validator.internal.util.Version - HV000001: Hibernate Validator 8.0.2.Final
2025-07-04 16:16:15 INFO  com.nt.LMS.LmsApplication - Starting LmsApplication using Java 17.0.12 with PID 1324 (C:\Users\DELL\Desktop\LMS-NT\LMS\build\classes\java\main started by DELL in C:\Users\DELL\Desktop\LMS-NT)
2025-07-04 16:16:15 INFO  com.nt.LMS.LmsApplication - No active profile set, falling back to 1 default profile: "default"
2025-07-04 16:16:16 INFO  o.s.d.r.c.RepositoryConfigurationDelegate - Bootstrapping Spring Data JPA repositories in DEFAULT mode.
2025-07-04 16:16:16 INFO  o.s.d.r.c.RepositoryConfigurationDelegate - Finished Spring Data repository scanning in 136 ms. Found 10 JPA repository interfaces.
2025-07-04 16:16:17 INFO  o.s.cloud.context.scope.GenericScope - BeanFactory id=ba30d0a8-4893-3dfd-8a99-8de263d9bdbc
2025-07-04 16:16:17 INFO  o.s.b.w.e.tomcat.TomcatWebServer - Tomcat initialized with port 8081 (http)
2025-07-04 16:16:17 INFO  o.a.coyote.http11.Http11NioProtocol - Initializing ProtocolHandler ["http-nio-8081"]
2025-07-04 16:16:17 INFO  o.a.catalina.core.StandardService - Starting service [Tomcat]
2025-07-04 16:16:17 INFO  o.a.catalina.core.StandardEngine - Starting Servlet engine: [Apache Tomcat/10.1.39]
2025-07-04 16:16:17 INFO  o.a.c.c.C.[Tomcat].[localhost].[/] - Initializing Spring embedded WebApplicationContext
2025-07-04 16:16:17 INFO  o.s.b.w.s.c.ServletWebServerApplicationContext - Root WebApplicationContext: initialization completed in 2414 ms
2025-07-04 16:16:18 INFO  o.h.jpa.internal.util.LogHelper - HHH000204: Processing PersistenceUnitInfo [name: default]
2025-07-04 16:16:18 INFO  org.hibernate.Version - HHH000412: Hibernate ORM core version 6.6.11.Final
2025-07-04 16:16:18 INFO  o.h.c.i.RegionFactoryInitiator - HHH000026: Second-level cache disabled
2025-07-04 16:16:18 INFO  o.s.o.j.p.SpringPersistenceUnitInfo - No LoadTimeWeaver setup: ignoring JPA class transformer
2025-07-04 16:16:18 INFO  com.zaxxer.hikari.HikariDataSource - HikariPool-1 - Starting...
2025-07-04 16:16:18 INFO  com.zaxxer.hikari.pool.HikariPool - HikariPool-1 - Added connection org.postgresql.jdbc.PgConnection@5b0e9e0c
2025-07-04 16:16:18 INFO  com.zaxxer.hikari.HikariDataSource - HikariPool-1 - Start completed.
2025-07-04 16:16:18 WARN  org.hibernate.orm.deprecation - HHH90000025: PostgreSQLDialect does not need to be specified explicitly using 'hibernate.dialect' (remove the property setting and it will be selected by default)
2025-07-04 16:16:18 INFO  o.hibernate.orm.connections.pooling - HHH10001005: Database info:
	Database JDBC URL [Connecting through datasource 'HikariDataSource (HikariPool-1)']
	Database driver: undefined/unknown
	Database version: 16.3
	Autocommit mode: undefined/unknown
	Isolation level: undefined/unknown
	Minimum pool size: undefined/unknown
	Maximum pool size: undefined/unknown
2025-07-04 16:16:20 INFO  o.h.e.t.j.p.i.JtaPlatformInitiator - HHH000489: No JTA platform available (set 'hibernate.transaction.jta.platform' to enable JTA platform integration)
2025-07-04 16:16:20 INFO  o.s.o.j.LocalContainerEntityManagerFactoryBean - Initialized JPA EntityManagerFactory for persistence unit 'default'
2025-07-04 16:16:20 INFO  o.s.d.j.r.query.QueryEnhancerFactory - Hibernate is in classpath; If applicable, HQL parser will be used.
2025-07-04 16:16:21 WARN  o.s.b.a.o.j.JpaBaseConfiguration$JpaWebConfiguration - spring.jpa.open-in-view is enabled by default. Therefore, database queries may be performed during view rendering. Explicitly configure spring.jpa.open-in-view to disable this warning
2025-07-04 16:16:21 INFO  o.s.s.c.a.a.c.InitializeUserDetailsBeanManagerConfigurer$InitializeUserDetailsManagerConfigurer - Global AuthenticationManager configured with UserDetailsService bean with name userServiceImpl
2025-07-04 16:16:21 DEBUG o.s.w.s.m.m.a.RequestMappingHandlerMapping - 43 mappings in 'requestMappingHandlerMapping'
2025-07-04 16:16:22 DEBUG o.s.w.s.h.SimpleUrlHandlerMapping - Patterns [/webjars/**, /**] in 'resourceHandlerMapping'
2025-07-04 16:16:22 DEBUG o.s.w.s.m.m.a.RequestMappingHandlerAdapter - ControllerAdvice beans: 0 @ModelAttribute, 0 @InitBinder, 1 RequestBodyAdvice, 1 ResponseBodyAdvice
2025-07-04 16:16:22 DEBUG o.s.w.s.m.m.a.ExceptionHandlerExceptionResolver - ControllerAdvice beans: 1 @ExceptionHandler, 1 ResponseBodyAdvice
2025-07-04 16:16:22 INFO  o.a.coyote.http11.Http11NioProtocol - Starting ProtocolHandler ["http-nio-8081"]
2025-07-04 16:16:22 INFO  o.s.b.w.e.tomcat.TomcatWebServer - Tomcat started on port 8081 (http) with context path '/'
2025-07-04 16:16:22 INFO  com.nt.LMS.LmsApplication - Started LmsApplication in 8.117 seconds (process running for 8.953)
2025-07-04 16:16:33 INFO  o.a.c.c.C.[Tomcat].[localhost].[/] - Initializing Spring DispatcherServlet 'dispatcherServlet'
2025-07-04 16:16:33 INFO  o.s.web.servlet.DispatcherServlet - Initializing Servlet 'dispatcherServlet'
2025-07-04 16:16:33 DEBUG o.s.web.servlet.DispatcherServlet - Detected StandardServletMultipartResolver
2025-07-04 16:16:33 DEBUG o.s.web.servlet.DispatcherServlet - Detected AcceptHeaderLocaleResolver
2025-07-04 16:16:33 DEBUG o.s.web.servlet.DispatcherServlet - Detected FixedThemeResolver
2025-07-04 16:16:33 DEBUG o.s.web.servlet.DispatcherServlet - Detected org.springframework.web.servlet.view.DefaultRequestToViewNameTranslator@10c88d11
2025-07-04 16:16:33 DEBUG o.s.web.servlet.DispatcherServlet - Detected org.springframework.web.servlet.support.SessionFlashMapManager@152a41ab
2025-07-04 16:16:33 DEBUG o.s.web.servlet.DispatcherServlet - enableLoggingRequestDetails='false': request parameters and headers will be masked to prevent unsafe logging of potentially sensitive data
2025-07-04 16:16:33 INFO  o.s.web.servlet.DispatcherServlet - Completed initialization in 5 ms
2025-07-04 16:17:07 INFO  o.h.validator.internal.util.Version - HV000001: Hibernate Validator 8.0.2.Final
2025-07-04 16:17:07 INFO  com.nt.LMS.LmsApplication - Starting LmsApplication using Java 17.0.12 with PID 30852 (C:\Users\DELL\Desktop\LMS-NT\LMS\build\classes\java\main started by DELL in C:\Users\DELL\Desktop\LMS-NT)
2025-07-04 16:17:07 INFO  com.nt.LMS.LmsApplication - No active profile set, falling back to 1 default profile: "default"
2025-07-04 16:17:09 INFO  o.s.d.r.c.RepositoryConfigurationDelegate - Bootstrapping Spring Data JPA repositories in DEFAULT mode.
2025-07-04 16:17:09 INFO  o.s.d.r.c.RepositoryConfigurationDelegate - Finished Spring Data repository scanning in 132 ms. Found 10 JPA repository interfaces.
2025-07-04 16:17:09 INFO  o.s.cloud.context.scope.GenericScope - BeanFactory id=ba30d0a8-4893-3dfd-8a99-8de263d9bdbc
2025-07-04 16:17:10 INFO  o.s.b.w.e.tomcat.TomcatWebServer - Tomcat initialized with port 8081 (http)
2025-07-04 16:17:10 INFO  o.a.coyote.http11.Http11NioProtocol - Initializing ProtocolHandler ["http-nio-8081"]
2025-07-04 16:17:10 INFO  o.a.catalina.core.StandardService - Starting service [Tomcat]
2025-07-04 16:17:10 INFO  o.a.catalina.core.StandardEngine - Starting Servlet engine: [Apache Tomcat/10.1.39]
2025-07-04 16:17:10 INFO  o.a.c.c.C.[Tomcat].[localhost].[/] - Initializing Spring embedded WebApplicationContext
2025-07-04 16:17:10 INFO  o.s.b.w.s.c.ServletWebServerApplicationContext - Root WebApplicationContext: initialization completed in 2444 ms
2025-07-04 16:17:10 INFO  o.h.jpa.internal.util.LogHelper - HHH000204: Processing PersistenceUnitInfo [name: default]
2025-07-04 16:17:10 INFO  org.hibernate.Version - HHH000412: Hibernate ORM core version 6.6.11.Final
2025-07-04 16:17:10 INFO  o.h.c.i.RegionFactoryInitiator - HHH000026: Second-level cache disabled
2025-07-04 16:17:11 INFO  o.s.o.j.p.SpringPersistenceUnitInfo - No LoadTimeWeaver setup: ignoring JPA class transformer
2025-07-04 16:17:11 INFO  com.zaxxer.hikari.HikariDataSource - HikariPool-1 - Starting...
2025-07-04 16:17:11 INFO  com.zaxxer.hikari.pool.HikariPool - HikariPool-1 - Added connection org.postgresql.jdbc.PgConnection@75805562
2025-07-04 16:17:11 INFO  com.zaxxer.hikari.HikariDataSource - HikariPool-1 - Start completed.
2025-07-04 16:17:11 WARN  org.hibernate.orm.deprecation - HHH90000025: PostgreSQLDialect does not need to be specified explicitly using 'hibernate.dialect' (remove the property setting and it will be selected by default)
2025-07-04 16:17:11 INFO  o.hibernate.orm.connections.pooling - HHH10001005: Database info:
	Database JDBC URL [Connecting through datasource 'HikariDataSource (HikariPool-1)']
	Database driver: undefined/unknown
	Database version: 16.3
	Autocommit mode: undefined/unknown
	Isolation level: undefined/unknown
	Minimum pool size: undefined/unknown
	Maximum pool size: undefined/unknown
2025-07-04 16:17:12 INFO  o.h.e.t.j.p.i.JtaPlatformInitiator - HHH000489: No JTA platform available (set 'hibernate.transaction.jta.platform' to enable JTA platform integration)
2025-07-04 16:17:12 INFO  o.s.o.j.LocalContainerEntityManagerFactoryBean - Initialized JPA EntityManagerFactory for persistence unit 'default'
2025-07-04 16:17:13 INFO  o.s.d.j.r.query.QueryEnhancerFactory - Hibernate is in classpath; If applicable, HQL parser will be used.
2025-07-04 16:17:14 WARN  o.s.b.a.o.j.JpaBaseConfiguration$JpaWebConfiguration - spring.jpa.open-in-view is enabled by default. Therefore, database queries may be performed during view rendering. Explicitly configure spring.jpa.open-in-view to disable this warning
2025-07-04 16:17:14 INFO  o.s.s.c.a.a.c.InitializeUserDetailsBeanManagerConfigurer$InitializeUserDetailsManagerConfigurer - Global AuthenticationManager configured with UserDetailsService bean with name userServiceImpl
2025-07-04 16:17:14 DEBUG o.s.w.s.m.m.a.RequestMappingHandlerMapping - 43 mappings in 'requestMappingHandlerMapping'
2025-07-04 16:17:15 DEBUG o.s.w.s.h.SimpleUrlHandlerMapping - Patterns [/webjars/**, /**] in 'resourceHandlerMapping'
2025-07-04 16:17:15 DEBUG o.s.w.s.m.m.a.RequestMappingHandlerAdapter - ControllerAdvice beans: 0 @ModelAttribute, 0 @InitBinder, 1 RequestBodyAdvice, 1 ResponseBodyAdvice
2025-07-04 16:17:15 DEBUG o.s.w.s.m.m.a.ExceptionHandlerExceptionResolver - ControllerAdvice beans: 1 @ExceptionHandler, 1 ResponseBodyAdvice
2025-07-04 16:17:15 INFO  o.a.coyote.http11.Http11NioProtocol - Starting ProtocolHandler ["http-nio-8081"]
2025-07-04 16:17:15 INFO  o.s.b.w.e.tomcat.TomcatWebServer - Tomcat started on port 8081 (http) with context path '/'
2025-07-04 16:17:15 INFO  com.nt.LMS.LmsApplication - Started LmsApplication in 8.415 seconds (process running for 9.216)
2025-07-04 16:17:19 INFO  o.a.c.c.C.[Tomcat].[localhost].[/] - Initializing Spring DispatcherServlet 'dispatcherServlet'
2025-07-04 16:17:19 INFO  o.s.web.servlet.DispatcherServlet - Initializing Servlet 'dispatcherServlet'
2025-07-04 16:17:19 DEBUG o.s.web.servlet.DispatcherServlet - Detected StandardServletMultipartResolver
2025-07-04 16:17:19 DEBUG o.s.web.servlet.DispatcherServlet - Detected AcceptHeaderLocaleResolver
2025-07-04 16:17:19 DEBUG o.s.web.servlet.DispatcherServlet - Detected FixedThemeResolver
2025-07-04 16:17:19 DEBUG o.s.web.servlet.DispatcherServlet - Detected org.springframework.web.servlet.view.DefaultRequestToViewNameTranslator@52ac4878
2025-07-04 16:17:19 DEBUG o.s.web.servlet.DispatcherServlet - Detected org.springframework.web.servlet.support.SessionFlashMapManager@144d064a
2025-07-04 16:17:19 DEBUG o.s.web.servlet.DispatcherServlet - enableLoggingRequestDetails='false': request parameters and headers will be masked to prevent unsafe logging of potentially sensitive data
2025-07-04 16:17:19 INFO  o.s.web.servlet.DispatcherServlet - Completed initialization in 1 ms
2025-07-04 16:18:32 INFO  o.h.validator.internal.util.Version - HV000001: Hibernate Validator 8.0.2.Final
2025-07-04 16:18:32 INFO  com.nt.LMS.LmsApplication - Starting LmsApplication using Java 17.0.12 with PID 24684 (C:\Users\DELL\Desktop\LMS-NT\LMS\build\classes\java\main started by DELL in C:\Users\DELL\Desktop\LMS-NT)
2025-07-04 16:18:32 INFO  com.nt.LMS.LmsApplication - No active profile set, falling back to 1 default profile: "default"
2025-07-04 16:18:34 INFO  o.s.d.r.c.RepositoryConfigurationDelegate - Bootstrapping Spring Data JPA repositories in DEFAULT mode.
2025-07-04 16:18:34 INFO  o.s.d.r.c.RepositoryConfigurationDelegate - Finished Spring Data repository scanning in 142 ms. Found 10 JPA repository interfaces.
2025-07-04 16:18:34 INFO  o.s.cloud.context.scope.GenericScope - BeanFactory id=ba30d0a8-4893-3dfd-8a99-8de263d9bdbc
2025-07-04 16:18:35 INFO  o.s.b.w.e.tomcat.TomcatWebServer - Tomcat initialized with port 8081 (http)
2025-07-04 16:18:35 INFO  o.a.coyote.http11.Http11NioProtocol - Initializing ProtocolHandler ["http-nio-8081"]
2025-07-04 16:18:35 INFO  o.a.catalina.core.StandardService - Starting service [Tomcat]
2025-07-04 16:18:35 INFO  o.a.catalina.core.StandardEngine - Starting Servlet engine: [Apache Tomcat/10.1.39]
2025-07-04 16:18:35 INFO  o.a.c.c.C.[Tomcat].[localhost].[/] - Initializing Spring embedded WebApplicationContext
2025-07-04 16:18:35 INFO  o.s.b.w.s.c.ServletWebServerApplicationContext - Root WebApplicationContext: initialization completed in 2430 ms
2025-07-04 16:18:35 INFO  o.h.jpa.internal.util.LogHelper - HHH000204: Processing PersistenceUnitInfo [name: default]
2025-07-04 16:18:35 INFO  org.hibernate.Version - HHH000412: Hibernate ORM core version 6.6.11.Final
2025-07-04 16:18:35 INFO  o.h.c.i.RegionFactoryInitiator - HHH000026: Second-level cache disabled
2025-07-04 16:18:36 INFO  o.s.o.j.p.SpringPersistenceUnitInfo - No LoadTimeWeaver setup: ignoring JPA class transformer
2025-07-04 16:18:36 INFO  com.zaxxer.hikari.HikariDataSource - HikariPool-1 - Starting...
2025-07-04 16:18:36 INFO  com.zaxxer.hikari.pool.HikariPool - HikariPool-1 - Added connection org.postgresql.jdbc.PgConnection@5bb99d1d
2025-07-04 16:18:36 INFO  com.zaxxer.hikari.HikariDataSource - HikariPool-1 - Start completed.
2025-07-04 16:18:36 WARN  org.hibernate.orm.deprecation - HHH90000025: PostgreSQLDialect does not need to be specified explicitly using 'hibernate.dialect' (remove the property setting and it will be selected by default)
2025-07-04 16:18:36 INFO  o.hibernate.orm.connections.pooling - HHH10001005: Database info:
	Database JDBC URL [Connecting through datasource 'HikariDataSource (HikariPool-1)']
	Database driver: undefined/unknown
	Database version: 16.3
	Autocommit mode: undefined/unknown
	Isolation level: undefined/unknown
	Minimum pool size: undefined/unknown
	Maximum pool size: undefined/unknown
2025-07-04 16:18:37 INFO  o.h.e.t.j.p.i.JtaPlatformInitiator - HHH000489: No JTA platform available (set 'hibernate.transaction.jta.platform' to enable JTA platform integration)
2025-07-04 16:18:37 INFO  o.s.o.j.LocalContainerEntityManagerFactoryBean - Initialized JPA EntityManagerFactory for persistence unit 'default'
2025-07-04 16:18:38 INFO  o.s.d.j.r.query.QueryEnhancerFactory - Hibernate is in classpath; If applicable, HQL parser will be used.
2025-07-04 16:18:38 WARN  o.s.b.a.o.j.JpaBaseConfiguration$JpaWebConfiguration - spring.jpa.open-in-view is enabled by default. Therefore, database queries may be performed during view rendering. Explicitly configure spring.jpa.open-in-view to disable this warning
2025-07-04 16:18:39 INFO  o.s.s.c.a.a.c.InitializeUserDetailsBeanManagerConfigurer$InitializeUserDetailsManagerConfigurer - Global AuthenticationManager configured with UserDetailsService bean with name userServiceImpl
2025-07-04 16:18:39 DEBUG o.s.w.s.m.m.a.RequestMappingHandlerMapping - 43 mappings in 'requestMappingHandlerMapping'
2025-07-04 16:18:39 DEBUG o.s.w.s.h.SimpleUrlHandlerMapping - Patterns [/webjars/**, /**] in 'resourceHandlerMapping'
2025-07-04 16:18:39 DEBUG o.s.w.s.m.m.a.RequestMappingHandlerAdapter - ControllerAdvice beans: 0 @ModelAttribute, 0 @InitBinder, 1 RequestBodyAdvice, 1 ResponseBodyAdvice
2025-07-04 16:18:39 DEBUG o.s.w.s.m.m.a.ExceptionHandlerExceptionResolver - ControllerAdvice beans: 1 @ExceptionHandler, 1 ResponseBodyAdvice
2025-07-04 16:18:40 INFO  o.a.coyote.http11.Http11NioProtocol - Starting ProtocolHandler ["http-nio-8081"]
2025-07-04 16:18:40 INFO  o.s.b.w.e.tomcat.TomcatWebServer - Tomcat started on port 8081 (http) with context path '/'
2025-07-04 16:18:40 INFO  com.nt.LMS.LmsApplication - Started LmsApplication in 8.54 seconds (process running for 9.34)
2025-07-04 16:18:51 INFO  o.a.c.c.C.[Tomcat].[localhost].[/] - Initializing Spring DispatcherServlet 'dispatcherServlet'
2025-07-04 16:18:51 INFO  o.s.web.servlet.DispatcherServlet - Initializing Servlet 'dispatcherServlet'
2025-07-04 16:18:51 DEBUG o.s.web.servlet.DispatcherServlet - Detected StandardServletMultipartResolver
2025-07-04 16:18:51 DEBUG o.s.web.servlet.DispatcherServlet - Detected AcceptHeaderLocaleResolver
2025-07-04 16:18:51 DEBUG o.s.web.servlet.DispatcherServlet - Detected FixedThemeResolver
2025-07-04 16:18:51 DEBUG o.s.web.servlet.DispatcherServlet - Detected org.springframework.web.servlet.view.DefaultRequestToViewNameTranslator@c5c7db1
2025-07-04 16:18:51 DEBUG o.s.web.servlet.DispatcherServlet - Detected org.springframework.web.servlet.support.SessionFlashMapManager@4a28852d
2025-07-04 16:18:51 DEBUG o.s.web.servlet.DispatcherServlet - enableLoggingRequestDetails='false': request parameters and headers will be masked to prevent unsafe logging of potentially sensitive data
2025-07-04 16:18:51 INFO  o.s.web.servlet.DispatcherServlet - Completed initialization in 5 ms
2025-07-04 16:19:59 INFO  o.h.validator.internal.util.Version - HV000001: Hibernate Validator 8.0.2.Final
2025-07-04 16:19:59 INFO  com.nt.LMS.LmsApplication - Starting LmsApplication using Java 17.0.12 with PID 22208 (C:\Users\DELL\Desktop\LMS-NT\LMS\build\classes\java\main started by DELL in C:\Users\DELL\Desktop\LMS-NT)
2025-07-04 16:19:59 INFO  com.nt.LMS.LmsApplication - No active profile set, falling back to 1 default profile: "default"
2025-07-04 16:20:00 INFO  o.s.d.r.c.RepositoryConfigurationDelegate - Bootstrapping Spring Data JPA repositories in DEFAULT mode.
2025-07-04 16:20:00 INFO  o.s.d.r.c.RepositoryConfigurationDelegate - Finished Spring Data repository scanning in 141 ms. Found 10 JPA repository interfaces.
2025-07-04 16:20:01 INFO  o.s.cloud.context.scope.GenericScope - BeanFactory id=ba30d0a8-4893-3dfd-8a99-8de263d9bdbc
2025-07-04 16:20:01 INFO  o.s.b.w.e.tomcat.TomcatWebServer - Tomcat initialized with port 8081 (http)
2025-07-04 16:20:01 INFO  o.a.coyote.http11.Http11NioProtocol - Initializing ProtocolHandler ["http-nio-8081"]
2025-07-04 16:20:01 INFO  o.a.catalina.core.StandardService - Starting service [Tomcat]
2025-07-04 16:20:01 INFO  o.a.catalina.core.StandardEngine - Starting Servlet engine: [Apache Tomcat/10.1.39]
2025-07-04 16:20:01 INFO  o.a.c.c.C.[Tomcat].[localhost].[/] - Initializing Spring embedded WebApplicationContext
2025-07-04 16:20:01 INFO  o.s.b.w.s.c.ServletWebServerApplicationContext - Root WebApplicationContext: initialization completed in 2466 ms
2025-07-04 16:20:02 INFO  o.h.jpa.internal.util.LogHelper - HHH000204: Processing PersistenceUnitInfo [name: default]
2025-07-04 16:20:02 INFO  org.hibernate.Version - HHH000412: Hibernate ORM core version 6.6.11.Final
2025-07-04 16:20:02 INFO  o.h.c.i.RegionFactoryInitiator - HHH000026: Second-level cache disabled
2025-07-04 16:20:02 INFO  o.s.o.j.p.SpringPersistenceUnitInfo - No LoadTimeWeaver setup: ignoring JPA class transformer
2025-07-04 16:20:02 INFO  com.zaxxer.hikari.HikariDataSource - HikariPool-1 - Starting...
2025-07-04 16:20:02 INFO  com.zaxxer.hikari.pool.HikariPool - HikariPool-1 - Added connection org.postgresql.jdbc.PgConnection@36a58466
2025-07-04 16:20:02 INFO  com.zaxxer.hikari.HikariDataSource - HikariPool-1 - Start completed.
2025-07-04 16:20:02 WARN  org.hibernate.orm.deprecation - HHH90000025: PostgreSQLDialect does not need to be specified explicitly using 'hibernate.dialect' (remove the property setting and it will be selected by default)
2025-07-04 16:20:02 INFO  o.hibernate.orm.connections.pooling - HHH10001005: Database info:
	Database JDBC URL [Connecting through datasource 'HikariDataSource (HikariPool-1)']
	Database driver: undefined/unknown
	Database version: 16.3
	Autocommit mode: undefined/unknown
	Isolation level: undefined/unknown
	Minimum pool size: undefined/unknown
	Maximum pool size: undefined/unknown
2025-07-04 16:20:04 INFO  o.h.e.t.j.p.i.JtaPlatformInitiator - HHH000489: No JTA platform available (set 'hibernate.transaction.jta.platform' to enable JTA platform integration)
2025-07-04 16:20:04 INFO  o.s.o.j.LocalContainerEntityManagerFactoryBean - Initialized JPA EntityManagerFactory for persistence unit 'default'
2025-07-04 16:20:04 INFO  o.s.d.j.r.query.QueryEnhancerFactory - Hibernate is in classpath; If applicable, HQL parser will be used.
2025-07-04 16:20:05 WARN  o.s.b.a.o.j.JpaBaseConfiguration$JpaWebConfiguration - spring.jpa.open-in-view is enabled by default. Therefore, database queries may be performed during view rendering. Explicitly configure spring.jpa.open-in-view to disable this warning
2025-07-04 16:20:05 INFO  o.s.s.c.a.a.c.InitializeUserDetailsBeanManagerConfigurer$InitializeUserDetailsManagerConfigurer - Global AuthenticationManager configured with UserDetailsService bean with name userServiceImpl
2025-07-04 16:20:06 DEBUG o.s.w.s.m.m.a.RequestMappingHandlerMapping - 43 mappings in 'requestMappingHandlerMapping'
2025-07-04 16:20:06 DEBUG o.s.w.s.h.SimpleUrlHandlerMapping - Patterns [/webjars/**, /**] in 'resourceHandlerMapping'
2025-07-04 16:20:06 DEBUG o.s.w.s.m.m.a.RequestMappingHandlerAdapter - ControllerAdvice beans: 0 @ModelAttribute, 0 @InitBinder, 1 RequestBodyAdvice, 1 ResponseBodyAdvice
2025-07-04 16:20:06 DEBUG o.s.w.s.m.m.a.ExceptionHandlerExceptionResolver - ControllerAdvice beans: 1 @ExceptionHandler, 1 ResponseBodyAdvice
2025-07-04 16:20:06 INFO  o.a.coyote.http11.Http11NioProtocol - Starting ProtocolHandler ["http-nio-8081"]
2025-07-04 16:20:06 INFO  o.s.b.w.e.tomcat.TomcatWebServer - Tomcat started on port 8081 (http) with context path '/'
2025-07-04 16:20:06 INFO  com.nt.LMS.LmsApplication - Started LmsApplication in 8.302 seconds (process running for 9.12)
2025-07-04 16:20:10 INFO  o.a.c.c.C.[Tomcat].[localhost].[/] - Initializing Spring DispatcherServlet 'dispatcherServlet'
2025-07-04 16:20:10 INFO  o.s.web.servlet.DispatcherServlet - Initializing Servlet 'dispatcherServlet'
2025-07-04 16:20:10 DEBUG o.s.web.servlet.DispatcherServlet - Detected StandardServletMultipartResolver
2025-07-04 16:20:10 DEBUG o.s.web.servlet.DispatcherServlet - Detected AcceptHeaderLocaleResolver
2025-07-04 16:20:10 DEBUG o.s.web.servlet.DispatcherServlet - Detected FixedThemeResolver
2025-07-04 16:20:10 DEBUG o.s.web.servlet.DispatcherServlet - Detected org.springframework.web.servlet.view.DefaultRequestToViewNameTranslator@67620d80
2025-07-04 16:20:10 DEBUG o.s.web.servlet.DispatcherServlet - Detected org.springframework.web.servlet.support.SessionFlashMapManager@7308c29a
2025-07-04 16:20:10 DEBUG o.s.web.servlet.DispatcherServlet - enableLoggingRequestDetails='false': request parameters and headers will be masked to prevent unsafe logging of potentially sensitive data
2025-07-04 16:20:10 INFO  o.s.web.servlet.DispatcherServlet - Completed initialization in 0 ms
2025-07-04 16:31:15 INFO  o.h.validator.internal.util.Version - HV000001: Hibernate Validator 8.0.2.Final
2025-07-04 16:31:15 INFO  com.nt.LMS.LmsApplication - Starting LmsApplication using Java 17.0.12 with PID 23700 (C:\Users\DELL\Desktop\LMS-NT\LMS\build\classes\java\main started by DELL in C:\Users\DELL\Desktop\LMS-NT)
2025-07-04 16:31:15 INFO  com.nt.LMS.LmsApplication - No active profile set, falling back to 1 default profile: "default"
2025-07-04 16:31:16 INFO  o.s.d.r.c.RepositoryConfigurationDelegate - Bootstrapping Spring Data JPA repositories in DEFAULT mode.
2025-07-04 16:31:16 INFO  o.s.d.r.c.RepositoryConfigurationDelegate - Finished Spring Data repository scanning in 149 ms. Found 10 JPA repository interfaces.
2025-07-04 16:31:17 INFO  o.s.cloud.context.scope.GenericScope - BeanFactory id=ba30d0a8-4893-3dfd-8a99-8de263d9bdbc
2025-07-04 16:31:17 INFO  o.s.b.w.e.tomcat.TomcatWebServer - Tomcat initialized with port 8081 (http)
2025-07-04 16:31:17 INFO  o.a.coyote.http11.Http11NioProtocol - Initializing ProtocolHandler ["http-nio-8081"]
2025-07-04 16:31:17 INFO  o.a.catalina.core.StandardService - Starting service [Tomcat]
2025-07-04 16:31:17 INFO  o.a.catalina.core.StandardEngine - Starting Servlet engine: [Apache Tomcat/10.1.39]
2025-07-04 16:31:18 INFO  o.a.c.c.C.[Tomcat].[localhost].[/] - Initializing Spring embedded WebApplicationContext
2025-07-04 16:31:18 INFO  o.s.b.w.s.c.ServletWebServerApplicationContext - Root WebApplicationContext: initialization completed in 2708 ms
2025-07-04 16:31:18 INFO  o.h.jpa.internal.util.LogHelper - HHH000204: Processing PersistenceUnitInfo [name: default]
2025-07-04 16:31:18 INFO  org.hibernate.Version - HHH000412: Hibernate ORM core version 6.6.11.Final
2025-07-04 16:31:18 INFO  o.h.c.i.RegionFactoryInitiator - HHH000026: Second-level cache disabled
2025-07-04 16:31:18 INFO  o.s.o.j.p.SpringPersistenceUnitInfo - No LoadTimeWeaver setup: ignoring JPA class transformer
2025-07-04 16:31:18 INFO  com.zaxxer.hikari.HikariDataSource - HikariPool-1 - Starting...
2025-07-04 16:31:19 INFO  com.zaxxer.hikari.pool.HikariPool - HikariPool-1 - Added connection org.postgresql.jdbc.PgConnection@53525379
2025-07-04 16:31:19 INFO  com.zaxxer.hikari.HikariDataSource - HikariPool-1 - Start completed.
2025-07-04 16:31:19 WARN  org.hibernate.orm.deprecation - HHH90000025: PostgreSQLDialect does not need to be specified explicitly using 'hibernate.dialect' (remove the property setting and it will be selected by default)
2025-07-04 16:31:19 INFO  o.hibernate.orm.connections.pooling - HHH10001005: Database info:
	Database JDBC URL [Connecting through datasource 'HikariDataSource (HikariPool-1)']
	Database driver: undefined/unknown
	Database version: 16.3
	Autocommit mode: undefined/unknown
	Isolation level: undefined/unknown
	Minimum pool size: undefined/unknown
	Maximum pool size: undefined/unknown
2025-07-04 16:31:20 INFO  o.h.e.t.j.p.i.JtaPlatformInitiator - HHH000489: No JTA platform available (set 'hibernate.transaction.jta.platform' to enable JTA platform integration)
2025-07-04 16:31:20 INFO  o.s.o.j.LocalContainerEntityManagerFactoryBean - Initialized JPA EntityManagerFactory for persistence unit 'default'
2025-07-04 16:31:20 INFO  o.s.d.j.r.query.QueryEnhancerFactory - Hibernate is in classpath; If applicable, HQL parser will be used.
2025-07-04 16:31:21 WARN  o.s.b.a.o.j.JpaBaseConfiguration$JpaWebConfiguration - spring.jpa.open-in-view is enabled by default. Therefore, database queries may be performed during view rendering. Explicitly configure spring.jpa.open-in-view to disable this warning
2025-07-04 16:31:22 INFO  o.s.s.c.a.a.c.InitializeUserDetailsBeanManagerConfigurer$InitializeUserDetailsManagerConfigurer - Global AuthenticationManager configured with UserDetailsService bean with name userServiceImpl
2025-07-04 16:31:22 DEBUG o.s.w.s.m.m.a.RequestMappingHandlerMapping - 44 mappings in 'requestMappingHandlerMapping'
2025-07-04 16:31:22 DEBUG o.s.w.s.h.SimpleUrlHandlerMapping - Patterns [/webjars/**, /**] in 'resourceHandlerMapping'
2025-07-04 16:31:22 DEBUG o.s.w.s.m.m.a.RequestMappingHandlerAdapter - ControllerAdvice beans: 0 @ModelAttribute, 0 @InitBinder, 1 RequestBodyAdvice, 1 ResponseBodyAdvice
2025-07-04 16:31:22 DEBUG o.s.w.s.m.m.a.ExceptionHandlerExceptionResolver - ControllerAdvice beans: 1 @ExceptionHandler, 1 ResponseBodyAdvice
2025-07-04 16:31:23 INFO  o.a.coyote.http11.Http11NioProtocol - Starting ProtocolHandler ["http-nio-8081"]
2025-07-04 16:31:23 INFO  o.s.b.w.e.tomcat.TomcatWebServer - Tomcat started on port 8081 (http) with context path '/'
2025-07-04 16:31:23 INFO  com.nt.LMS.LmsApplication - Started LmsApplication in 8.72 seconds (process running for 9.523)
2025-07-04 16:31:59 INFO  o.a.c.c.C.[Tomcat].[localhost].[/] - Initializing Spring DispatcherServlet 'dispatcherServlet'
2025-07-04 16:31:59 INFO  o.s.web.servlet.DispatcherServlet - Initializing Servlet 'dispatcherServlet'
2025-07-04 16:31:59 DEBUG o.s.web.servlet.DispatcherServlet - Detected StandardServletMultipartResolver
2025-07-04 16:31:59 DEBUG o.s.web.servlet.DispatcherServlet - Detected AcceptHeaderLocaleResolver
2025-07-04 16:31:59 DEBUG o.s.web.servlet.DispatcherServlet - Detected FixedThemeResolver
2025-07-04 16:31:59 DEBUG o.s.web.servlet.DispatcherServlet - Detected org.springframework.web.servlet.view.DefaultRequestToViewNameTranslator@2ace94ff
2025-07-04 16:31:59 DEBUG o.s.web.servlet.DispatcherServlet - Detected org.springframework.web.servlet.support.SessionFlashMapManager@67a2fb00
2025-07-04 16:31:59 DEBUG o.s.web.servlet.DispatcherServlet - enableLoggingRequestDetails='false': request parameters and headers will be masked to prevent unsafe logging of potentially sensitive data
2025-07-04 16:31:59 INFO  o.s.web.servlet.DispatcherServlet - Completed initialization in 2 ms
2025-07-04 16:31:59 DEBUG o.s.web.servlet.DispatcherServlet - GET "/api/service-api/users/userCourses", parameters={}
2025-07-04 16:31:59 DEBUG o.s.w.s.m.m.a.RequestMappingHandlerMapping - Mapped to com.nt.LMS.controller.UserController#getEnrolledCoursesByUserId()
2025-07-04 16:31:59 DEBUG o.s.w.s.m.m.a.HttpEntityMethodProcessor - Using 'application/json', given [*/*] and supported [application/json, application/*+json]
2025-07-04 16:31:59 DEBUG o.s.w.s.m.m.a.HttpEntityMethodProcessor - Writing [StandardResponseOutDTO{status='SUCCESS', message='Fetched enrolled courses successfully', data=[User (truncated)...]
2025-07-04 16:31:59 DEBUG o.s.web.servlet.DispatcherServlet - Completed 200 OK
2025-07-04 16:34:37 DEBUG o.s.web.servlet.DispatcherServlet - GET "/api/service-api/users/getDeadlines", parameters={}
2025-07-04 16:34:37 DEBUG o.s.w.s.m.m.a.RequestMappingHandlerMapping - Mapped to com.nt.LMS.controller.UserController#getUserDeadlines()
2025-07-04 16:34:37 DEBUG o.s.w.s.m.m.a.HttpEntityMethodProcessor - Using 'application/json', given [application/json, text/plain, */*] and supported [application/json, application/*+json]
2025-07-04 16:34:37 DEBUG o.s.w.s.m.m.a.HttpEntityMethodProcessor - Writing [StandardResponseOutDTO{status='SUCCESS', message='null', data=[]}]
2025-07-04 16:34:37 DEBUG o.s.web.servlet.DispatcherServlet - Completed 200 OK
2025-07-04 16:34:39 DEBUG o.s.web.servlet.DispatcherServlet - GET "/api/service-api/enrollments/47/statistics", parameters={}
2025-07-04 16:34:39 DEBUG o.s.w.s.m.m.a.RequestMappingHandlerMapping - Mapped to com.nt.LMS.controller.UserCourseEnrollmentController#getUserEnrollments(Long)
2025-07-04 16:34:39 DEBUG o.s.w.s.m.m.a.HttpEntityMethodProcessor - Using 'application/json', given [application/json, text/plain, */*] and supported [application/json, application/*+json]
2025-07-04 16:34:39 DEBUG o.s.w.s.m.m.a.HttpEntityMethodProcessor - Writing [StandardResponseOutDTO{status='SUCCESS', message='Fetched Users Enrolled', data={groups=1, enrollmen (truncated)...]
2025-07-04 16:34:39 DEBUG o.s.web.servlet.DispatcherServlet - Completed 200 OK
2025-07-04 16:34:41 DEBUG o.s.web.servlet.DispatcherServlet - GET "/api/service-api/users/userCourses", parameters={}
2025-07-04 16:34:41 DEBUG o.s.w.s.m.m.a.RequestMappingHandlerMapping - Mapped to com.nt.LMS.controller.UserController#getEnrolledCoursesByUserId()
2025-07-04 16:34:41 DEBUG o.s.w.s.m.m.a.HttpEntityMethodProcessor - Using 'application/json', given [application/json, text/plain, */*] and supported [application/json, application/*+json]
2025-07-04 16:34:41 DEBUG o.s.w.s.m.m.a.HttpEntityMethodProcessor - Writing [StandardResponseOutDTO{status='SUCCESS', message='Fetched enrolled courses successfully', data=[User (truncated)...]
2025-07-04 16:34:41 DEBUG o.s.web.servlet.DispatcherServlet - Completed 200 OK
2025-07-04 16:34:41 DEBUG o.s.web.servlet.DispatcherServlet - GET "/api/service-api/users/1", parameters={}
2025-07-04 16:34:41 DEBUG o.s.w.s.m.m.a.RequestMappingHandlerMapping - Mapped to com.nt.LMS.controller.UserController#getUserNameById(long)
2025-07-04 16:34:41 DEBUG o.s.w.s.m.m.a.HttpEntityMethodProcessor - Using 'application/json', given [application/json, text/plain, */*] and supported [application/json, application/*+json]
2025-07-04 16:34:41 DEBUG o.s.w.s.m.m.a.HttpEntityMethodProcessor - Writing [StandardResponseOutDTO{status='SUCCESS', message='Fetched user info', data=UserOutDTO(userId=1, user (truncated)...]
2025-07-04 16:34:41 DEBUG o.s.web.servlet.DispatcherServlet - Completed 200 OK
2025-07-04 16:34:42 DEBUG o.s.web.servlet.DispatcherServlet - GET "/api/service-api/users/1", parameters={}
2025-07-04 16:34:42 DEBUG o.s.w.s.m.m.a.RequestMappingHandlerMapping - Mapped to com.nt.LMS.controller.UserController#getUserNameById(long)
2025-07-04 16:34:42 DEBUG o.s.w.s.m.m.a.HttpEntityMethodProcessor - Using 'application/json', given [application/json, text/plain, */*] and supported [application/json, application/*+json]
2025-07-04 16:34:42 DEBUG o.s.w.s.m.m.a.HttpEntityMethodProcessor - Writing [StandardResponseOutDTO{status='SUCCESS', message='Fetched user info', data=UserOutDTO(userId=1, user (truncated)...]
2025-07-04 16:34:42 DEBUG o.s.web.servlet.DispatcherServlet - Completed 200 OK
2025-07-04 16:34:46 DEBUG o.s.web.servlet.DispatcherServlet - GET "/api/service-api/users/userCourses", parameters={}
2025-07-04 16:34:46 DEBUG o.s.w.s.m.m.a.RequestMappingHandlerMapping - Mapped to com.nt.LMS.controller.UserController#getEnrolledCoursesByUserId()
2025-07-04 16:34:46 DEBUG o.s.w.s.m.m.a.HttpEntityMethodProcessor - Using 'application/json', given [application/json, text/plain, */*] and supported [application/json, application/*+json]
2025-07-04 16:34:46 DEBUG o.s.w.s.m.m.a.HttpEntityMethodProcessor - Writing [StandardResponseOutDTO{status='SUCCESS', message='Fetched enrolled courses successfully', data=[User (truncated)...]
2025-07-04 16:34:46 DEBUG o.s.web.servlet.DispatcherServlet - Completed 200 OK
2025-07-04 16:34:47 DEBUG o.s.web.servlet.DispatcherServlet - GET "/api/service-api/users/1", parameters={}
2025-07-04 16:34:47 DEBUG o.s.w.s.m.m.a.RequestMappingHandlerMapping - Mapped to com.nt.LMS.controller.UserController#getUserNameById(long)
2025-07-04 16:34:47 DEBUG o.s.w.s.m.m.a.HttpEntityMethodProcessor - Using 'application/json', given [application/json, text/plain, */*] and supported [application/json, application/*+json]
2025-07-04 16:34:47 DEBUG o.s.w.s.m.m.a.HttpEntityMethodProcessor - Writing [StandardResponseOutDTO{status='SUCCESS', message='Fetched user info', data=UserOutDTO(userId=1, user (truncated)...]
2025-07-04 16:34:47 DEBUG o.s.web.servlet.DispatcherServlet - Completed 200 OK
2025-07-04 16:34:47 DEBUG o.s.web.servlet.DispatcherServlet - GET "/api/service-api/users/1", parameters={}
2025-07-04 16:34:47 DEBUG o.s.w.s.m.m.a.RequestMappingHandlerMapping - Mapped to com.nt.LMS.controller.UserController#getUserNameById(long)
2025-07-04 16:34:47 DEBUG o.s.w.s.m.m.a.HttpEntityMethodProcessor - Using 'application/json', given [application/json, text/plain, */*] and supported [application/json, application/*+json]
2025-07-04 16:34:47 DEBUG o.s.w.s.m.m.a.HttpEntityMethodProcessor - Writing [StandardResponseOutDTO{status='SUCCESS', message='Fetched user info', data=UserOutDTO(userId=1, user (truncated)...]
2025-07-04 16:34:47 DEBUG o.s.web.servlet.DispatcherServlet - Completed 200 OK
2025-07-04 16:36:44 INFO  o.h.validator.internal.util.Version - HV000001: Hibernate Validator 8.0.2.Final
2025-07-04 16:36:44 INFO  com.nt.LMS.LmsApplication - Starting LmsApplication using Java 17.0.12 with PID 26892 (C:\Users\DELL\Desktop\LMS-NT\LMS\build\classes\java\main started by DELL in C:\Users\DELL\Desktop\LMS-NT)
2025-07-04 16:36:44 INFO  com.nt.LMS.LmsApplication - No active profile set, falling back to 1 default profile: "default"
2025-07-04 16:36:45 INFO  o.s.d.r.c.RepositoryConfigurationDelegate - Bootstrapping Spring Data JPA repositories in DEFAULT mode.
2025-07-04 16:36:45 INFO  o.s.d.r.c.RepositoryConfigurationDelegate - Finished Spring Data repository scanning in 141 ms. Found 10 JPA repository interfaces.
2025-07-04 16:36:46 INFO  o.s.cloud.context.scope.GenericScope - BeanFactory id=ba30d0a8-4893-3dfd-8a99-8de263d9bdbc
2025-07-04 16:36:46 INFO  o.s.b.w.e.tomcat.TomcatWebServer - Tomcat initialized with port 8081 (http)
2025-07-04 16:36:46 INFO  o.a.coyote.http11.Http11NioProtocol - Initializing ProtocolHandler ["http-nio-8081"]
2025-07-04 16:36:46 INFO  o.a.catalina.core.StandardService - Starting service [Tomcat]
2025-07-04 16:36:46 INFO  o.a.catalina.core.StandardEngine - Starting Servlet engine: [Apache Tomcat/10.1.39]
2025-07-04 16:36:46 INFO  o.a.c.c.C.[Tomcat].[localhost].[/] - Initializing Spring embedded WebApplicationContext
2025-07-04 16:36:46 INFO  o.s.b.w.s.c.ServletWebServerApplicationContext - Root WebApplicationContext: initialization completed in 2565 ms
2025-07-04 16:36:47 INFO  o.h.jpa.internal.util.LogHelper - HHH000204: Processing PersistenceUnitInfo [name: default]
2025-07-04 16:36:47 INFO  org.hibernate.Version - HHH000412: Hibernate ORM core version 6.6.11.Final
2025-07-04 16:36:47 INFO  o.h.c.i.RegionFactoryInitiator - HHH000026: Second-level cache disabled
2025-07-04 16:36:47 INFO  o.s.o.j.p.SpringPersistenceUnitInfo - No LoadTimeWeaver setup: ignoring JPA class transformer
2025-07-04 16:36:47 INFO  com.zaxxer.hikari.HikariDataSource - HikariPool-1 - Starting...
2025-07-04 16:36:48 INFO  com.zaxxer.hikari.pool.HikariPool - HikariPool-1 - Added connection org.postgresql.jdbc.PgConnection@60a6840c
2025-07-04 16:36:48 INFO  com.zaxxer.hikari.HikariDataSource - HikariPool-1 - Start completed.
2025-07-04 16:36:48 WARN  org.hibernate.orm.deprecation - HHH90000025: PostgreSQLDialect does not need to be specified explicitly using 'hibernate.dialect' (remove the property setting and it will be selected by default)
2025-07-04 16:36:48 INFO  o.hibernate.orm.connections.pooling - HHH10001005: Database info:
	Database JDBC URL [Connecting through datasource 'HikariDataSource (HikariPool-1)']
	Database driver: undefined/unknown
	Database version: 16.3
	Autocommit mode: undefined/unknown
	Isolation level: undefined/unknown
	Minimum pool size: undefined/unknown
	Maximum pool size: undefined/unknown
2025-07-04 16:36:49 INFO  o.h.e.t.j.p.i.JtaPlatformInitiator - HHH000489: No JTA platform available (set 'hibernate.transaction.jta.platform' to enable JTA platform integration)
2025-07-04 16:36:49 INFO  o.s.o.j.LocalContainerEntityManagerFactoryBean - Initialized JPA EntityManagerFactory for persistence unit 'default'
2025-07-04 16:36:50 INFO  o.s.d.j.r.query.QueryEnhancerFactory - Hibernate is in classpath; If applicable, HQL parser will be used.
2025-07-04 16:36:50 WARN  o.s.b.a.o.j.JpaBaseConfiguration$JpaWebConfiguration - spring.jpa.open-in-view is enabled by default. Therefore, database queries may be performed during view rendering. Explicitly configure spring.jpa.open-in-view to disable this warning
2025-07-04 16:36:51 INFO  o.s.s.c.a.a.c.InitializeUserDetailsBeanManagerConfigurer$InitializeUserDetailsManagerConfigurer - Global AuthenticationManager configured with UserDetailsService bean with name userServiceImpl
2025-07-04 16:36:51 DEBUG o.s.w.s.m.m.a.RequestMappingHandlerMapping - 44 mappings in 'requestMappingHandlerMapping'
2025-07-04 16:36:51 DEBUG o.s.w.s.h.SimpleUrlHandlerMapping - Patterns [/webjars/**, /**] in 'resourceHandlerMapping'
2025-07-04 16:36:51 DEBUG o.s.w.s.m.m.a.RequestMappingHandlerAdapter - ControllerAdvice beans: 0 @ModelAttribute, 0 @InitBinder, 1 RequestBodyAdvice, 1 ResponseBodyAdvice
2025-07-04 16:36:51 DEBUG o.s.w.s.m.m.a.ExceptionHandlerExceptionResolver - ControllerAdvice beans: 1 @ExceptionHandler, 1 ResponseBodyAdvice
2025-07-04 16:36:52 INFO  o.a.coyote.http11.Http11NioProtocol - Starting ProtocolHandler ["http-nio-8081"]
2025-07-04 16:36:52 INFO  o.s.b.w.e.tomcat.TomcatWebServer - Tomcat started on port 8081 (http) with context path '/'
2025-07-04 16:36:52 INFO  com.nt.LMS.LmsApplication - Started LmsApplication in 8.758 seconds (process running for 9.539)
2025-07-04 16:37:43 INFO  o.a.c.c.C.[Tomcat].[localhost].[/] - Initializing Spring DispatcherServlet 'dispatcherServlet'
2025-07-04 16:37:43 INFO  o.s.web.servlet.DispatcherServlet - Initializing Servlet 'dispatcherServlet'
2025-07-04 16:37:43 DEBUG o.s.web.servlet.DispatcherServlet - Detected StandardServletMultipartResolver
2025-07-04 16:37:43 DEBUG o.s.web.servlet.DispatcherServlet - Detected AcceptHeaderLocaleResolver
2025-07-04 16:37:43 DEBUG o.s.web.servlet.DispatcherServlet - Detected FixedThemeResolver
2025-07-04 16:37:43 DEBUG o.s.web.servlet.DispatcherServlet - Detected org.springframework.web.servlet.view.DefaultRequestToViewNameTranslator@6706657b
2025-07-04 16:37:43 DEBUG o.s.web.servlet.DispatcherServlet - Detected org.springframework.web.servlet.support.SessionFlashMapManager@1c63aa5d
2025-07-04 16:37:43 DEBUG o.s.web.servlet.DispatcherServlet - enableLoggingRequestDetails='false': request parameters and headers will be masked to prevent unsafe logging of potentially sensitive data
2025-07-04 16:37:43 INFO  o.s.web.servlet.DispatcherServlet - Completed initialization in 3 ms
2025-07-04 16:37:43 DEBUG o.s.web.servlet.DispatcherServlet - GET "/api/service-api/enrollments/47/statistics", parameters={}
2025-07-04 16:37:43 DEBUG o.s.web.servlet.DispatcherServlet - GET "/api/service-api/users/getDeadlines", parameters={}
2025-07-04 16:37:43 DEBUG o.s.w.s.m.m.a.RequestMappingHandlerMapping - Mapped to com.nt.LMS.controller.UserController#getUserDeadlines()
2025-07-04 16:37:43 DEBUG o.s.w.s.m.m.a.RequestMappingHandlerMapping - Mapped to com.nt.LMS.controller.UserCourseEnrollmentController#getUserEnrollments(Long)
2025-07-04 16:37:44 DEBUG o.s.w.s.m.m.a.HttpEntityMethodProcessor - Using 'application/json', given [application/json, text/plain, */*] and supported [application/json, application/*+json]
2025-07-04 16:37:44 DEBUG o.s.w.s.m.m.a.HttpEntityMethodProcessor - Using 'application/json', given [application/json, text/plain, */*] and supported [application/json, application/*+json]
2025-07-04 16:37:44 DEBUG o.s.w.s.m.m.a.HttpEntityMethodProcessor - Writing [StandardResponseOutDTO{status='SUCCESS', message='null', data=[]}]
2025-07-04 16:37:44 DEBUG o.s.w.s.m.m.a.HttpEntityMethodProcessor - Writing [StandardResponseOutDTO{status='SUCCESS', message='Fetched Users Enrolled', data={groups=1, enrollmen (truncated)...]
2025-07-04 16:37:44 DEBUG o.s.web.servlet.DispatcherServlet - Completed 200 OK
2025-07-04 16:37:44 DEBUG o.s.web.servlet.DispatcherServlet - Completed 200 OK
2025-07-04 16:37:44 DEBUG o.s.web.servlet.DispatcherServlet - GET "/api/service-api/users/userCourses", parameters={}
2025-07-04 16:37:44 DEBUG o.s.w.s.m.m.a.RequestMappingHandlerMapping - Mapped to com.nt.LMS.controller.UserController#getEnrolledCoursesByUserId()
2025-07-04 16:37:44 DEBUG o.s.w.s.m.m.a.HttpEntityMethodProcessor - Using 'application/json', given [application/json, text/plain, */*] and supported [application/json, application/*+json]
2025-07-04 16:37:44 DEBUG o.s.w.s.m.m.a.HttpEntityMethodProcessor - Writing [StandardResponseOutDTO{status='SUCCESS', message='Fetched enrolled courses successfully', data=[User (truncated)...]
2025-07-04 16:37:44 DEBUG o.s.web.servlet.DispatcherServlet - Completed 200 OK
2025-07-04 16:37:44 DEBUG o.s.web.servlet.DispatcherServlet - GET "/api/service-api/users/1", parameters={}
2025-07-04 16:37:44 DEBUG o.s.w.s.m.m.a.RequestMappingHandlerMapping - Mapped to com.nt.LMS.controller.UserController#getUserNameById(long)
2025-07-04 16:37:44 DEBUG o.s.w.s.m.m.a.HttpEntityMethodProcessor - Using 'application/json', given [application/json, text/plain, */*] and supported [application/json, application/*+json]
2025-07-04 16:37:44 DEBUG o.s.w.s.m.m.a.HttpEntityMethodProcessor - Writing [StandardResponseOutDTO{status='SUCCESS', message='Fetched user info', data=UserOutDTO(userId=1, user (truncated)...]
2025-07-04 16:37:44 DEBUG o.s.web.servlet.DispatcherServlet - Completed 200 OK
2025-07-04 16:37:44 DEBUG o.s.web.servlet.DispatcherServlet - GET "/api/service-api/users/1", parameters={}
2025-07-04 16:37:44 DEBUG o.s.w.s.m.m.a.RequestMappingHandlerMapping - Mapped to com.nt.LMS.controller.UserController#getUserNameById(long)
2025-07-04 16:37:44 DEBUG o.s.w.s.m.m.a.HttpEntityMethodProcessor - Using 'application/json', given [application/json, text/plain, */*] and supported [application/json, application/*+json]
2025-07-04 16:37:44 DEBUG o.s.w.s.m.m.a.HttpEntityMethodProcessor - Writing [StandardResponseOutDTO{status='SUCCESS', message='Fetched user info', data=UserOutDTO(userId=1, user (truncated)...]
2025-07-04 16:37:44 DEBUG o.s.web.servlet.DispatcherServlet - Completed 200 OK
2025-07-04 16:38:27 DEBUG o.s.web.servlet.DispatcherServlet - GET "/api/service-api/enrollments/47/statistics", parameters={}
2025-07-04 16:38:27 DEBUG o.s.w.s.m.m.a.RequestMappingHandlerMapping - Mapped to com.nt.LMS.controller.UserCourseEnrollmentController#getUserEnrollments(Long)
2025-07-04 16:38:27 DEBUG o.s.web.servlet.DispatcherServlet - GET "/api/service-api/users/getDeadlines", parameters={}
2025-07-04 16:38:27 DEBUG o.s.w.s.m.m.a.RequestMappingHandlerMapping - Mapped to com.nt.LMS.controller.UserController#getUserDeadlines()
2025-07-04 16:38:27 DEBUG o.s.w.s.m.m.a.HttpEntityMethodProcessor - Using 'application/json', given [application/json, text/plain, */*] and supported [application/json, application/*+json]
2025-07-04 16:38:27 DEBUG o.s.w.s.m.m.a.HttpEntityMethodProcessor - Writing [StandardResponseOutDTO{status='SUCCESS', message='Fetched Users Enrolled', data={groups=1, enrollmen (truncated)...]
2025-07-04 16:38:27 DEBUG o.s.web.servlet.DispatcherServlet - Completed 200 OK
2025-07-04 16:38:27 DEBUG o.s.w.s.m.m.a.HttpEntityMethodProcessor - Using 'application/json', given [application/json, text/plain, */*] and supported [application/json, application/*+json]
2025-07-04 16:38:27 DEBUG o.s.w.s.m.m.a.HttpEntityMethodProcessor - Writing [StandardResponseOutDTO{status='SUCCESS', message='null', data=[]}]
2025-07-04 16:38:27 DEBUG o.s.web.servlet.DispatcherServlet - Completed 200 OK
2025-07-04 16:38:27 DEBUG o.s.web.servlet.DispatcherServlet - GET "/api/service-api/users/userCourses", parameters={}
2025-07-04 16:38:27 DEBUG o.s.w.s.m.m.a.RequestMappingHandlerMapping - Mapped to com.nt.LMS.controller.UserController#getEnrolledCoursesByUserId()
2025-07-04 16:38:27 DEBUG o.s.w.s.m.m.a.HttpEntityMethodProcessor - Using 'application/json', given [application/json, text/plain, */*] and supported [application/json, application/*+json]
2025-07-04 16:38:27 DEBUG o.s.w.s.m.m.a.HttpEntityMethodProcessor - Writing [StandardResponseOutDTO{status='SUCCESS', message='Fetched enrolled courses successfully', data=[User (truncated)...]
2025-07-04 16:38:27 DEBUG o.s.web.servlet.DispatcherServlet - Completed 200 OK
2025-07-04 16:38:28 DEBUG o.s.web.servlet.DispatcherServlet - GET "/api/service-api/users/1", parameters={}
2025-07-04 16:38:28 DEBUG o.s.w.s.m.m.a.RequestMappingHandlerMapping - Mapped to com.nt.LMS.controller.UserController#getUserNameById(long)
2025-07-04 16:38:28 DEBUG o.s.w.s.m.m.a.HttpEntityMethodProcessor - Using 'application/json', given [application/json, text/plain, */*] and supported [application/json, application/*+json]
2025-07-04 16:38:28 DEBUG o.s.w.s.m.m.a.HttpEntityMethodProcessor - Writing [StandardResponseOutDTO{status='SUCCESS', message='Fetched user info', data=UserOutDTO(userId=1, user (truncated)...]
2025-07-04 16:38:28 DEBUG o.s.web.servlet.DispatcherServlet - Completed 200 OK
2025-07-04 16:38:28 DEBUG o.s.web.servlet.DispatcherServlet - GET "/api/service-api/users/1", parameters={}
2025-07-04 16:38:28 DEBUG o.s.w.s.m.m.a.RequestMappingHandlerMapping - Mapped to com.nt.LMS.controller.UserController#getUserNameById(long)
2025-07-04 16:38:28 DEBUG o.s.w.s.m.m.a.HttpEntityMethodProcessor - Using 'application/json', given [application/json, text/plain, */*] and supported [application/json, application/*+json]
2025-07-04 16:38:28 DEBUG o.s.w.s.m.m.a.HttpEntityMethodProcessor - Writing [StandardResponseOutDTO{status='SUCCESS', message='Fetched user info', data=UserOutDTO(userId=1, user (truncated)...]
2025-07-04 16:38:28 DEBUG o.s.web.servlet.DispatcherServlet - Completed 200 OK
2025-07-04 16:38:28 DEBUG o.s.web.servlet.DispatcherServlet - GET "/api/service-api/enrollments/47/statistics", parameters={}
2025-07-04 16:38:28 DEBUG o.s.w.s.m.m.a.RequestMappingHandlerMapping - Mapped to com.nt.LMS.controller.UserCourseEnrollmentController#getUserEnrollments(Long)
2025-07-04 16:38:28 DEBUG o.s.w.s.m.m.a.HttpEntityMethodProcessor - Using 'application/json', given [application/json, text/plain, */*] and supported [application/json, application/*+json]
2025-07-04 16:38:28 DEBUG o.s.w.s.m.m.a.HttpEntityMethodProcessor - Writing [StandardResponseOutDTO{status='SUCCESS', message='Fetched Users Enrolled', data={groups=1, enrollmen (truncated)...]
2025-07-04 16:38:28 DEBUG o.s.web.servlet.DispatcherServlet - Completed 200 OK
2025-07-04 16:38:28 DEBUG o.s.web.servlet.DispatcherServlet - GET "/api/service-api/users/userCourses", parameters={}
2025-07-04 16:38:28 DEBUG o.s.w.s.m.m.a.RequestMappingHandlerMapping - Mapped to com.nt.LMS.controller.UserController#getEnrolledCoursesByUserId()
2025-07-04 16:38:28 DEBUG o.s.w.s.m.m.a.HttpEntityMethodProcessor - Using 'application/json', given [application/json, text/plain, */*] and supported [application/json, application/*+json]
2025-07-04 16:38:28 DEBUG o.s.w.s.m.m.a.HttpEntityMethodProcessor - Writing [StandardResponseOutDTO{status='SUCCESS', message='Fetched enrolled courses successfully', data=[User (truncated)...]
2025-07-04 16:38:28 DEBUG o.s.web.servlet.DispatcherServlet - Completed 200 OK
2025-07-04 16:38:29 DEBUG o.s.web.servlet.DispatcherServlet - GET "/api/service-api/users/1", parameters={}
2025-07-04 16:38:29 DEBUG o.s.w.s.m.m.a.RequestMappingHandlerMapping - Mapped to com.nt.LMS.controller.UserController#getUserNameById(long)
2025-07-04 16:38:29 DEBUG o.s.w.s.m.m.a.HttpEntityMethodProcessor - Using 'application/json', given [application/json, text/plain, */*] and supported [application/json, application/*+json]
2025-07-04 16:38:29 DEBUG o.s.w.s.m.m.a.HttpEntityMethodProcessor - Writing [StandardResponseOutDTO{status='SUCCESS', message='Fetched user info', data=UserOutDTO(userId=1, user (truncated)...]
2025-07-04 16:38:29 DEBUG o.s.web.servlet.DispatcherServlet - Completed 200 OK
2025-07-04 16:38:29 DEBUG o.s.web.servlet.DispatcherServlet - GET "/api/service-api/users/1", parameters={}
2025-07-04 16:38:29 DEBUG o.s.w.s.m.m.a.RequestMappingHandlerMapping - Mapped to com.nt.LMS.controller.UserController#getUserNameById(long)
2025-07-04 16:38:29 DEBUG o.s.w.s.m.m.a.HttpEntityMethodProcessor - Using 'application/json', given [application/json, text/plain, */*] and supported [application/json, application/*+json]
2025-07-04 16:38:29 DEBUG o.s.w.s.m.m.a.HttpEntityMethodProcessor - Writing [StandardResponseOutDTO{status='SUCCESS', message='Fetched user info', data=UserOutDTO(userId=1, user (truncated)...]
2025-07-04 16:38:29 DEBUG o.s.web.servlet.DispatcherServlet - Completed 200 OK
2025-07-04 16:38:40 DEBUG o.s.web.servlet.DispatcherServlet - GET "/api/service-api/enrollments/47/statistics", parameters={}
2025-07-04 16:38:40 DEBUG o.s.web.servlet.DispatcherServlet - GET "/api/service-api/users/getDeadlines", parameters={}
2025-07-04 16:38:40 DEBUG o.s.w.s.m.m.a.RequestMappingHandlerMapping - Mapped to com.nt.LMS.controller.UserController#getUserDeadlines()
2025-07-04 16:38:40 DEBUG o.s.w.s.m.m.a.RequestMappingHandlerMapping - Mapped to com.nt.LMS.controller.UserCourseEnrollmentController#getUserEnrollments(Long)
2025-07-04 16:38:40 DEBUG o.s.w.s.m.m.a.HttpEntityMethodProcessor - Using 'application/json', given [application/json, text/plain, */*] and supported [application/json, application/*+json]
2025-07-04 16:38:40 DEBUG o.s.w.s.m.m.a.HttpEntityMethodProcessor - Writing [StandardResponseOutDTO{status='SUCCESS', message='Fetched Users Enrolled', data={groups=1, enrollmen (truncated)...]
2025-07-04 16:38:40 DEBUG o.s.web.servlet.DispatcherServlet - Completed 200 OK
2025-07-04 16:38:40 DEBUG o.s.w.s.m.m.a.HttpEntityMethodProcessor - Using 'application/json', given [application/json, text/plain, */*] and supported [application/json, application/*+json]
2025-07-04 16:38:40 DEBUG o.s.w.s.m.m.a.HttpEntityMethodProcessor - Writing [StandardResponseOutDTO{status='SUCCESS', message='null', data=[]}]
2025-07-04 16:38:40 DEBUG o.s.web.servlet.DispatcherServlet - Completed 200 OK
2025-07-04 16:38:40 DEBUG o.s.web.servlet.DispatcherServlet - GET "/api/service-api/users/userCourses", parameters={}
2025-07-04 16:38:40 DEBUG o.s.w.s.m.m.a.RequestMappingHandlerMapping - Mapped to com.nt.LMS.controller.UserController#getEnrolledCoursesByUserId()
2025-07-04 16:38:40 DEBUG o.s.w.s.m.m.a.HttpEntityMethodProcessor - Using 'application/json', given [application/json, text/plain, */*] and supported [application/json, application/*+json]
2025-07-04 16:38:40 DEBUG o.s.w.s.m.m.a.HttpEntityMethodProcessor - Writing [StandardResponseOutDTO{status='SUCCESS', message='Fetched enrolled courses successfully', data=[User (truncated)...]
2025-07-04 16:38:40 DEBUG o.s.web.servlet.DispatcherServlet - Completed 200 OK
2025-07-04 16:38:41 DEBUG o.s.web.servlet.DispatcherServlet - GET "/api/service-api/users/1", parameters={}
2025-07-04 16:38:41 DEBUG o.s.w.s.m.m.a.RequestMappingHandlerMapping - Mapped to com.nt.LMS.controller.UserController#getUserNameById(long)
2025-07-04 16:38:41 DEBUG o.s.w.s.m.m.a.HttpEntityMethodProcessor - Using 'application/json', given [application/json, text/plain, */*] and supported [application/json, application/*+json]
2025-07-04 16:38:41 DEBUG o.s.w.s.m.m.a.HttpEntityMethodProcessor - Writing [StandardResponseOutDTO{status='SUCCESS', message='Fetched user info', data=UserOutDTO(userId=1, user (truncated)...]
2025-07-04 16:38:41 DEBUG o.s.web.servlet.DispatcherServlet - Completed 200 OK
2025-07-04 16:38:41 DEBUG o.s.web.servlet.DispatcherServlet - GET "/api/service-api/users/1", parameters={}
2025-07-04 16:38:41 DEBUG o.s.w.s.m.m.a.RequestMappingHandlerMapping - Mapped to com.nt.LMS.controller.UserController#getUserNameById(long)
2025-07-04 16:38:41 DEBUG o.s.w.s.m.m.a.HttpEntityMethodProcessor - Using 'application/json', given [application/json, text/plain, */*] and supported [application/json, application/*+json]
2025-07-04 16:38:41 DEBUG o.s.w.s.m.m.a.HttpEntityMethodProcessor - Writing [StandardResponseOutDTO{status='SUCCESS', message='Fetched user info', data=UserOutDTO(userId=1, user (truncated)...]
2025-07-04 16:38:41 DEBUG o.s.web.servlet.DispatcherServlet - Completed 200 OK
2025-07-04 16:38:46 DEBUG o.s.web.servlet.DispatcherServlet - GET "/api/service-api/users/getDeadlines", parameters={}
2025-07-04 16:38:46 DEBUG o.s.web.servlet.DispatcherServlet - GET "/api/service-api/enrollments/47/statistics", parameters={}
2025-07-04 16:38:46 DEBUG o.s.w.s.m.m.a.RequestMappingHandlerMapping - Mapped to com.nt.LMS.controller.UserController#getUserDeadlines()
2025-07-04 16:38:46 DEBUG o.s.w.s.m.m.a.RequestMappingHandlerMapping - Mapped to com.nt.LMS.controller.UserCourseEnrollmentController#getUserEnrollments(Long)
2025-07-04 16:38:46 DEBUG o.s.w.s.m.m.a.HttpEntityMethodProcessor - Using 'application/json', given [application/json, text/plain, */*] and supported [application/json, application/*+json]
2025-07-04 16:38:46 DEBUG o.s.w.s.m.m.a.HttpEntityMethodProcessor - Writing [StandardResponseOutDTO{status='SUCCESS', message='Fetched Users Enrolled', data={groups=1, enrollmen (truncated)...]
2025-07-04 16:38:46 DEBUG o.s.web.servlet.DispatcherServlet - Completed 200 OK
2025-07-04 16:38:46 DEBUG o.s.w.s.m.m.a.HttpEntityMethodProcessor - Using 'application/json', given [application/json, text/plain, */*] and supported [application/json, application/*+json]
2025-07-04 16:38:46 DEBUG o.s.w.s.m.m.a.HttpEntityMethodProcessor - Writing [StandardResponseOutDTO{status='SUCCESS', message='null', data=[]}]
2025-07-04 16:38:46 DEBUG o.s.web.servlet.DispatcherServlet - Completed 200 OK
2025-07-04 16:38:46 DEBUG o.s.web.servlet.DispatcherServlet - GET "/api/service-api/users/userCourses", parameters={}
2025-07-04 16:38:46 DEBUG o.s.w.s.m.m.a.RequestMappingHandlerMapping - Mapped to com.nt.LMS.controller.UserController#getEnrolledCoursesByUserId()
2025-07-04 16:38:46 DEBUG o.s.w.s.m.m.a.HttpEntityMethodProcessor - Using 'application/json', given [application/json, text/plain, */*] and supported [application/json, application/*+json]
2025-07-04 16:38:46 DEBUG o.s.w.s.m.m.a.HttpEntityMethodProcessor - Writing [StandardResponseOutDTO{status='SUCCESS', message='Fetched enrolled courses successfully', data=[User (truncated)...]
2025-07-04 16:38:46 DEBUG o.s.web.servlet.DispatcherServlet - Completed 200 OK
2025-07-04 16:38:47 DEBUG o.s.web.servlet.DispatcherServlet - GET "/api/service-api/users/1", parameters={}
2025-07-04 16:38:47 DEBUG o.s.w.s.m.m.a.RequestMappingHandlerMapping - Mapped to com.nt.LMS.controller.UserController#getUserNameById(long)
2025-07-04 16:38:47 DEBUG o.s.w.s.m.m.a.HttpEntityMethodProcessor - Using 'application/json', given [application/json, text/plain, */*] and supported [application/json, application/*+json]
2025-07-04 16:38:47 DEBUG o.s.w.s.m.m.a.HttpEntityMethodProcessor - Writing [StandardResponseOutDTO{status='SUCCESS', message='Fetched user info', data=UserOutDTO(userId=1, user (truncated)...]
2025-07-04 16:38:47 DEBUG o.s.web.servlet.DispatcherServlet - Completed 200 OK
2025-07-04 16:38:47 DEBUG o.s.web.servlet.DispatcherServlet - GET "/api/service-api/users/1", parameters={}
2025-07-04 16:38:47 DEBUG o.s.w.s.m.m.a.RequestMappingHandlerMapping - Mapped to com.nt.LMS.controller.UserController#getUserNameById(long)
2025-07-04 16:38:47 DEBUG o.s.w.s.m.m.a.HttpEntityMethodProcessor - Using 'application/json', given [application/json, text/plain, */*] and supported [application/json, application/*+json]
2025-07-04 16:38:47 DEBUG o.s.w.s.m.m.a.HttpEntityMethodProcessor - Writing [StandardResponseOutDTO{status='SUCCESS', message='Fetched user info', data=UserOutDTO(userId=1, user (truncated)...]
2025-07-04 16:38:47 DEBUG o.s.web.servlet.DispatcherServlet - Completed 200 OK
2025-07-04 16:38:50 DEBUG o.s.web.servlet.DispatcherServlet - GET "/api/service-api/enrollments/47/statistics", parameters={}
2025-07-04 16:38:50 DEBUG o.s.w.s.m.m.a.RequestMappingHandlerMapping - Mapped to com.nt.LMS.controller.UserCourseEnrollmentController#getUserEnrollments(Long)
2025-07-04 16:38:50 DEBUG o.s.web.servlet.DispatcherServlet - GET "/api/service-api/users/getDeadlines", parameters={}
2025-07-04 16:38:50 DEBUG o.s.w.s.m.m.a.RequestMappingHandlerMapping - Mapped to com.nt.LMS.controller.UserController#getUserDeadlines()
2025-07-04 16:38:50 DEBUG o.s.w.s.m.m.a.HttpEntityMethodProcessor - Using 'application/json', given [application/json, text/plain, */*] and supported [application/json, application/*+json]
2025-07-04 16:38:50 DEBUG o.s.w.s.m.m.a.HttpEntityMethodProcessor - Writing [StandardResponseOutDTO{status='SUCCESS', message='Fetched Users Enrolled', data={groups=1, enrollmen (truncated)...]
2025-07-04 16:38:50 DEBUG o.s.web.servlet.DispatcherServlet - Completed 200 OK
2025-07-04 16:38:50 DEBUG o.s.w.s.m.m.a.HttpEntityMethodProcessor - Using 'application/json', given [application/json, text/plain, */*] and supported [application/json, application/*+json]
2025-07-04 16:38:50 DEBUG o.s.w.s.m.m.a.HttpEntityMethodProcessor - Writing [StandardResponseOutDTO{status='SUCCESS', message='null', data=[]}]
2025-07-04 16:38:50 DEBUG o.s.web.servlet.DispatcherServlet - Completed 200 OK
2025-07-04 16:38:50 DEBUG o.s.web.servlet.DispatcherServlet - GET "/api/service-api/users/userCourses", parameters={}
2025-07-04 16:38:50 DEBUG o.s.w.s.m.m.a.RequestMappingHandlerMapping - Mapped to com.nt.LMS.controller.UserController#getEnrolledCoursesByUserId()
2025-07-04 16:38:50 DEBUG o.s.w.s.m.m.a.HttpEntityMethodProcessor - Using 'application/json', given [application/json, text/plain, */*] and supported [application/json, application/*+json]
2025-07-04 16:38:50 DEBUG o.s.w.s.m.m.a.HttpEntityMethodProcessor - Writing [StandardResponseOutDTO{status='SUCCESS', message='Fetched enrolled courses successfully', data=[User (truncated)...]
2025-07-04 16:38:50 DEBUG o.s.web.servlet.DispatcherServlet - Completed 200 OK
2025-07-04 16:38:51 DEBUG o.s.web.servlet.DispatcherServlet - GET "/api/service-api/users/1", parameters={}
2025-07-04 16:38:51 DEBUG o.s.w.s.m.m.a.RequestMappingHandlerMapping - Mapped to com.nt.LMS.controller.UserController#getUserNameById(long)
2025-07-04 16:38:51 DEBUG o.s.w.s.m.m.a.HttpEntityMethodProcessor - Using 'application/json', given [application/json, text/plain, */*] and supported [application/json, application/*+json]
2025-07-04 16:38:51 DEBUG o.s.w.s.m.m.a.HttpEntityMethodProcessor - Writing [StandardResponseOutDTO{status='SUCCESS', message='Fetched user info', data=UserOutDTO(userId=1, user (truncated)...]
2025-07-04 16:38:51 DEBUG o.s.web.servlet.DispatcherServlet - Completed 200 OK
2025-07-04 16:38:51 DEBUG o.s.web.servlet.DispatcherServlet - GET "/api/service-api/users/1", parameters={}
2025-07-04 16:38:51 DEBUG o.s.w.s.m.m.a.RequestMappingHandlerMapping - Mapped to com.nt.LMS.controller.UserController#getUserNameById(long)
2025-07-04 16:38:51 DEBUG o.s.w.s.m.m.a.HttpEntityMethodProcessor - Using 'application/json', given [application/json, text/plain, */*] and supported [application/json, application/*+json]
2025-07-04 16:38:51 DEBUG o.s.w.s.m.m.a.HttpEntityMethodProcessor - Writing [StandardResponseOutDTO{status='SUCCESS', message='Fetched user info', data=UserOutDTO(userId=1, user (truncated)...]
2025-07-04 16:38:51 DEBUG o.s.web.servlet.DispatcherServlet - Completed 200 OK
2025-07-04 16:38:53 DEBUG o.s.web.servlet.DispatcherServlet - GET "/api/service-api/enrollments/47/statistics", parameters={}
2025-07-04 16:38:53 DEBUG o.s.w.s.m.m.a.RequestMappingHandlerMapping - Mapped to com.nt.LMS.controller.UserCourseEnrollmentController#getUserEnrollments(Long)
2025-07-04 16:38:53 DEBUG o.s.w.s.m.m.a.HttpEntityMethodProcessor - Using 'application/json', given [application/json, text/plain, */*] and supported [application/json, application/*+json]
2025-07-04 16:38:53 DEBUG o.s.w.s.m.m.a.HttpEntityMethodProcessor - Writing [StandardResponseOutDTO{status='SUCCESS', message='Fetched Users Enrolled', data={groups=1, enrollmen (truncated)...]
2025-07-04 16:38:53 DEBUG o.s.web.servlet.DispatcherServlet - Completed 200 OK
2025-07-04 16:38:53 DEBUG o.s.web.servlet.DispatcherServlet - GET "/api/service-api/users/userCourses", parameters={}
2025-07-04 16:38:53 DEBUG o.s.w.s.m.m.a.RequestMappingHandlerMapping - Mapped to com.nt.LMS.controller.UserController#getEnrolledCoursesByUserId()
2025-07-04 16:38:53 DEBUG o.s.w.s.m.m.a.HttpEntityMethodProcessor - Using 'application/json', given [application/json, text/plain, */*] and supported [application/json, application/*+json]
2025-07-04 16:38:53 DEBUG o.s.w.s.m.m.a.HttpEntityMethodProcessor - Writing [StandardResponseOutDTO{status='SUCCESS', message='Fetched enrolled courses successfully', data=[User (truncated)...]
2025-07-04 16:38:53 DEBUG o.s.web.servlet.DispatcherServlet - Completed 200 OK
2025-07-04 16:38:53 DEBUG o.s.web.servlet.DispatcherServlet - GET "/api/service-api/users/1", parameters={}
2025-07-04 16:38:53 DEBUG o.s.w.s.m.m.a.RequestMappingHandlerMapping - Mapped to com.nt.LMS.controller.UserController#getUserNameById(long)
2025-07-04 16:38:53 DEBUG o.s.w.s.m.m.a.HttpEntityMethodProcessor - Using 'application/json', given [application/json, text/plain, */*] and supported [application/json, application/*+json]
2025-07-04 16:38:53 DEBUG o.s.w.s.m.m.a.HttpEntityMethodProcessor - Writing [StandardResponseOutDTO{status='SUCCESS', message='Fetched user info', data=UserOutDTO(userId=1, user (truncated)...]
2025-07-04 16:38:53 DEBUG o.s.web.servlet.DispatcherServlet - Completed 200 OK
2025-07-04 16:38:54 DEBUG o.s.web.servlet.DispatcherServlet - GET "/api/service-api/users/1", parameters={}
2025-07-04 16:38:54 DEBUG o.s.w.s.m.m.a.RequestMappingHandlerMapping - Mapped to com.nt.LMS.controller.UserController#getUserNameById(long)
2025-07-04 16:38:54 DEBUG o.s.w.s.m.m.a.HttpEntityMethodProcessor - Using 'application/json', given [application/json, text/plain, */*] and supported [application/json, application/*+json]
2025-07-04 16:38:54 DEBUG o.s.w.s.m.m.a.HttpEntityMethodProcessor - Writing [StandardResponseOutDTO{status='SUCCESS', message='Fetched user info', data=UserOutDTO(userId=1, user (truncated)...]
2025-07-04 16:38:54 DEBUG o.s.web.servlet.DispatcherServlet - Completed 200 OK
2025-07-04 16:39:08 DEBUG o.s.web.servlet.DispatcherServlet - GET "/api/service-api/users/userCourses", parameters={}
2025-07-04 16:39:08 DEBUG o.s.w.s.m.m.a.RequestMappingHandlerMapping - Mapped to com.nt.LMS.controller.UserController#getEnrolledCoursesByUserId()
2025-07-04 16:39:08 DEBUG o.s.w.s.m.m.a.HttpEntityMethodProcessor - Using 'application/json', given [application/json, text/plain, */*] and supported [application/json, application/*+json]
2025-07-04 16:39:08 DEBUG o.s.w.s.m.m.a.HttpEntityMethodProcessor - Writing [StandardResponseOutDTO{status='SUCCESS', message='Fetched enrolled courses successfully', data=[User (truncated)...]
2025-07-04 16:39:08 DEBUG o.s.web.servlet.DispatcherServlet - Completed 200 OK
2025-07-04 16:39:08 DEBUG o.s.web.servlet.DispatcherServlet - GET "/api/service-api/users/1", parameters={}
2025-07-04 16:39:08 DEBUG o.s.w.s.m.m.a.RequestMappingHandlerMapping - Mapped to com.nt.LMS.controller.UserController#getUserNameById(long)
2025-07-04 16:39:08 DEBUG o.s.w.s.m.m.a.HttpEntityMethodProcessor - Using 'application/json', given [application/json, text/plain, */*] and supported [application/json, application/*+json]
2025-07-04 16:39:08 DEBUG o.s.w.s.m.m.a.HttpEntityMethodProcessor - Writing [StandardResponseOutDTO{status='SUCCESS', message='Fetched user info', data=UserOutDTO(userId=1, user (truncated)...]
2025-07-04 16:39:08 DEBUG o.s.web.servlet.DispatcherServlet - Completed 200 OK
2025-07-04 16:39:08 DEBUG o.s.web.servlet.DispatcherServlet - GET "/api/service-api/users/1", parameters={}
2025-07-04 16:39:08 DEBUG o.s.w.s.m.m.a.RequestMappingHandlerMapping - Mapped to com.nt.LMS.controller.UserController#getUserNameById(long)
2025-07-04 16:39:08 DEBUG o.s.w.s.m.m.a.HttpEntityMethodProcessor - Using 'application/json', given [application/json, text/plain, */*] and supported [application/json, application/*+json]
2025-07-04 16:39:08 DEBUG o.s.w.s.m.m.a.HttpEntityMethodProcessor - Writing [StandardResponseOutDTO{status='SUCCESS', message='Fetched user info', data=UserOutDTO(userId=1, user (truncated)...]
2025-07-04 16:39:08 DEBUG o.s.web.servlet.DispatcherServlet - Completed 200 OK
2025-07-04 16:39:12 DEBUG o.s.web.servlet.DispatcherServlet - GET "/api/service-api/users/getDeadlines", parameters={}
2025-07-04 16:39:12 DEBUG o.s.w.s.m.m.a.RequestMappingHandlerMapping - Mapped to com.nt.LMS.controller.UserController#getUserDeadlines()
2025-07-04 16:39:12 DEBUG o.s.w.s.m.m.a.HttpEntityMethodProcessor - Using 'application/json', given [application/json, text/plain, */*] and supported [application/json, application/*+json]
2025-07-04 16:39:12 DEBUG o.s.w.s.m.m.a.HttpEntityMethodProcessor - Writing [StandardResponseOutDTO{status='SUCCESS', message='null', data=[]}]
2025-07-04 16:39:12 DEBUG o.s.web.servlet.DispatcherServlet - Completed 200 OK
2025-07-04 16:39:12 DEBUG o.s.web.servlet.DispatcherServlet - GET "/api/service-api/enrollments/47/statistics", parameters={}
2025-07-04 16:39:12 DEBUG o.s.w.s.m.m.a.RequestMappingHandlerMapping - Mapped to com.nt.LMS.controller.UserCourseEnrollmentController#getUserEnrollments(Long)
2025-07-04 16:39:12 DEBUG o.s.w.s.m.m.a.HttpEntityMethodProcessor - Using 'application/json', given [application/json, text/plain, */*] and supported [application/json, application/*+json]
2025-07-04 16:39:12 DEBUG o.s.w.s.m.m.a.HttpEntityMethodProcessor - Writing [StandardResponseOutDTO{status='SUCCESS', message='Fetched Users Enrolled', data={groups=1, enrollmen (truncated)...]
2025-07-04 16:39:12 DEBUG o.s.web.servlet.DispatcherServlet - Completed 200 OK
2025-07-04 16:39:12 DEBUG o.s.web.servlet.DispatcherServlet - GET "/api/service-api/users/userCourses", parameters={}
2025-07-04 16:39:12 DEBUG o.s.w.s.m.m.a.RequestMappingHandlerMapping - Mapped to com.nt.LMS.controller.UserController#getEnrolledCoursesByUserId()
2025-07-04 16:39:12 DEBUG o.s.w.s.m.m.a.HttpEntityMethodProcessor - Using 'application/json', given [application/json, text/plain, */*] and supported [application/json, application/*+json]
2025-07-04 16:39:12 DEBUG o.s.w.s.m.m.a.HttpEntityMethodProcessor - Writing [StandardResponseOutDTO{status='SUCCESS', message='Fetched enrolled courses successfully', data=[User (truncated)...]
2025-07-04 16:39:12 DEBUG o.s.web.servlet.DispatcherServlet - Completed 200 OK
2025-07-04 16:39:12 DEBUG o.s.web.servlet.DispatcherServlet - GET "/api/service-api/users/1", parameters={}
2025-07-04 16:39:12 DEBUG o.s.w.s.m.m.a.RequestMappingHandlerMapping - Mapped to com.nt.LMS.controller.UserController#getUserNameById(long)
2025-07-04 16:39:12 DEBUG o.s.w.s.m.m.a.HttpEntityMethodProcessor - Using 'application/json', given [application/json, text/plain, */*] and supported [application/json, application/*+json]
2025-07-04 16:39:12 DEBUG o.s.w.s.m.m.a.HttpEntityMethodProcessor - Writing [StandardResponseOutDTO{status='SUCCESS', message='Fetched user info', data=UserOutDTO(userId=1, user (truncated)...]
2025-07-04 16:39:12 DEBUG o.s.web.servlet.DispatcherServlet - Completed 200 OK
2025-07-04 16:39:12 DEBUG o.s.web.servlet.DispatcherServlet - GET "/api/service-api/users/1", parameters={}
2025-07-04 16:39:12 DEBUG o.s.w.s.m.m.a.RequestMappingHandlerMapping - Mapped to com.nt.LMS.controller.UserController#getUserNameById(long)
2025-07-04 16:39:12 DEBUG o.s.w.s.m.m.a.HttpEntityMethodProcessor - Using 'application/json', given [application/json, text/plain, */*] and supported [application/json, application/*+json]
2025-07-04 16:39:12 DEBUG o.s.w.s.m.m.a.HttpEntityMethodProcessor - Writing [StandardResponseOutDTO{status='SUCCESS', message='Fetched user info', data=UserOutDTO(userId=1, user (truncated)...]
2025-07-04 16:39:12 DEBUG o.s.web.servlet.DispatcherServlet - Completed 200 OK
2025-07-04 16:40:08 DEBUG o.s.web.servlet.DispatcherServlet - GET "/api/service-api/enrollments/47/statistics", parameters={}
2025-07-04 16:40:08 DEBUG o.s.w.s.m.m.a.RequestMappingHandlerMapping - Mapped to com.nt.LMS.controller.UserCourseEnrollmentController#getUserEnrollments(Long)
2025-07-04 16:40:08 DEBUG o.s.w.s.m.m.a.HttpEntityMethodProcessor - Using 'application/json', given [application/json, text/plain, */*] and supported [application/json, application/*+json]
2025-07-04 16:40:08 DEBUG o.s.w.s.m.m.a.HttpEntityMethodProcessor - Writing [StandardResponseOutDTO{status='SUCCESS', message='Fetched Users Enrolled', data={groups=1, enrollmen (truncated)...]
2025-07-04 16:40:08 DEBUG o.s.web.servlet.DispatcherServlet - Completed 200 OK
2025-07-04 16:40:08 DEBUG o.s.web.servlet.DispatcherServlet - GET "/api/service-api/users/userCourses", parameters={}
2025-07-04 16:40:08 DEBUG o.s.w.s.m.m.a.RequestMappingHandlerMapping - Mapped to com.nt.LMS.controller.UserController#getEnrolledCoursesByUserId()
2025-07-04 16:40:08 DEBUG o.s.w.s.m.m.a.HttpEntityMethodProcessor - Using 'application/json', given [application/json, text/plain, */*] and supported [application/json, application/*+json]
2025-07-04 16:40:08 DEBUG o.s.w.s.m.m.a.HttpEntityMethodProcessor - Writing [StandardResponseOutDTO{status='SUCCESS', message='Fetched enrolled courses successfully', data=[User (truncated)...]
2025-07-04 16:40:08 DEBUG o.s.web.servlet.DispatcherServlet - Completed 200 OK
2025-07-04 16:40:09 DEBUG o.s.web.servlet.DispatcherServlet - GET "/api/service-api/users/1", parameters={}
2025-07-04 16:40:09 DEBUG o.s.w.s.m.m.a.RequestMappingHandlerMapping - Mapped to com.nt.LMS.controller.UserController#getUserNameById(long)
2025-07-04 16:40:09 DEBUG o.s.w.s.m.m.a.HttpEntityMethodProcessor - Using 'application/json', given [application/json, text/plain, */*] and supported [application/json, application/*+json]
2025-07-04 16:40:09 DEBUG o.s.w.s.m.m.a.HttpEntityMethodProcessor - Writing [StandardResponseOutDTO{status='SUCCESS', message='Fetched user info', data=UserOutDTO(userId=1, user (truncated)...]
2025-07-04 16:40:09 DEBUG o.s.web.servlet.DispatcherServlet - Completed 200 OK
2025-07-04 16:40:09 DEBUG o.s.web.servlet.DispatcherServlet - GET "/api/service-api/users/1", parameters={}
2025-07-04 16:40:09 DEBUG o.s.w.s.m.m.a.RequestMappingHandlerMapping - Mapped to com.nt.LMS.controller.UserController#getUserNameById(long)
2025-07-04 16:40:09 DEBUG o.s.w.s.m.m.a.HttpEntityMethodProcessor - Using 'application/json', given [application/json, text/plain, */*] and supported [application/json, application/*+json]
2025-07-04 16:40:09 DEBUG o.s.w.s.m.m.a.HttpEntityMethodProcessor - Writing [StandardResponseOutDTO{status='SUCCESS', message='Fetched user info', data=UserOutDTO(userId=1, user (truncated)...]
2025-07-04 16:40:09 DEBUG o.s.web.servlet.DispatcherServlet - Completed 200 OK
2025-07-04 16:40:14 DEBUG o.s.web.servlet.DispatcherServlet - GET "/api/service-api/users/getDeadlines", parameters={}
2025-07-04 16:40:14 DEBUG o.s.w.s.m.m.a.RequestMappingHandlerMapping - Mapped to com.nt.LMS.controller.UserController#getUserDeadlines()
2025-07-04 16:40:14 DEBUG o.s.w.s.m.m.a.HttpEntityMethodProcessor - Using 'application/json', given [application/json, text/plain, */*] and supported [application/json, application/*+json]
2025-07-04 16:40:14 DEBUG o.s.w.s.m.m.a.HttpEntityMethodProcessor - Writing [StandardResponseOutDTO{status='SUCCESS', message='null', data=[]}]
2025-07-04 16:40:14 DEBUG o.s.web.servlet.DispatcherServlet - Completed 200 OK
2025-07-04 16:40:14 DEBUG o.s.web.servlet.DispatcherServlet - GET "/api/service-api/enrollments/47/statistics", parameters={}
2025-07-04 16:40:14 DEBUG o.s.w.s.m.m.a.RequestMappingHandlerMapping - Mapped to com.nt.LMS.controller.UserCourseEnrollmentController#getUserEnrollments(Long)
2025-07-04 16:40:14 DEBUG o.s.w.s.m.m.a.HttpEntityMethodProcessor - Using 'application/json', given [application/json, text/plain, */*] and supported [application/json, application/*+json]
2025-07-04 16:40:14 DEBUG o.s.w.s.m.m.a.HttpEntityMethodProcessor - Writing [StandardResponseOutDTO{status='SUCCESS', message='Fetched Users Enrolled', data={groups=1, enrollmen (truncated)...]
2025-07-04 16:40:14 DEBUG o.s.web.servlet.DispatcherServlet - Completed 200 OK
2025-07-04 16:40:14 DEBUG o.s.web.servlet.DispatcherServlet - GET "/api/service-api/users/userCourses", parameters={}
2025-07-04 16:40:14 DEBUG o.s.w.s.m.m.a.RequestMappingHandlerMapping - Mapped to com.nt.LMS.controller.UserController#getEnrolledCoursesByUserId()
2025-07-04 16:40:14 DEBUG o.s.w.s.m.m.a.HttpEntityMethodProcessor - Using 'application/json', given [application/json, text/plain, */*] and supported [application/json, application/*+json]
2025-07-04 16:40:14 DEBUG o.s.w.s.m.m.a.HttpEntityMethodProcessor - Writing [StandardResponseOutDTO{status='SUCCESS', message='Fetched enrolled courses successfully', data=[User (truncated)...]
2025-07-04 16:40:14 DEBUG o.s.web.servlet.DispatcherServlet - Completed 200 OK
2025-07-04 16:40:15 DEBUG o.s.web.servlet.DispatcherServlet - GET "/api/service-api/users/1", parameters={}
2025-07-04 16:40:15 DEBUG o.s.w.s.m.m.a.RequestMappingHandlerMapping - Mapped to com.nt.LMS.controller.UserController#getUserNameById(long)
2025-07-04 16:40:15 DEBUG o.s.w.s.m.m.a.HttpEntityMethodProcessor - Using 'application/json', given [application/json, text/plain, */*] and supported [application/json, application/*+json]
2025-07-04 16:40:15 DEBUG o.s.w.s.m.m.a.HttpEntityMethodProcessor - Writing [StandardResponseOutDTO{status='SUCCESS', message='Fetched user info', data=UserOutDTO(userId=1, user (truncated)...]
2025-07-04 16:40:15 DEBUG o.s.web.servlet.DispatcherServlet - Completed 200 OK
2025-07-04 16:40:15 DEBUG o.s.web.servlet.DispatcherServlet - GET "/api/service-api/users/1", parameters={}
2025-07-04 16:40:15 DEBUG o.s.w.s.m.m.a.RequestMappingHandlerMapping - Mapped to com.nt.LMS.controller.UserController#getUserNameById(long)
2025-07-04 16:40:15 DEBUG o.s.w.s.m.m.a.HttpEntityMethodProcessor - Using 'application/json', given [application/json, text/plain, */*] and supported [application/json, application/*+json]
2025-07-04 16:40:15 DEBUG o.s.w.s.m.m.a.HttpEntityMethodProcessor - Writing [StandardResponseOutDTO{status='SUCCESS', message='Fetched user info', data=UserOutDTO(userId=1, user (truncated)...]
2025-07-04 16:40:15 DEBUG o.s.web.servlet.DispatcherServlet - Completed 200 OK
2025-07-04 16:40:34 DEBUG o.s.web.servlet.DispatcherServlet - GET "/api/service-api/admin/users/recent", parameters={}
2025-07-04 16:40:34 DEBUG o.s.web.servlet.DispatcherServlet - GET "/api/service-api/admin/count", parameters={}
2025-07-04 16:40:34 DEBUG o.s.w.s.m.m.a.RequestMappingHandlerMapping - Mapped to com.nt.LMS.controller.AdminController#getRecentUsers()
2025-07-04 16:40:34 DEBUG o.s.w.s.m.m.a.RequestMappingHandlerMapping - Mapped to com.nt.LMS.controller.AdminController#getTotalUserCount()
2025-07-04 16:40:34 INFO  c.nt.LMS.controller.AdminController - Fetching total user count
2025-07-04 16:40:34 DEBUG o.s.web.servlet.DispatcherServlet - GET "/api/service-api/group/count", parameters={}
2025-07-04 16:40:34 DEBUG o.s.w.s.m.m.a.RequestMappingHandlerMapping - Mapped to com.nt.LMS.controller.GroupController#getGroupCount()
2025-07-04 16:40:34 INFO  c.nt.LMS.controller.GroupController - Received request to get total Group count.
2025-07-04 16:40:34 INFO  c.nt.LMS.controller.AdminController - Total user count retrieved: 11
2025-07-04 16:40:34 DEBUG o.s.w.s.m.m.a.HttpEntityMethodProcessor - Using 'application/json', given [application/json, text/plain, */*] and supported [application/json, application/*+json]
2025-07-04 16:40:34 DEBUG o.s.w.s.m.m.a.HttpEntityMethodProcessor - Writing [StandardResponseOutDTO{status='SUCCESS', message='Fetched User Count', data=11}]
2025-07-04 16:40:34 DEBUG o.s.web.servlet.DispatcherServlet - GET "/api/service-api/enrollment/statistics", parameters={}
2025-07-04 16:40:34 DEBUG o.s.w.s.m.m.a.HttpEntityMethodProcessor - Using 'application/json', given [application/json, text/plain, */*] and supported [application/json, application/*+json]
2025-07-04 16:40:34 DEBUG o.s.web.servlet.DispatcherServlet - Completed 200 OK
2025-07-04 16:40:34 DEBUG o.s.w.s.m.m.a.HttpEntityMethodProcessor - Writing [StandardResponseOutDTO{status='SUCCESS', message='Fetched Recent Users', data=[UsersDetailsViewDTO(f (truncated)...]
2025-07-04 16:40:34 INFO  c.nt.LMS.controller.GroupController - Total Group count retrieved: 2
2025-07-04 16:40:34 DEBUG o.s.w.s.m.m.a.RequestMappingHandlerMapping - Mapped to com.nt.LMS.controller.EnrollmentController#getEnrollmentStatistics()
2025-07-04 16:40:35 DEBUG o.s.w.s.m.m.a.HttpEntityMethodProcessor - Using 'application/json', given [application/json, text/plain, */*] and supported [application/json, application/*+json]
2025-07-04 16:40:35 DEBUG o.s.w.s.m.m.a.HttpEntityMethodProcessor - Writing [MessageOutDto(message=2)]
2025-07-04 16:40:35 DEBUG o.s.web.servlet.DispatcherServlet - Completed 200 OK
2025-07-04 16:40:35 DEBUG o.s.web.servlet.DispatcherServlet - Completed 200 OK
2025-07-04 16:40:35 DEBUG o.s.w.s.m.m.a.HttpEntityMethodProcessor - Using 'application/json', given [application/json, text/plain, */*] and supported [application/json, application/*+json]
2025-07-04 16:40:35 DEBUG o.s.w.s.m.m.a.HttpEntityMethodProcessor - Writing [StandardResponseOutDTO{status='SUCCESS', message='Fetched Enrollment Statistics', data=EnrollmentDas (truncated)...]
2025-07-04 16:40:35 DEBUG o.s.web.servlet.DispatcherServlet - Completed 200 OK
2025-07-04 16:40:37 DEBUG o.s.web.servlet.DispatcherServlet - GET "/api/service-api/group/groups", parameters={}
2025-07-04 16:40:37 DEBUG o.s.w.s.m.m.a.RequestMappingHandlerMapping - Mapped to com.nt.LMS.controller.GroupController#getGroups()
2025-07-04 16:40:37 INFO  c.nt.LMS.controller.GroupController - Fetching groups for user: anil@nucleusteq.com
2025-07-04 16:40:37 DEBUG o.s.web.servlet.DispatcherServlet - GET "/api/service-api/admin/active-employees", parameters={}
2025-07-04 16:40:37 DEBUG o.s.w.s.m.m.a.RequestMappingHandlerMapping - Mapped to com.nt.LMS.controller.AdminController#getAllEmployees()
2025-07-04 16:40:37 INFO  c.nt.LMS.controller.AdminController - Fetching all employees
2025-07-04 16:40:37 INFO  c.n.L.s.serviceImpl.AdminServiceImpl - Fetching all users
2025-07-04 16:40:37 INFO  c.nt.LMS.controller.GroupController - Found 1 groups for user: anil@nucleusteq.com
2025-07-04 16:40:37 DEBUG o.s.w.s.m.m.a.HttpEntityMethodProcessor - Using 'application/json', given [application/json, text/plain, */*] and supported [application/json, application/*+json]
2025-07-04 16:40:37 DEBUG o.s.w.s.m.m.a.HttpEntityMethodProcessor - Writing [StandardResponseOutDTO{status='SUCCESS', message='Group fetched Successfully', data=[GroupOutDTO(gro (truncated)...]
2025-07-04 16:40:37 DEBUG o.s.web.servlet.DispatcherServlet - Completed 200 OK
2025-07-04 16:40:37 INFO  c.n.L.s.serviceImpl.AdminServiceImpl - Successfully fetched 11 users
2025-07-04 16:40:37 INFO  c.nt.LMS.controller.AdminController - Fetched 11 employees
2025-07-04 16:40:37 DEBUG o.s.w.s.m.m.a.HttpEntityMethodProcessor - Using 'application/json', given [application/json, text/plain, */*] and supported [application/json, application/*+json]
2025-07-04 16:40:37 DEBUG o.s.w.s.m.m.a.HttpEntityMethodProcessor - Writing [StandardResponseOutDTO{status='SUCCESS', message='User fetched Successfully', data=[UserOutDTO(userI (truncated)...]
2025-07-04 16:40:37 DEBUG o.s.web.servlet.DispatcherServlet - Completed 200 OK
2025-07-04 16:40:38 DEBUG o.s.web.servlet.DispatcherServlet - GET "/api/service-api/admin/active-employees", parameters={}
2025-07-04 16:40:38 DEBUG o.s.w.s.m.m.a.RequestMappingHandlerMapping - Mapped to com.nt.LMS.controller.AdminController#getAllEmployees()
2025-07-04 16:40:38 INFO  c.nt.LMS.controller.AdminController - Fetching all employees
2025-07-04 16:40:38 INFO  c.n.L.s.serviceImpl.AdminServiceImpl - Fetching all users
2025-07-04 16:40:38 INFO  c.n.L.s.serviceImpl.AdminServiceImpl - Successfully fetched 11 users
2025-07-04 16:40:38 INFO  c.nt.LMS.controller.AdminController - Fetched 11 employees
2025-07-04 16:40:38 DEBUG o.s.w.s.m.m.a.HttpEntityMethodProcessor - Using 'application/json', given [application/json, text/plain, */*] and supported [application/json, application/*+json]
2025-07-04 16:40:38 DEBUG o.s.w.s.m.m.a.HttpEntityMethodProcessor - Writing [StandardResponseOutDTO{status='SUCCESS', message='User fetched Successfully', data=[UserOutDTO(userI (truncated)...]
2025-07-04 16:40:38 DEBUG o.s.web.servlet.DispatcherServlet - Completed 200 OK
2025-07-04 16:40:38 DEBUG o.s.web.servlet.DispatcherServlet - GET "/api/service-api/admin/inactive-employees", parameters={}
2025-07-04 16:40:38 DEBUG o.s.w.s.m.m.a.RequestMappingHandlerMapping - Mapped to com.nt.LMS.controller.AdminController#getAllInactiveEmployees()
2025-07-04 16:40:38 INFO  c.nt.LMS.controller.AdminController - Fetching all inactive employees
2025-07-04 16:40:38 INFO  c.n.L.s.serviceImpl.AdminServiceImpl - Fetching all  inactive users
2025-07-04 16:40:38 INFO  c.n.L.s.serviceImpl.AdminServiceImpl - Successfully fetched 6 inactive users
2025-07-04 16:40:38 INFO  c.nt.LMS.controller.AdminController - Fetched 6 inactive employees
2025-07-04 16:40:38 DEBUG o.s.w.s.m.m.a.HttpEntityMethodProcessor - Using 'application/json', given [application/json, text/plain, */*] and supported [application/json, application/*+json]
2025-07-04 16:40:38 DEBUG o.s.w.s.m.m.a.HttpEntityMethodProcessor - Writing [StandardResponseOutDTO{status='SUCCESS', message='User fetched Successfully', data=[UserOutDTO(userI (truncated)...]
2025-07-04 16:40:38 DEBUG o.s.web.servlet.DispatcherServlet - Completed 200 OK
2025-07-04 16:40:46 DEBUG o.s.web.servlet.DispatcherServlet - GET "/api/service-api/enrollments/47/statistics", parameters={}
2025-07-04 16:40:46 DEBUG o.s.w.s.m.m.a.RequestMappingHandlerMapping - Mapped to com.nt.LMS.controller.UserCourseEnrollmentController#getUserEnrollments(Long)
2025-07-04 16:40:46 DEBUG o.s.w.s.m.m.a.HttpEntityMethodProcessor - Using 'application/json', given [application/json, text/plain, */*] and supported [application/json, application/*+json]
2025-07-04 16:40:46 DEBUG o.s.w.s.m.m.a.HttpEntityMethodProcessor - Writing [StandardResponseOutDTO{status='SUCCESS', message='Fetched Users Enrolled', data={groups=1, enrollmen (truncated)...]
2025-07-04 16:40:46 DEBUG o.s.web.servlet.DispatcherServlet - Completed 200 OK
2025-07-04 16:40:46 DEBUG o.s.web.servlet.DispatcherServlet - GET "/api/service-api/users/userCourses", parameters={}
2025-07-04 16:40:46 DEBUG o.s.w.s.m.m.a.RequestMappingHandlerMapping - Mapped to com.nt.LMS.controller.UserController#getEnrolledCoursesByUserId()
2025-07-04 16:40:46 DEBUG o.s.w.s.m.m.a.HttpEntityMethodProcessor - Using 'application/json', given [application/json, text/plain, */*] and supported [application/json, application/*+json]
2025-07-04 16:40:46 DEBUG o.s.w.s.m.m.a.HttpEntityMethodProcessor - Writing [StandardResponseOutDTO{status='SUCCESS', message='Fetched enrolled courses successfully', data=[]}]
2025-07-04 16:40:46 DEBUG o.s.web.servlet.DispatcherServlet - Completed 200 OK
2025-07-04 16:42:48 DEBUG o.s.web.servlet.DispatcherServlet - GET "/api/service-api/enrollments/47/statistics", parameters={}
2025-07-04 16:42:48 DEBUG o.s.w.s.m.m.a.RequestMappingHandlerMapping - Mapped to com.nt.LMS.controller.UserCourseEnrollmentController#getUserEnrollments(Long)
2025-07-04 16:42:48 DEBUG o.s.w.s.m.m.a.HttpEntityMethodProcessor - Using 'application/json', given [application/json, text/plain, */*] and supported [application/json, application/*+json]
2025-07-04 16:42:48 DEBUG o.s.w.s.m.m.a.HttpEntityMethodProcessor - Writing [StandardResponseOutDTO{status='SUCCESS', message='Fetched Users Enrolled', data={groups=1, enrollmen (truncated)...]
2025-07-04 16:42:48 DEBUG o.s.web.servlet.DispatcherServlet - Completed 200 OK
2025-07-04 16:42:48 DEBUG o.s.web.servlet.DispatcherServlet - GET "/api/service-api/enrollments/47/statistics", parameters={}
2025-07-04 16:42:48 DEBUG o.s.w.s.m.m.a.RequestMappingHandlerMapping - Mapped to com.nt.LMS.controller.UserCourseEnrollmentController#getUserEnrollments(Long)
2025-07-04 16:42:48 DEBUG o.s.w.s.m.m.a.HttpEntityMethodProcessor - Using 'application/json', given [application/json, text/plain, */*] and supported [application/json, application/*+json]
2025-07-04 16:42:48 DEBUG o.s.w.s.m.m.a.HttpEntityMethodProcessor - Writing [StandardResponseOutDTO{status='SUCCESS', message='Fetched Users Enrolled', data={groups=1, enrollmen (truncated)...]
2025-07-04 16:42:48 DEBUG o.s.web.servlet.DispatcherServlet - Completed 200 OK
2025-07-04 16:42:48 DEBUG o.s.web.servlet.DispatcherServlet - GET "/api/service-api/users/userCourses", parameters={}
2025-07-04 16:42:48 DEBUG o.s.w.s.m.m.a.RequestMappingHandlerMapping - Mapped to com.nt.LMS.controller.UserController#getEnrolledCoursesByUserId()
2025-07-04 16:42:48 DEBUG o.s.w.s.m.m.a.HttpEntityMethodProcessor - Using 'application/json', given [application/json, text/plain, */*] and supported [application/json, application/*+json]
2025-07-04 16:42:48 DEBUG o.s.w.s.m.m.a.HttpEntityMethodProcessor - Writing [StandardResponseOutDTO{status='SUCCESS', message='Fetched enrolled courses successfully', data=[]}]
2025-07-04 16:42:48 DEBUG o.s.web.servlet.DispatcherServlet - Completed 200 OK
2025-07-04 16:42:48 DEBUG o.s.web.servlet.DispatcherServlet - GET "/api/service-api/users/userCourses", parameters={}
2025-07-04 16:42:48 DEBUG o.s.w.s.m.m.a.RequestMappingHandlerMapping - Mapped to com.nt.LMS.controller.UserController#getEnrolledCoursesByUserId()
2025-07-04 16:42:48 DEBUG o.s.w.s.m.m.a.HttpEntityMethodProcessor - Using 'application/json', given [application/json, text/plain, */*] and supported [application/json, application/*+json]
2025-07-04 16:42:48 DEBUG o.s.w.s.m.m.a.HttpEntityMethodProcessor - Writing [StandardResponseOutDTO{status='SUCCESS', message='Fetched enrolled courses successfully', data=[User (truncated)...]
2025-07-04 16:42:48 DEBUG o.s.web.servlet.DispatcherServlet - Completed 200 OK
2025-07-04 16:42:49 DEBUG o.s.web.servlet.DispatcherServlet - GET "/api/service-api/users/1", parameters={}
2025-07-04 16:42:49 DEBUG o.s.w.s.m.m.a.RequestMappingHandlerMapping - Mapped to com.nt.LMS.controller.UserController#getUserNameById(long)
2025-07-04 16:42:49 DEBUG o.s.w.s.m.m.a.HttpEntityMethodProcessor - Using 'application/json', given [application/json, text/plain, */*] and supported [application/json, application/*+json]
2025-07-04 16:42:49 DEBUG o.s.w.s.m.m.a.HttpEntityMethodProcessor - Writing [StandardResponseOutDTO{status='SUCCESS', message='Fetched user info', data=UserOutDTO(userId=1, user (truncated)...]
2025-07-04 16:42:49 DEBUG o.s.web.servlet.DispatcherServlet - Completed 200 OK
2025-07-04 16:42:49 DEBUG o.s.web.servlet.DispatcherServlet - GET "/api/service-api/users/1", parameters={}
2025-07-04 16:42:49 DEBUG o.s.w.s.m.m.a.RequestMappingHandlerMapping - Mapped to com.nt.LMS.controller.UserController#getUserNameById(long)
2025-07-04 16:42:49 DEBUG o.s.w.s.m.m.a.HttpEntityMethodProcessor - Using 'application/json', given [application/json, text/plain, */*] and supported [application/json, application/*+json]
2025-07-04 16:42:49 DEBUG o.s.w.s.m.m.a.HttpEntityMethodProcessor - Writing [StandardResponseOutDTO{status='SUCCESS', message='Fetched user info', data=UserOutDTO(userId=1, user (truncated)...]
2025-07-04 16:42:49 DEBUG o.s.web.servlet.DispatcherServlet - Completed 200 OK
2025-07-04 16:43:26 DEBUG o.s.web.servlet.DispatcherServlet - GET "/api/service-api/enrollments/47/statistics", parameters={}
2025-07-04 16:43:26 DEBUG o.s.w.s.m.m.a.RequestMappingHandlerMapping - Mapped to com.nt.LMS.controller.UserCourseEnrollmentController#getUserEnrollments(Long)
2025-07-04 16:43:26 DEBUG o.s.w.s.m.m.a.HttpEntityMethodProcessor - Using 'application/json', given [application/json, text/plain, */*] and supported [application/json, application/*+json]
2025-07-04 16:43:26 DEBUG o.s.w.s.m.m.a.HttpEntityMethodProcessor - Writing [StandardResponseOutDTO{status='SUCCESS', message='Fetched Users Enrolled', data={groups=1, enrollmen (truncated)...]
2025-07-04 16:43:26 DEBUG o.s.web.servlet.DispatcherServlet - Completed 200 OK
2025-07-04 16:43:26 DEBUG o.s.web.servlet.DispatcherServlet - GET "/api/service-api/enrollments/47/statistics", parameters={}
2025-07-04 16:43:26 DEBUG o.s.w.s.m.m.a.RequestMappingHandlerMapping - Mapped to com.nt.LMS.controller.UserCourseEnrollmentController#getUserEnrollments(Long)
2025-07-04 16:43:26 DEBUG o.s.w.s.m.m.a.HttpEntityMethodProcessor - Using 'application/json', given [application/json, text/plain, */*] and supported [application/json, application/*+json]
2025-07-04 16:43:26 DEBUG o.s.w.s.m.m.a.HttpEntityMethodProcessor - Writing [StandardResponseOutDTO{status='SUCCESS', message='Fetched Users Enrolled', data={groups=1, enrollmen (truncated)...]
2025-07-04 16:43:26 DEBUG o.s.web.servlet.DispatcherServlet - Completed 200 OK
2025-07-04 16:43:26 DEBUG o.s.web.servlet.DispatcherServlet - GET "/api/service-api/users/userCourses", parameters={}
2025-07-04 16:43:26 DEBUG o.s.w.s.m.m.a.RequestMappingHandlerMapping - Mapped to com.nt.LMS.controller.UserController#getEnrolledCoursesByUserId()
2025-07-04 16:43:26 DEBUG o.s.w.s.m.m.a.HttpEntityMethodProcessor - Using 'application/json', given [application/json, text/plain, */*] and supported [application/json, application/*+json]
2025-07-04 16:43:26 DEBUG o.s.w.s.m.m.a.HttpEntityMethodProcessor - Writing [StandardResponseOutDTO{status='SUCCESS', message='Fetched enrolled courses successfully', data=[]}]
2025-07-04 16:43:26 DEBUG o.s.web.servlet.DispatcherServlet - Completed 200 OK
2025-07-04 16:43:26 DEBUG o.s.web.servlet.DispatcherServlet - GET "/api/service-api/users/userCourses", parameters={}
2025-07-04 16:43:26 DEBUG o.s.w.s.m.m.a.RequestMappingHandlerMapping - Mapped to com.nt.LMS.controller.UserController#getEnrolledCoursesByUserId()
2025-07-04 16:43:26 DEBUG o.s.w.s.m.m.a.HttpEntityMethodProcessor - Using 'application/json', given [application/json, text/plain, */*] and supported [application/json, application/*+json]
2025-07-04 16:43:26 DEBUG o.s.w.s.m.m.a.HttpEntityMethodProcessor - Writing [StandardResponseOutDTO{status='SUCCESS', message='Fetched enrolled courses successfully', data=[User (truncated)...]
2025-07-04 16:43:26 DEBUG o.s.web.servlet.DispatcherServlet - Completed 200 OK
2025-07-04 16:43:26 DEBUG o.s.web.servlet.DispatcherServlet - GET "/api/service-api/users/1", parameters={}
2025-07-04 16:43:26 DEBUG o.s.w.s.m.m.a.RequestMappingHandlerMapping - Mapped to com.nt.LMS.controller.UserController#getUserNameById(long)
2025-07-04 16:43:26 DEBUG o.s.w.s.m.m.a.HttpEntityMethodProcessor - Using 'application/json', given [application/json, text/plain, */*] and supported [application/json, application/*+json]
2025-07-04 16:43:26 DEBUG o.s.w.s.m.m.a.HttpEntityMethodProcessor - Writing [StandardResponseOutDTO{status='SUCCESS', message='Fetched user info', data=UserOutDTO(userId=1, user (truncated)...]
2025-07-04 16:43:26 DEBUG o.s.web.servlet.DispatcherServlet - Completed 200 OK
2025-07-04 16:43:26 DEBUG o.s.web.servlet.DispatcherServlet - GET "/api/service-api/users/1", parameters={}
2025-07-04 16:43:26 DEBUG o.s.w.s.m.m.a.RequestMappingHandlerMapping - Mapped to com.nt.LMS.controller.UserController#getUserNameById(long)
2025-07-04 16:43:26 DEBUG o.s.w.s.m.m.a.HttpEntityMethodProcessor - Using 'application/json', given [application/json, text/plain, */*] and supported [application/json, application/*+json]
2025-07-04 16:43:26 DEBUG o.s.w.s.m.m.a.HttpEntityMethodProcessor - Writing [StandardResponseOutDTO{status='SUCCESS', message='Fetched user info', data=UserOutDTO(userId=1, user (truncated)...]
2025-07-04 16:43:27 DEBUG o.s.web.servlet.DispatcherServlet - Completed 200 OK
2025-07-04 16:43:29 DEBUG o.s.web.servlet.DispatcherServlet - GET "/api/service-api/enrollments/47/statistics", parameters={}
2025-07-04 16:43:29 DEBUG o.s.w.s.m.m.a.RequestMappingHandlerMapping - Mapped to com.nt.LMS.controller.UserCourseEnrollmentController#getUserEnrollments(Long)
2025-07-04 16:43:29 DEBUG o.s.w.s.m.m.a.HttpEntityMethodProcessor - Using 'application/json', given [application/json, text/plain, */*] and supported [application/json, application/*+json]
2025-07-04 16:43:29 DEBUG o.s.w.s.m.m.a.HttpEntityMethodProcessor - Writing [StandardResponseOutDTO{status='SUCCESS', message='Fetched Users Enrolled', data={groups=1, enrollmen (truncated)...]
2025-07-04 16:43:29 DEBUG o.s.web.servlet.DispatcherServlet - Completed 200 OK
2025-07-04 16:43:29 DEBUG o.s.web.servlet.DispatcherServlet - GET "/api/service-api/enrollments/47/statistics", parameters={}
2025-07-04 16:43:29 DEBUG o.s.w.s.m.m.a.RequestMappingHandlerMapping - Mapped to com.nt.LMS.controller.UserCourseEnrollmentController#getUserEnrollments(Long)
2025-07-04 16:43:29 DEBUG o.s.w.s.m.m.a.HttpEntityMethodProcessor - Using 'application/json', given [application/json, text/plain, */*] and supported [application/json, application/*+json]
2025-07-04 16:43:29 DEBUG o.s.w.s.m.m.a.HttpEntityMethodProcessor - Writing [StandardResponseOutDTO{status='SUCCESS', message='Fetched Users Enrolled', data={groups=1, enrollmen (truncated)...]
2025-07-04 16:43:29 DEBUG o.s.web.servlet.DispatcherServlet - Completed 200 OK
2025-07-04 16:43:29 DEBUG o.s.web.servlet.DispatcherServlet - GET "/api/service-api/users/userCourses", parameters={}
2025-07-04 16:43:29 DEBUG o.s.w.s.m.m.a.RequestMappingHandlerMapping - Mapped to com.nt.LMS.controller.UserController#getEnrolledCoursesByUserId()
2025-07-04 16:43:29 DEBUG o.s.w.s.m.m.a.HttpEntityMethodProcessor - Using 'application/json', given [application/json, text/plain, */*] and supported [application/json, application/*+json]
2025-07-04 16:43:29 DEBUG o.s.w.s.m.m.a.HttpEntityMethodProcessor - Writing [StandardResponseOutDTO{status='SUCCESS', message='Fetched enrolled courses successfully', data=[]}]
2025-07-04 16:43:29 DEBUG o.s.web.servlet.DispatcherServlet - Completed 200 OK
2025-07-04 16:43:29 DEBUG o.s.web.servlet.DispatcherServlet - GET "/api/service-api/users/userCourses", parameters={}
2025-07-04 16:43:29 DEBUG o.s.w.s.m.m.a.RequestMappingHandlerMapping - Mapped to com.nt.LMS.controller.UserController#getEnrolledCoursesByUserId()
2025-07-04 16:43:29 DEBUG o.s.w.s.m.m.a.HttpEntityMethodProcessor - Using 'application/json', given [application/json, text/plain, */*] and supported [application/json, application/*+json]
2025-07-04 16:43:29 DEBUG o.s.w.s.m.m.a.HttpEntityMethodProcessor - Writing [StandardResponseOutDTO{status='SUCCESS', message='Fetched enrolled courses successfully', data=[User (truncated)...]
2025-07-04 16:43:29 DEBUG o.s.web.servlet.DispatcherServlet - Completed 200 OK
2025-07-04 16:43:29 DEBUG o.s.web.servlet.DispatcherServlet - GET "/api/service-api/users/1", parameters={}
2025-07-04 16:43:29 DEBUG o.s.w.s.m.m.a.RequestMappingHandlerMapping - Mapped to com.nt.LMS.controller.UserController#getUserNameById(long)
2025-07-04 16:43:29 DEBUG o.s.w.s.m.m.a.HttpEntityMethodProcessor - Using 'application/json', given [application/json, text/plain, */*] and supported [application/json, application/*+json]
2025-07-04 16:43:29 DEBUG o.s.w.s.m.m.a.HttpEntityMethodProcessor - Writing [StandardResponseOutDTO{status='SUCCESS', message='Fetched user info', data=UserOutDTO(userId=1, user (truncated)...]
2025-07-04 16:43:29 DEBUG o.s.web.servlet.DispatcherServlet - Completed 200 OK
2025-07-04 16:43:29 DEBUG o.s.web.servlet.DispatcherServlet - GET "/api/service-api/users/1", parameters={}
2025-07-04 16:43:29 DEBUG o.s.w.s.m.m.a.RequestMappingHandlerMapping - Mapped to com.nt.LMS.controller.UserController#getUserNameById(long)
2025-07-04 16:43:29 DEBUG o.s.w.s.m.m.a.HttpEntityMethodProcessor - Using 'application/json', given [application/json, text/plain, */*] and supported [application/json, application/*+json]
2025-07-04 16:43:29 DEBUG o.s.w.s.m.m.a.HttpEntityMethodProcessor - Writing [StandardResponseOutDTO{status='SUCCESS', message='Fetched user info', data=UserOutDTO(userId=1, user (truncated)...]
2025-07-04 16:43:29 DEBUG o.s.web.servlet.DispatcherServlet - Completed 200 OK
2025-07-04 16:43:37 DEBUG o.s.web.servlet.DispatcherServlet - GET "/api/service-api/enrollments/47/statistics", parameters={}
2025-07-04 16:43:37 DEBUG o.s.w.s.m.m.a.RequestMappingHandlerMapping - Mapped to com.nt.LMS.controller.UserCourseEnrollmentController#getUserEnrollments(Long)
2025-07-04 16:43:37 DEBUG o.s.w.s.m.m.a.HttpEntityMethodProcessor - Using 'application/json', given [application/json, text/plain, */*] and supported [application/json, application/*+json]
2025-07-04 16:43:37 DEBUG o.s.w.s.m.m.a.HttpEntityMethodProcessor - Writing [StandardResponseOutDTO{status='SUCCESS', message='Fetched Users Enrolled', data={groups=1, enrollmen (truncated)...]
2025-07-04 16:43:37 DEBUG o.s.web.servlet.DispatcherServlet - Completed 200 OK
2025-07-04 16:43:37 DEBUG o.s.web.servlet.DispatcherServlet - GET "/api/service-api/enrollments/47/statistics", parameters={}
2025-07-04 16:43:37 DEBUG o.s.w.s.m.m.a.RequestMappingHandlerMapping - Mapped to com.nt.LMS.controller.UserCourseEnrollmentController#getUserEnrollments(Long)
2025-07-04 16:43:37 DEBUG o.s.w.s.m.m.a.HttpEntityMethodProcessor - Using 'application/json', given [application/json, text/plain, */*] and supported [application/json, application/*+json]
2025-07-04 16:43:37 DEBUG o.s.w.s.m.m.a.HttpEntityMethodProcessor - Writing [StandardResponseOutDTO{status='SUCCESS', message='Fetched Users Enrolled', data={groups=1, enrollmen (truncated)...]
2025-07-04 16:43:37 DEBUG o.s.web.servlet.DispatcherServlet - Completed 200 OK
2025-07-04 16:43:37 DEBUG o.s.web.servlet.DispatcherServlet - GET "/api/service-api/users/userCourses", parameters={}
2025-07-04 16:43:37 DEBUG o.s.w.s.m.m.a.RequestMappingHandlerMapping - Mapped to com.nt.LMS.controller.UserController#getEnrolledCoursesByUserId()
2025-07-04 16:43:37 DEBUG o.s.w.s.m.m.a.HttpEntityMethodProcessor - Using 'application/json', given [application/json, text/plain, */*] and supported [application/json, application/*+json]
2025-07-04 16:43:37 DEBUG o.s.w.s.m.m.a.HttpEntityMethodProcessor - Writing [StandardResponseOutDTO{status='SUCCESS', message='Fetched enrolled courses successfully', data=[]}]
2025-07-04 16:43:37 DEBUG o.s.web.servlet.DispatcherServlet - Completed 200 OK
2025-07-04 16:43:37 DEBUG o.s.web.servlet.DispatcherServlet - GET "/api/service-api/users/userCourses", parameters={}
2025-07-04 16:43:37 DEBUG o.s.w.s.m.m.a.RequestMappingHandlerMapping - Mapped to com.nt.LMS.controller.UserController#getEnrolledCoursesByUserId()
2025-07-04 16:43:37 DEBUG o.s.w.s.m.m.a.HttpEntityMethodProcessor - Using 'application/json', given [application/json, text/plain, */*] and supported [application/json, application/*+json]
2025-07-04 16:43:37 DEBUG o.s.w.s.m.m.a.HttpEntityMethodProcessor - Writing [StandardResponseOutDTO{status='SUCCESS', message='Fetched enrolled courses successfully', data=[User (truncated)...]
2025-07-04 16:43:37 DEBUG o.s.web.servlet.DispatcherServlet - Completed 200 OK
2025-07-04 16:43:37 DEBUG o.s.web.servlet.DispatcherServlet - GET "/api/service-api/users/1", parameters={}
2025-07-04 16:43:37 DEBUG o.s.w.s.m.m.a.RequestMappingHandlerMapping - Mapped to com.nt.LMS.controller.UserController#getUserNameById(long)
2025-07-04 16:43:37 DEBUG o.s.w.s.m.m.a.HttpEntityMethodProcessor - Using 'application/json', given [application/json, text/plain, */*] and supported [application/json, application/*+json]
2025-07-04 16:43:37 DEBUG o.s.w.s.m.m.a.HttpEntityMethodProcessor - Writing [StandardResponseOutDTO{status='SUCCESS', message='Fetched user info', data=UserOutDTO(userId=1, user (truncated)...]
2025-07-04 16:43:37 DEBUG o.s.web.servlet.DispatcherServlet - Completed 200 OK
2025-07-04 16:43:37 DEBUG o.s.web.servlet.DispatcherServlet - GET "/api/service-api/users/1", parameters={}
2025-07-04 16:43:37 DEBUG o.s.w.s.m.m.a.RequestMappingHandlerMapping - Mapped to com.nt.LMS.controller.UserController#getUserNameById(long)
2025-07-04 16:43:37 DEBUG o.s.w.s.m.m.a.HttpEntityMethodProcessor - Using 'application/json', given [application/json, text/plain, */*] and supported [application/json, application/*+json]
2025-07-04 16:43:37 DEBUG o.s.w.s.m.m.a.HttpEntityMethodProcessor - Writing [StandardResponseOutDTO{status='SUCCESS', message='Fetched user info', data=UserOutDTO(userId=1, user (truncated)...]
2025-07-04 16:43:37 DEBUG o.s.web.servlet.DispatcherServlet - Completed 200 OK
2025-07-04 16:43:54 DEBUG o.s.web.servlet.DispatcherServlet - GET "/api/service-api/enrollments/47/statistics", parameters={}
2025-07-04 16:43:54 DEBUG o.s.w.s.m.m.a.RequestMappingHandlerMapping - Mapped to com.nt.LMS.controller.UserCourseEnrollmentController#getUserEnrollments(Long)
2025-07-04 16:43:54 DEBUG o.s.w.s.m.m.a.HttpEntityMethodProcessor - Using 'application/json', given [application/json, text/plain, */*] and supported [application/json, application/*+json]
2025-07-04 16:43:54 DEBUG o.s.w.s.m.m.a.HttpEntityMethodProcessor - Writing [StandardResponseOutDTO{status='SUCCESS', message='Fetched Users Enrolled', data={groups=1, enrollmen (truncated)...]
2025-07-04 16:43:54 DEBUG o.s.web.servlet.DispatcherServlet - Completed 200 OK
2025-07-04 16:43:54 DEBUG o.s.web.servlet.DispatcherServlet - GET "/api/service-api/enrollments/47/statistics", parameters={}
2025-07-04 16:43:54 DEBUG o.s.w.s.m.m.a.RequestMappingHandlerMapping - Mapped to com.nt.LMS.controller.UserCourseEnrollmentController#getUserEnrollments(Long)
2025-07-04 16:43:54 DEBUG o.s.w.s.m.m.a.HttpEntityMethodProcessor - Using 'application/json', given [application/json, text/plain, */*] and supported [application/json, application/*+json]
2025-07-04 16:43:54 DEBUG o.s.w.s.m.m.a.HttpEntityMethodProcessor - Writing [StandardResponseOutDTO{status='SUCCESS', message='Fetched Users Enrolled', data={groups=1, enrollmen (truncated)...]
2025-07-04 16:43:54 DEBUG o.s.web.servlet.DispatcherServlet - Completed 200 OK
2025-07-04 16:43:54 DEBUG o.s.web.servlet.DispatcherServlet - GET "/api/service-api/users/userCourses", parameters={}
2025-07-04 16:43:54 DEBUG o.s.w.s.m.m.a.RequestMappingHandlerMapping - Mapped to com.nt.LMS.controller.UserController#getEnrolledCoursesByUserId()
2025-07-04 16:43:54 DEBUG o.s.w.s.m.m.a.HttpEntityMethodProcessor - Using 'application/json', given [application/json, text/plain, */*] and supported [application/json, application/*+json]
2025-07-04 16:43:54 DEBUG o.s.w.s.m.m.a.HttpEntityMethodProcessor - Writing [StandardResponseOutDTO{status='SUCCESS', message='Fetched enrolled courses successfully', data=[]}]
2025-07-04 16:43:54 DEBUG o.s.web.servlet.DispatcherServlet - Completed 200 OK
2025-07-04 16:43:54 DEBUG o.s.web.servlet.DispatcherServlet - GET "/api/service-api/users/userCourses", parameters={}
2025-07-04 16:43:54 DEBUG o.s.w.s.m.m.a.RequestMappingHandlerMapping - Mapped to com.nt.LMS.controller.UserController#getEnrolledCoursesByUserId()
2025-07-04 16:43:54 DEBUG o.s.w.s.m.m.a.HttpEntityMethodProcessor - Using 'application/json', given [application/json, text/plain, */*] and supported [application/json, application/*+json]
2025-07-04 16:43:54 DEBUG o.s.w.s.m.m.a.HttpEntityMethodProcessor - Writing [StandardResponseOutDTO{status='SUCCESS', message='Fetched enrolled courses successfully', data=[User (truncated)...]
2025-07-04 16:43:54 DEBUG o.s.web.servlet.DispatcherServlet - Completed 200 OK
2025-07-04 16:43:55 DEBUG o.s.web.servlet.DispatcherServlet - GET "/api/service-api/users/1", parameters={}
2025-07-04 16:43:55 DEBUG o.s.w.s.m.m.a.RequestMappingHandlerMapping - Mapped to com.nt.LMS.controller.UserController#getUserNameById(long)
2025-07-04 16:43:55 DEBUG o.s.w.s.m.m.a.HttpEntityMethodProcessor - Using 'application/json', given [application/json, text/plain, */*] and supported [application/json, application/*+json]
2025-07-04 16:43:55 DEBUG o.s.w.s.m.m.a.HttpEntityMethodProcessor - Writing [StandardResponseOutDTO{status='SUCCESS', message='Fetched user info', data=UserOutDTO(userId=1, user (truncated)...]
2025-07-04 16:43:55 DEBUG o.s.web.servlet.DispatcherServlet - Completed 200 OK
2025-07-04 16:43:55 DEBUG o.s.web.servlet.DispatcherServlet - GET "/api/service-api/users/1", parameters={}
2025-07-04 16:43:55 DEBUG o.s.w.s.m.m.a.RequestMappingHandlerMapping - Mapped to com.nt.LMS.controller.UserController#getUserNameById(long)
2025-07-04 16:43:55 DEBUG o.s.w.s.m.m.a.HttpEntityMethodProcessor - Using 'application/json', given [application/json, text/plain, */*] and supported [application/json, application/*+json]
2025-07-04 16:43:55 DEBUG o.s.w.s.m.m.a.HttpEntityMethodProcessor - Writing [StandardResponseOutDTO{status='SUCCESS', message='Fetched user info', data=UserOutDTO(userId=1, user (truncated)...]
2025-07-04 16:43:55 DEBUG o.s.web.servlet.DispatcherServlet - Completed 200 OK
2025-07-04 16:43:56 DEBUG o.s.web.servlet.DispatcherServlet - GET "/api/service-api/enrollments/47/statistics", parameters={}
2025-07-04 16:43:56 DEBUG o.s.w.s.m.m.a.RequestMappingHandlerMapping - Mapped to com.nt.LMS.controller.UserCourseEnrollmentController#getUserEnrollments(Long)
2025-07-04 16:43:56 DEBUG o.s.w.s.m.m.a.HttpEntityMethodProcessor - Using 'application/json', given [application/json, text/plain, */*] and supported [application/json, application/*+json]
2025-07-04 16:43:56 DEBUG o.s.w.s.m.m.a.HttpEntityMethodProcessor - Writing [StandardResponseOutDTO{status='SUCCESS', message='Fetched Users Enrolled', data={groups=1, enrollmen (truncated)...]
2025-07-04 16:43:56 DEBUG o.s.web.servlet.DispatcherServlet - Completed 200 OK
2025-07-04 16:43:56 DEBUG o.s.web.servlet.DispatcherServlet - GET "/api/service-api/enrollments/47/statistics", parameters={}
2025-07-04 16:43:56 DEBUG o.s.w.s.m.m.a.RequestMappingHandlerMapping - Mapped to com.nt.LMS.controller.UserCourseEnrollmentController#getUserEnrollments(Long)
2025-07-04 16:43:56 DEBUG o.s.w.s.m.m.a.HttpEntityMethodProcessor - Using 'application/json', given [application/json, text/plain, */*] and supported [application/json, application/*+json]
2025-07-04 16:43:56 DEBUG o.s.w.s.m.m.a.HttpEntityMethodProcessor - Writing [StandardResponseOutDTO{status='SUCCESS', message='Fetched Users Enrolled', data={groups=1, enrollmen (truncated)...]
2025-07-04 16:43:56 DEBUG o.s.web.servlet.DispatcherServlet - Completed 200 OK
2025-07-04 16:43:56 DEBUG o.s.web.servlet.DispatcherServlet - GET "/api/service-api/users/userCourses", parameters={}
2025-07-04 16:43:56 DEBUG o.s.w.s.m.m.a.RequestMappingHandlerMapping - Mapped to com.nt.LMS.controller.UserController#getEnrolledCoursesByUserId()
2025-07-04 16:43:56 DEBUG o.s.w.s.m.m.a.HttpEntityMethodProcessor - Using 'application/json', given [application/json, text/plain, */*] and supported [application/json, application/*+json]
2025-07-04 16:43:56 DEBUG o.s.w.s.m.m.a.HttpEntityMethodProcessor - Writing [StandardResponseOutDTO{status='SUCCESS', message='Fetched enrolled courses successfully', data=[]}]
2025-07-04 16:43:56 DEBUG o.s.web.servlet.DispatcherServlet - Completed 200 OK
2025-07-04 16:43:56 DEBUG o.s.web.servlet.DispatcherServlet - GET "/api/service-api/users/userCourses", parameters={}
2025-07-04 16:43:56 DEBUG o.s.w.s.m.m.a.RequestMappingHandlerMapping - Mapped to com.nt.LMS.controller.UserController#getEnrolledCoursesByUserId()
2025-07-04 16:43:56 DEBUG o.s.w.s.m.m.a.HttpEntityMethodProcessor - Using 'application/json', given [application/json, text/plain, */*] and supported [application/json, application/*+json]
2025-07-04 16:43:56 DEBUG o.s.w.s.m.m.a.HttpEntityMethodProcessor - Writing [StandardResponseOutDTO{status='SUCCESS', message='Fetched enrolled courses successfully', data=[User (truncated)...]
2025-07-04 16:43:56 DEBUG o.s.web.servlet.DispatcherServlet - Completed 200 OK
2025-07-04 16:43:57 DEBUG o.s.web.servlet.DispatcherServlet - GET "/api/service-api/users/1", parameters={}
2025-07-04 16:43:57 DEBUG o.s.w.s.m.m.a.RequestMappingHandlerMapping - Mapped to com.nt.LMS.controller.UserController#getUserNameById(long)
2025-07-04 16:43:57 DEBUG o.s.w.s.m.m.a.HttpEntityMethodProcessor - Using 'application/json', given [application/json, text/plain, */*] and supported [application/json, application/*+json]
2025-07-04 16:43:57 DEBUG o.s.w.s.m.m.a.HttpEntityMethodProcessor - Writing [StandardResponseOutDTO{status='SUCCESS', message='Fetched user info', data=UserOutDTO(userId=1, user (truncated)...]
2025-07-04 16:43:57 DEBUG o.s.web.servlet.DispatcherServlet - Completed 200 OK
2025-07-04 16:43:57 DEBUG o.s.web.servlet.DispatcherServlet - GET "/api/service-api/users/1", parameters={}
2025-07-04 16:43:57 DEBUG o.s.w.s.m.m.a.RequestMappingHandlerMapping - Mapped to com.nt.LMS.controller.UserController#getUserNameById(long)
2025-07-04 16:43:57 DEBUG o.s.w.s.m.m.a.HttpEntityMethodProcessor - Using 'application/json', given [application/json, text/plain, */*] and supported [application/json, application/*+json]
2025-07-04 16:43:57 DEBUG o.s.w.s.m.m.a.HttpEntityMethodProcessor - Writing [StandardResponseOutDTO{status='SUCCESS', message='Fetched user info', data=UserOutDTO(userId=1, user (truncated)...]
2025-07-04 16:43:57 DEBUG o.s.web.servlet.DispatcherServlet - Completed 200 OK
2025-07-04 16:43:59 DEBUG o.s.web.servlet.DispatcherServlet - GET "/api/service-api/enrollments/47/statistics", parameters={}
2025-07-04 16:43:59 DEBUG o.s.w.s.m.m.a.RequestMappingHandlerMapping - Mapped to com.nt.LMS.controller.UserCourseEnrollmentController#getUserEnrollments(Long)
2025-07-04 16:43:59 DEBUG o.s.w.s.m.m.a.HttpEntityMethodProcessor - Using 'application/json', given [application/json, text/plain, */*] and supported [application/json, application/*+json]
2025-07-04 16:43:59 DEBUG o.s.w.s.m.m.a.HttpEntityMethodProcessor - Writing [StandardResponseOutDTO{status='SUCCESS', message='Fetched Users Enrolled', data={groups=1, enrollmen (truncated)...]
2025-07-04 16:43:59 DEBUG o.s.web.servlet.DispatcherServlet - Completed 200 OK
2025-07-04 16:43:59 DEBUG o.s.web.servlet.DispatcherServlet - GET "/api/service-api/enrollments/47/statistics", parameters={}
2025-07-04 16:43:59 DEBUG o.s.w.s.m.m.a.RequestMappingHandlerMapping - Mapped to com.nt.LMS.controller.UserCourseEnrollmentController#getUserEnrollments(Long)
2025-07-04 16:43:59 DEBUG o.s.w.s.m.m.a.HttpEntityMethodProcessor - Using 'application/json', given [application/json, text/plain, */*] and supported [application/json, application/*+json]
2025-07-04 16:43:59 DEBUG o.s.w.s.m.m.a.HttpEntityMethodProcessor - Writing [StandardResponseOutDTO{status='SUCCESS', message='Fetched Users Enrolled', data={groups=1, enrollmen (truncated)...]
2025-07-04 16:43:59 DEBUG o.s.web.servlet.DispatcherServlet - Completed 200 OK
2025-07-04 16:43:59 DEBUG o.s.web.servlet.DispatcherServlet - GET "/api/service-api/users/userCourses", parameters={}
2025-07-04 16:43:59 DEBUG o.s.w.s.m.m.a.RequestMappingHandlerMapping - Mapped to com.nt.LMS.controller.UserController#getEnrolledCoursesByUserId()
2025-07-04 16:43:59 DEBUG o.s.w.s.m.m.a.HttpEntityMethodProcessor - Using 'application/json', given [application/json, text/plain, */*] and supported [application/json, application/*+json]
2025-07-04 16:43:59 DEBUG o.s.w.s.m.m.a.HttpEntityMethodProcessor - Writing [StandardResponseOutDTO{status='SUCCESS', message='Fetched enrolled courses successfully', data=[]}]
2025-07-04 16:43:59 DEBUG o.s.web.servlet.DispatcherServlet - Completed 200 OK
2025-07-04 16:43:59 DEBUG o.s.web.servlet.DispatcherServlet - GET "/api/service-api/users/userCourses", parameters={}
2025-07-04 16:43:59 DEBUG o.s.w.s.m.m.a.RequestMappingHandlerMapping - Mapped to com.nt.LMS.controller.UserController#getEnrolledCoursesByUserId()
2025-07-04 16:43:59 DEBUG o.s.w.s.m.m.a.HttpEntityMethodProcessor - Using 'application/json', given [application/json, text/plain, */*] and supported [application/json, application/*+json]
2025-07-04 16:43:59 DEBUG o.s.w.s.m.m.a.HttpEntityMethodProcessor - Writing [StandardResponseOutDTO{status='SUCCESS', message='Fetched enrolled courses successfully', data=[User (truncated)...]
2025-07-04 16:43:59 DEBUG o.s.web.servlet.DispatcherServlet - Completed 200 OK
2025-07-04 16:44:00 DEBUG o.s.web.servlet.DispatcherServlet - GET "/api/service-api/users/1", parameters={}
2025-07-04 16:44:00 DEBUG o.s.w.s.m.m.a.RequestMappingHandlerMapping - Mapped to com.nt.LMS.controller.UserController#getUserNameById(long)
2025-07-04 16:44:00 DEBUG o.s.w.s.m.m.a.HttpEntityMethodProcessor - Using 'application/json', given [application/json, text/plain, */*] and supported [application/json, application/*+json]
2025-07-04 16:44:00 DEBUG o.s.w.s.m.m.a.HttpEntityMethodProcessor - Writing [StandardResponseOutDTO{status='SUCCESS', message='Fetched user info', data=UserOutDTO(userId=1, user (truncated)...]
2025-07-04 16:44:00 DEBUG o.s.web.servlet.DispatcherServlet - Completed 200 OK
2025-07-04 16:44:00 DEBUG o.s.web.servlet.DispatcherServlet - GET "/api/service-api/users/1", parameters={}
2025-07-04 16:44:00 DEBUG o.s.w.s.m.m.a.RequestMappingHandlerMapping - Mapped to com.nt.LMS.controller.UserController#getUserNameById(long)
2025-07-04 16:44:00 DEBUG o.s.w.s.m.m.a.HttpEntityMethodProcessor - Using 'application/json', given [application/json, text/plain, */*] and supported [application/json, application/*+json]
2025-07-04 16:44:00 DEBUG o.s.w.s.m.m.a.HttpEntityMethodProcessor - Writing [StandardResponseOutDTO{status='SUCCESS', message='Fetched user info', data=UserOutDTO(userId=1, user (truncated)...]
2025-07-04 16:44:00 DEBUG o.s.web.servlet.DispatcherServlet - Completed 200 OK
2025-07-04 16:45:35 DEBUG o.s.web.servlet.DispatcherServlet - GET "/api/service-api/enrollments/47/statistics", parameters={}
2025-07-04 16:45:35 DEBUG o.s.w.s.m.m.a.RequestMappingHandlerMapping - Mapped to com.nt.LMS.controller.UserCourseEnrollmentController#getUserEnrollments(Long)
2025-07-04 16:45:35 DEBUG o.s.w.s.m.m.a.HttpEntityMethodProcessor - Using 'application/json', given [application/json, text/plain, */*] and supported [application/json, application/*+json]
2025-07-04 16:45:35 DEBUG o.s.w.s.m.m.a.HttpEntityMethodProcessor - Writing [StandardResponseOutDTO{status='SUCCESS', message='Fetched Users Enrolled', data={groups=1, enrollmen (truncated)...]
2025-07-04 16:45:35 DEBUG o.s.web.servlet.DispatcherServlet - Completed 200 OK
2025-07-04 16:45:35 DEBUG o.s.web.servlet.DispatcherServlet - GET "/api/service-api/enrollments/47/statistics", parameters={}
2025-07-04 16:45:35 DEBUG o.s.w.s.m.m.a.RequestMappingHandlerMapping - Mapped to com.nt.LMS.controller.UserCourseEnrollmentController#getUserEnrollments(Long)
2025-07-04 16:45:35 DEBUG o.s.w.s.m.m.a.HttpEntityMethodProcessor - Using 'application/json', given [application/json, text/plain, */*] and supported [application/json, application/*+json]
2025-07-04 16:45:35 DEBUG o.s.w.s.m.m.a.HttpEntityMethodProcessor - Writing [StandardResponseOutDTO{status='SUCCESS', message='Fetched Users Enrolled', data={groups=1, enrollmen (truncated)...]
2025-07-04 16:45:35 DEBUG o.s.web.servlet.DispatcherServlet - Completed 200 OK
2025-07-04 16:45:46 DEBUG o.s.web.servlet.DispatcherServlet - GET "/api/service-api/enrollments/47/statistics", parameters={}
2025-07-04 16:45:46 DEBUG o.s.w.s.m.m.a.RequestMappingHandlerMapping - Mapped to com.nt.LMS.controller.UserCourseEnrollmentController#getUserEnrollments(Long)
2025-07-04 16:45:46 DEBUG o.s.w.s.m.m.a.HttpEntityMethodProcessor - Using 'application/json', given [application/json, text/plain, */*] and supported [application/json, application/*+json]
2025-07-04 16:45:46 DEBUG o.s.w.s.m.m.a.HttpEntityMethodProcessor - Writing [StandardResponseOutDTO{status='SUCCESS', message='Fetched Users Enrolled', data={groups=1, enrollmen (truncated)...]
2025-07-04 16:45:46 DEBUG o.s.web.servlet.DispatcherServlet - Completed 200 OK
2025-07-04 16:45:46 DEBUG o.s.web.servlet.DispatcherServlet - GET "/api/service-api/enrollments/47/statistics", parameters={}
2025-07-04 16:45:46 DEBUG o.s.w.s.m.m.a.RequestMappingHandlerMapping - Mapped to com.nt.LMS.controller.UserCourseEnrollmentController#getUserEnrollments(Long)
2025-07-04 16:45:46 DEBUG o.s.w.s.m.m.a.HttpEntityMethodProcessor - Using 'application/json', given [application/json, text/plain, */*] and supported [application/json, application/*+json]
2025-07-04 16:45:46 DEBUG o.s.w.s.m.m.a.HttpEntityMethodProcessor - Writing [StandardResponseOutDTO{status='SUCCESS', message='Fetched Users Enrolled', data={groups=1, enrollmen (truncated)...]
2025-07-04 16:45:46 DEBUG o.s.web.servlet.DispatcherServlet - Completed 200 OK
2025-07-04 16:45:46 DEBUG o.s.web.servlet.DispatcherServlet - GET "/api/service-api/enrollmet/userCourses/47", parameters={}
2025-07-04 16:45:46 DEBUG o.s.w.s.h.SimpleUrlHandlerMapping - Mapped to ResourceHttpRequestHandler [classpath [META-INF/resources/], classpath [resources/], classpath [static/], classpath [public/], ServletContext [/]]
2025-07-04 16:45:46 DEBUG o.s.w.s.r.ResourceHttpRequestHandler - Resource not found
2025-07-04 16:45:46 DEBUG o.s.w.s.m.s.DefaultHandlerExceptionResolver - Resolved [org.springframework.web.servlet.resource.NoResourceFoundException: No static resource api/service-api/enrollmet/userCourses/47.]
2025-07-04 16:45:46 DEBUG o.s.web.servlet.DispatcherServlet - Completed 404 NOT_FOUND
2025-07-04 16:45:46 DEBUG o.s.web.servlet.DispatcherServlet - GET "/api/service-api/enrollments/47/statistics", parameters={}
2025-07-04 16:45:46 DEBUG o.s.w.s.m.m.a.RequestMappingHandlerMapping - Mapped to com.nt.LMS.controller.UserCourseEnrollmentController#getUserEnrollments(Long)
2025-07-04 16:45:46 DEBUG o.s.w.s.m.m.a.HttpEntityMethodProcessor - Using 'application/json', given [application/json, text/plain, */*] and supported [application/json, application/*+json]
2025-07-04 16:45:46 DEBUG o.s.w.s.m.m.a.HttpEntityMethodProcessor - Writing [StandardResponseOutDTO{status='SUCCESS', message='Fetched Users Enrolled', data={groups=1, enrollmen (truncated)...]
2025-07-04 16:45:46 DEBUG o.s.web.servlet.DispatcherServlet - Completed 200 OK
2025-07-04 16:45:46 DEBUG o.s.web.servlet.DispatcherServlet - GET "/api/service-api/enrollmet/userCourses/47", parameters={}
2025-07-04 16:45:46 DEBUG o.s.w.s.h.SimpleUrlHandlerMapping - Mapped to ResourceHttpRequestHandler [classpath [META-INF/resources/], classpath [resources/], classpath [static/], classpath [public/], ServletContext [/]]
2025-07-04 16:45:46 DEBUG o.s.w.s.r.ResourceHttpRequestHandler - Resource not found
2025-07-04 16:45:46 DEBUG o.s.w.s.m.s.DefaultHandlerExceptionResolver - Resolved [org.springframework.web.servlet.resource.NoResourceFoundException: No static resource api/service-api/enrollmet/userCourses/47.]
2025-07-04 16:45:46 DEBUG o.s.web.servlet.DispatcherServlet - Completed 404 NOT_FOUND
2025-07-04 16:45:58 DEBUG o.s.web.servlet.DispatcherServlet - GET "/api/service-api/admin/count", parameters={}
2025-07-04 16:45:58 DEBUG o.s.w.s.m.m.a.RequestMappingHandlerMapping - Mapped to com.nt.LMS.controller.AdminController#getTotalUserCount()
2025-07-04 16:45:58 INFO  c.nt.LMS.controller.AdminController - Fetching total user count
2025-07-04 16:45:58 DEBUG o.s.web.servlet.DispatcherServlet - GET "/api/service-api/enrollment/statistics", parameters={}
2025-07-04 16:45:58 DEBUG o.s.w.s.m.m.a.RequestMappingHandlerMapping - Mapped to com.nt.LMS.controller.EnrollmentController#getEnrollmentStatistics()
2025-07-04 16:45:58 INFO  c.nt.LMS.controller.AdminController - Total user count retrieved: 11
2025-07-04 16:45:58 DEBUG o.s.w.s.m.m.a.HttpEntityMethodProcessor - Using 'application/json', given [application/json, text/plain, */*] and supported [application/json, application/*+json]
2025-07-04 16:45:58 DEBUG o.s.w.s.m.m.a.HttpEntityMethodProcessor - Writing [StandardResponseOutDTO{status='SUCCESS', message='Fetched User Count', data=11}]
2025-07-04 16:45:58 DEBUG o.s.web.servlet.DispatcherServlet - Completed 200 OK
2025-07-04 16:45:58 DEBUG o.s.web.servlet.DispatcherServlet - GET "/api/service-api/group/count", parameters={}
2025-07-04 16:45:58 DEBUG o.s.w.s.m.m.a.RequestMappingHandlerMapping - Mapped to com.nt.LMS.controller.GroupController#getGroupCount()
2025-07-04 16:45:58 INFO  c.nt.LMS.controller.GroupController - Received request to get total Group count.
2025-07-04 16:45:58 INFO  c.nt.LMS.controller.GroupController - Total Group count retrieved: 2
2025-07-04 16:45:58 DEBUG o.s.w.s.m.m.a.HttpEntityMethodProcessor - Using 'application/json', given [application/json, text/plain, */*] and supported [application/json, application/*+json]
2025-07-04 16:45:58 DEBUG o.s.w.s.m.m.a.HttpEntityMethodProcessor - Writing [MessageOutDto(message=2)]
2025-07-04 16:45:58 DEBUG o.s.w.s.m.m.a.HttpEntityMethodProcessor - Using 'application/json', given [application/json, text/plain, */*] and supported [application/json, application/*+json]
2025-07-04 16:45:58 DEBUG o.s.web.servlet.DispatcherServlet - Completed 200 OK
2025-07-04 16:45:58 DEBUG o.s.w.s.m.m.a.HttpEntityMethodProcessor - Writing [StandardResponseOutDTO{status='SUCCESS', message='Fetched Enrollment Statistics', data=EnrollmentDas (truncated)...]
2025-07-04 16:45:58 DEBUG o.s.web.servlet.DispatcherServlet - Completed 200 OK
2025-07-04 16:45:58 DEBUG o.s.web.servlet.DispatcherServlet - GET "/api/service-api/admin/users/recent", parameters={}
2025-07-04 16:45:58 DEBUG o.s.w.s.m.m.a.RequestMappingHandlerMapping - Mapped to com.nt.LMS.controller.AdminController#getRecentUsers()
2025-07-04 16:45:58 DEBUG o.s.w.s.m.m.a.HttpEntityMethodProcessor - Using 'application/json', given [application/json, text/plain, */*] and supported [application/json, application/*+json]
2025-07-04 16:45:58 DEBUG o.s.w.s.m.m.a.HttpEntityMethodProcessor - Writing [StandardResponseOutDTO{status='SUCCESS', message='Fetched Recent Users', data=[UsersDetailsViewDTO(f (truncated)...]
2025-07-04 16:45:58 DEBUG o.s.web.servlet.DispatcherServlet - Completed 200 OK
2025-07-04 16:46:01 DEBUG o.s.web.servlet.DispatcherServlet - GET "/api/service-api/group/groups", parameters={}
2025-07-04 16:46:01 DEBUG o.s.w.s.m.m.a.RequestMappingHandlerMapping - Mapped to com.nt.LMS.controller.GroupController#getGroups()
2025-07-04 16:46:01 DEBUG o.s.web.servlet.DispatcherServlet - GET "/api/service-api/admin/active-employees", parameters={}
2025-07-04 16:46:01 DEBUG o.s.w.s.m.m.a.RequestMappingHandlerMapping - Mapped to com.nt.LMS.controller.AdminController#getAllEmployees()
2025-07-04 16:46:01 INFO  c.nt.LMS.controller.GroupController - Fetching groups for user: anil@nucleusteq.com
2025-07-04 16:46:01 INFO  c.nt.LMS.controller.AdminController - Fetching all employees
2025-07-04 16:46:01 INFO  c.n.L.s.serviceImpl.AdminServiceImpl - Fetching all users
2025-07-04 16:46:01 INFO  c.nt.LMS.controller.GroupController - Found 1 groups for user: anil@nucleusteq.com
2025-07-04 16:46:01 DEBUG o.s.w.s.m.m.a.HttpEntityMethodProcessor - Using 'application/json', given [application/json, text/plain, */*] and supported [application/json, application/*+json]
2025-07-04 16:46:01 DEBUG o.s.w.s.m.m.a.HttpEntityMethodProcessor - Writing [StandardResponseOutDTO{status='SUCCESS', message='Group fetched Successfully', data=[GroupOutDTO(gro (truncated)...]
2025-07-04 16:46:01 DEBUG o.s.web.servlet.DispatcherServlet - Completed 200 OK
2025-07-04 16:46:01 INFO  c.n.L.s.serviceImpl.AdminServiceImpl - Successfully fetched 11 users
2025-07-04 16:46:01 INFO  c.nt.LMS.controller.AdminController - Fetched 11 employees
2025-07-04 16:46:01 DEBUG o.s.w.s.m.m.a.HttpEntityMethodProcessor - Using 'application/json', given [application/json, text/plain, */*] and supported [application/json, application/*+json]
2025-07-04 16:46:01 DEBUG o.s.w.s.m.m.a.HttpEntityMethodProcessor - Writing [StandardResponseOutDTO{status='SUCCESS', message='User fetched Successfully', data=[UserOutDTO(userI (truncated)...]
2025-07-04 16:46:01 DEBUG o.s.web.servlet.DispatcherServlet - Completed 200 OK
2025-07-04 16:46:03 DEBUG o.s.web.servlet.DispatcherServlet - GET "/api/service-api/admin/active-employees", parameters={}
2025-07-04 16:46:03 DEBUG o.s.w.s.m.m.a.RequestMappingHandlerMapping - Mapped to com.nt.LMS.controller.AdminController#getAllEmployees()
2025-07-04 16:46:03 INFO  c.nt.LMS.controller.AdminController - Fetching all employees
2025-07-04 16:46:03 INFO  c.n.L.s.serviceImpl.AdminServiceImpl - Fetching all users
2025-07-04 16:46:03 INFO  c.n.L.s.serviceImpl.AdminServiceImpl - Successfully fetched 11 users
2025-07-04 16:46:03 INFO  c.nt.LMS.controller.AdminController - Fetched 11 employees
2025-07-04 16:46:03 DEBUG o.s.w.s.m.m.a.HttpEntityMethodProcessor - Using 'application/json', given [application/json, text/plain, */*] and supported [application/json, application/*+json]
2025-07-04 16:46:03 DEBUG o.s.w.s.m.m.a.HttpEntityMethodProcessor - Writing [StandardResponseOutDTO{status='SUCCESS', message='User fetched Successfully', data=[UserOutDTO(userI (truncated)...]
2025-07-04 16:46:03 DEBUG o.s.web.servlet.DispatcherServlet - Completed 200 OK
2025-07-04 16:46:03 DEBUG o.s.web.servlet.DispatcherServlet - GET "/api/service-api/admin/inactive-employees", parameters={}
2025-07-04 16:46:03 DEBUG o.s.w.s.m.m.a.RequestMappingHandlerMapping - Mapped to com.nt.LMS.controller.AdminController#getAllInactiveEmployees()
2025-07-04 16:46:03 INFO  c.nt.LMS.controller.AdminController - Fetching all inactive employees
2025-07-04 16:46:03 INFO  c.n.L.s.serviceImpl.AdminServiceImpl - Fetching all  inactive users
2025-07-04 16:46:03 INFO  c.n.L.s.serviceImpl.AdminServiceImpl - Successfully fetched 6 inactive users
2025-07-04 16:46:03 INFO  c.nt.LMS.controller.AdminController - Fetched 6 inactive employees
2025-07-04 16:46:03 DEBUG o.s.w.s.m.m.a.HttpEntityMethodProcessor - Using 'application/json', given [application/json, text/plain, */*] and supported [application/json, application/*+json]
2025-07-04 16:46:03 DEBUG o.s.w.s.m.m.a.HttpEntityMethodProcessor - Writing [StandardResponseOutDTO{status='SUCCESS', message='User fetched Successfully', data=[UserOutDTO(userI (truncated)...]
2025-07-04 16:46:03 DEBUG o.s.web.servlet.DispatcherServlet - Completed 200 OK
2025-07-04 16:46:13 DEBUG o.s.web.servlet.DispatcherServlet - GET "/api/service-api/enrollments/47/statistics", parameters={}
2025-07-04 16:46:13 DEBUG o.s.w.s.m.m.a.RequestMappingHandlerMapping - Mapped to com.nt.LMS.controller.UserCourseEnrollmentController#getUserEnrollments(Long)
2025-07-04 16:46:13 DEBUG o.s.w.s.m.m.a.HttpEntityMethodProcessor - Using 'application/json', given [application/json, text/plain, */*] and supported [application/json, application/*+json]
2025-07-04 16:46:13 DEBUG o.s.w.s.m.m.a.HttpEntityMethodProcessor - Writing [StandardResponseOutDTO{status='SUCCESS', message='Fetched Users Enrolled', data={groups=1, enrollmen (truncated)...]
2025-07-04 16:46:13 DEBUG o.s.web.servlet.DispatcherServlet - Completed 200 OK
2025-07-04 16:46:13 DEBUG o.s.web.servlet.DispatcherServlet - GET "/api/service-api/enrollmet/userCourses/47", parameters={}
2025-07-04 16:46:13 DEBUG o.s.w.s.h.SimpleUrlHandlerMapping - Mapped to ResourceHttpRequestHandler [classpath [META-INF/resources/], classpath [resources/], classpath [static/], classpath [public/], ServletContext [/]]
2025-07-04 16:46:14 DEBUG o.s.w.s.r.ResourceHttpRequestHandler - Resource not found
2025-07-04 16:46:14 DEBUG o.s.w.s.m.s.DefaultHandlerExceptionResolver - Resolved [org.springframework.web.servlet.resource.NoResourceFoundException: No static resource api/service-api/enrollmet/userCourses/47.]
2025-07-04 16:46:14 DEBUG o.s.web.servlet.DispatcherServlet - Completed 404 NOT_FOUND
2025-07-04 16:47:25 DEBUG o.s.web.servlet.DispatcherServlet - GET "/api/service-api/admin/users/recent", parameters={}
2025-07-04 16:47:25 DEBUG o.s.w.s.m.m.a.RequestMappingHandlerMapping - Mapped to com.nt.LMS.controller.AdminController#getRecentUsers()
2025-07-04 16:47:25 DEBUG o.s.web.servlet.DispatcherServlet - GET "/api/service-api/admin/count", parameters={}
2025-07-04 16:47:25 DEBUG o.s.w.s.m.m.a.RequestMappingHandlerMapping - Mapped to com.nt.LMS.controller.AdminController#getTotalUserCount()
2025-07-04 16:47:25 DEBUG o.s.web.servlet.DispatcherServlet - GET "/api/service-api/group/count", parameters={}
2025-07-04 16:47:25 DEBUG o.s.w.s.m.m.a.RequestMappingHandlerMapping - Mapped to com.nt.LMS.controller.GroupController#getGroupCount()
2025-07-04 16:47:25 INFO  c.nt.LMS.controller.AdminController - Fetching total user count
2025-07-04 16:47:25 INFO  c.nt.LMS.controller.GroupController - Received request to get total Group count.
2025-07-04 16:47:25 INFO  c.nt.LMS.controller.GroupController - Total Group count retrieved: 2
2025-07-04 16:47:25 DEBUG o.s.w.s.m.m.a.HttpEntityMethodProcessor - Using 'application/json', given [application/json, text/plain, */*] and supported [application/json, application/*+json]
2025-07-04 16:47:25 DEBUG o.s.w.s.m.m.a.HttpEntityMethodProcessor - Writing [MessageOutDto(message=2)]
2025-07-04 16:47:25 INFO  c.nt.LMS.controller.AdminController - Total user count retrieved: 11
2025-07-04 16:47:25 DEBUG o.s.web.servlet.DispatcherServlet - Completed 200 OK
2025-07-04 16:47:25 DEBUG o.s.w.s.m.m.a.HttpEntityMethodProcessor - Using 'application/json', given [application/json, text/plain, */*] and supported [application/json, application/*+json]
2025-07-04 16:47:25 DEBUG o.s.w.s.m.m.a.HttpEntityMethodProcessor - Writing [StandardResponseOutDTO{status='SUCCESS', message='Fetched User Count', data=11}]
2025-07-04 16:47:25 DEBUG o.s.w.s.m.m.a.HttpEntityMethodProcessor - Using 'application/json', given [application/json, text/plain, */*] and supported [application/json, application/*+json]
2025-07-04 16:47:25 DEBUG o.s.w.s.m.m.a.HttpEntityMethodProcessor - Writing [StandardResponseOutDTO{status='SUCCESS', message='Fetched Recent Users', data=[UsersDetailsViewDTO(f (truncated)...]
2025-07-04 16:47:25 DEBUG o.s.web.servlet.DispatcherServlet - Completed 200 OK
2025-07-04 16:47:25 DEBUG o.s.web.servlet.DispatcherServlet - Completed 200 OK
2025-07-04 16:47:25 DEBUG o.s.web.servlet.DispatcherServlet - GET "/api/service-api/enrollment/statistics", parameters={}
2025-07-04 16:47:26 DEBUG o.s.w.s.m.m.a.RequestMappingHandlerMapping - Mapped to com.nt.LMS.controller.EnrollmentController#getEnrollmentStatistics()
2025-07-04 16:47:26 DEBUG o.s.w.s.m.m.a.HttpEntityMethodProcessor - Using 'application/json', given [application/json, text/plain, */*] and supported [application/json, application/*+json]
2025-07-04 16:47:26 DEBUG o.s.w.s.m.m.a.HttpEntityMethodProcessor - Writing [StandardResponseOutDTO{status='SUCCESS', message='Fetched Enrollment Statistics', data=EnrollmentDas (truncated)...]
2025-07-04 16:47:26 DEBUG o.s.web.servlet.DispatcherServlet - Completed 200 OK
2025-07-04 16:47:29 DEBUG o.s.web.servlet.DispatcherServlet - GET "/api/service-api/admin/active-employees", parameters={}
2025-07-04 16:47:29 DEBUG o.s.w.s.m.m.a.RequestMappingHandlerMapping - Mapped to com.nt.LMS.controller.AdminController#getAllEmployees()
2025-07-04 16:47:29 INFO  c.nt.LMS.controller.AdminController - Fetching all employees
2025-07-04 16:47:29 INFO  c.n.L.s.serviceImpl.AdminServiceImpl - Fetching all users
2025-07-04 16:47:29 INFO  c.n.L.s.serviceImpl.AdminServiceImpl - Successfully fetched 11 users
2025-07-04 16:47:29 INFO  c.nt.LMS.controller.AdminController - Fetched 11 employees
2025-07-04 16:47:29 DEBUG o.s.w.s.m.m.a.HttpEntityMethodProcessor - Using 'application/json', given [application/json, text/plain, */*] and supported [application/json, application/*+json]
2025-07-04 16:47:29 DEBUG o.s.w.s.m.m.a.HttpEntityMethodProcessor - Writing [StandardResponseOutDTO{status='SUCCESS', message='User fetched Successfully', data=[UserOutDTO(userI (truncated)...]
2025-07-04 16:47:29 DEBUG o.s.web.servlet.DispatcherServlet - Completed 200 OK
2025-07-04 16:47:29 DEBUG o.s.web.servlet.DispatcherServlet - GET "/api/service-api/admin/inactive-employees", parameters={}
2025-07-04 16:47:29 DEBUG o.s.w.s.m.m.a.RequestMappingHandlerMapping - Mapped to com.nt.LMS.controller.AdminController#getAllInactiveEmployees()
2025-07-04 16:47:29 INFO  c.nt.LMS.controller.AdminController - Fetching all inactive employees
2025-07-04 16:47:29 INFO  c.n.L.s.serviceImpl.AdminServiceImpl - Fetching all  inactive users
2025-07-04 16:47:29 INFO  c.n.L.s.serviceImpl.AdminServiceImpl - Successfully fetched 6 inactive users
2025-07-04 16:47:29 INFO  c.nt.LMS.controller.AdminController - Fetched 6 inactive employees
2025-07-04 16:47:29 DEBUG o.s.w.s.m.m.a.HttpEntityMethodProcessor - Using 'application/json', given [application/json, text/plain, */*] and supported [application/json, application/*+json]
2025-07-04 16:47:29 DEBUG o.s.w.s.m.m.a.HttpEntityMethodProcessor - Writing [StandardResponseOutDTO{status='SUCCESS', message='User fetched Successfully', data=[UserOutDTO(userI (truncated)...]
2025-07-04 16:47:29 DEBUG o.s.web.servlet.DispatcherServlet - Completed 200 OK
2025-07-04 16:47:42 DEBUG o.s.web.servlet.DispatcherServlet - GET "/api/service-api/enrollments/47/statistics", parameters={}
2025-07-04 16:47:42 DEBUG o.s.w.s.m.m.a.RequestMappingHandlerMapping - Mapped to com.nt.LMS.controller.UserCourseEnrollmentController#getUserEnrollments(Long)
2025-07-04 16:47:42 DEBUG o.s.w.s.m.m.a.HttpEntityMethodProcessor - Using 'application/json', given [application/json, text/plain, */*] and supported [application/json, application/*+json]
2025-07-04 16:47:42 DEBUG o.s.w.s.m.m.a.HttpEntityMethodProcessor - Writing [StandardResponseOutDTO{status='SUCCESS', message='Fetched Users Enrolled', data={groups=1, enrollmen (truncated)...]
2025-07-04 16:47:42 DEBUG o.s.web.servlet.DispatcherServlet - Completed 200 OK
2025-07-04 16:47:46 DEBUG o.s.web.servlet.DispatcherServlet - GET "/api/service-api/enrollmet/userCourses/47", parameters={}
2025-07-04 16:47:46 DEBUG o.s.w.s.h.SimpleUrlHandlerMapping - Mapped to ResourceHttpRequestHandler [classpath [META-INF/resources/], classpath [resources/], classpath [static/], classpath [public/], ServletContext [/]]
2025-07-04 16:47:46 DEBUG o.s.w.s.r.ResourceHttpRequestHandler - Resource not found
2025-07-04 16:47:46 DEBUG o.s.w.s.m.s.DefaultHandlerExceptionResolver - Resolved [org.springframework.web.servlet.resource.NoResourceFoundException: No static resource api/service-api/enrollmet/userCourses/47.]
2025-07-04 16:47:46 DEBUG o.s.web.servlet.DispatcherServlet - Completed 404 NOT_FOUND
2025-07-04 16:52:28 DEBUG o.s.web.servlet.DispatcherServlet - GET "/api/service-api/admin/count", parameters={}
2025-07-04 16:52:28 DEBUG o.s.w.s.m.m.a.RequestMappingHandlerMapping - Mapped to com.nt.LMS.controller.AdminController#getTotalUserCount()
2025-07-04 16:52:28 INFO  c.nt.LMS.controller.AdminController - Fetching total user count
2025-07-04 16:52:28 DEBUG o.s.web.servlet.DispatcherServlet - GET "/api/service-api/admin/users/recent", parameters={}
2025-07-04 16:52:28 DEBUG o.s.w.s.m.m.a.RequestMappingHandlerMapping - Mapped to com.nt.LMS.controller.AdminController#getRecentUsers()
2025-07-04 16:52:28 DEBUG o.s.web.servlet.DispatcherServlet - GET "/api/service-api/group/count", parameters={}
2025-07-04 16:52:28 DEBUG o.s.w.s.m.m.a.RequestMappingHandlerMapping - Mapped to com.nt.LMS.controller.GroupController#getGroupCount()
2025-07-04 16:52:28 INFO  c.nt.LMS.controller.GroupController - Received request to get total Group count.
2025-07-04 16:52:28 DEBUG o.s.w.s.m.m.a.HttpEntityMethodProcessor - Using 'application/json', given [application/json, text/plain, */*] and supported [application/json, application/*+json]
2025-07-04 16:52:28 DEBUG o.s.w.s.m.m.a.HttpEntityMethodProcessor - Writing [StandardResponseOutDTO{status='SUCCESS', message='Fetched Recent Users', data=[UsersDetailsViewDTO(f (truncated)...]
2025-07-04 16:52:28 DEBUG o.s.web.servlet.DispatcherServlet - GET "/api/service-api/enrollment/statistics", parameters={}
2025-07-04 16:52:28 DEBUG o.s.w.s.m.m.a.RequestMappingHandlerMapping - Mapped to com.nt.LMS.controller.EnrollmentController#getEnrollmentStatistics()
2025-07-04 16:52:28 INFO  c.nt.LMS.controller.AdminController - Total user count retrieved: 11
2025-07-04 16:52:28 DEBUG o.s.w.s.m.m.a.HttpEntityMethodProcessor - Using 'application/json', given [application/json, text/plain, */*] and supported [application/json, application/*+json]
2025-07-04 16:52:28 DEBUG o.s.w.s.m.m.a.HttpEntityMethodProcessor - Writing [StandardResponseOutDTO{status='SUCCESS', message='Fetched User Count', data=11}]
2025-07-04 16:52:28 INFO  c.nt.LMS.controller.GroupController - Total Group count retrieved: 2
2025-07-04 16:52:28 DEBUG o.s.w.s.m.m.a.HttpEntityMethodProcessor - Using 'application/json', given [application/json, text/plain, */*] and supported [application/json, application/*+json]
2025-07-04 16:52:28 DEBUG o.s.web.servlet.DispatcherServlet - Completed 200 OK
2025-07-04 16:52:28 DEBUG o.s.w.s.m.m.a.HttpEntityMethodProcessor - Writing [MessageOutDto(message=2)]
2025-07-04 16:52:28 DEBUG o.s.web.servlet.DispatcherServlet - Completed 200 OK
2025-07-04 16:52:28 DEBUG o.s.web.servlet.DispatcherServlet - Completed 200 OK
2025-07-04 16:52:28 DEBUG o.s.w.s.m.m.a.HttpEntityMethodProcessor - Using 'application/json', given [application/json, text/plain, */*] and supported [application/json, application/*+json]
2025-07-04 16:52:28 DEBUG o.s.w.s.m.m.a.HttpEntityMethodProcessor - Writing [StandardResponseOutDTO{status='SUCCESS', message='Fetched Enrollment Statistics', data=EnrollmentDas (truncated)...]
2025-07-04 16:52:28 DEBUG o.s.web.servlet.DispatcherServlet - Completed 200 OK
2025-07-04 16:52:31 DEBUG o.s.web.servlet.DispatcherServlet - GET "/api/service-api/admin/active-employees", parameters={}
2025-07-04 16:52:31 DEBUG o.s.w.s.m.m.a.RequestMappingHandlerMapping - Mapped to com.nt.LMS.controller.AdminController#getAllEmployees()
2025-07-04 16:52:31 INFO  c.nt.LMS.controller.AdminController - Fetching all employees
2025-07-04 16:52:31 INFO  c.n.L.s.serviceImpl.AdminServiceImpl - Fetching all users
2025-07-04 16:52:31 INFO  c.n.L.s.serviceImpl.AdminServiceImpl - Successfully fetched 11 users
2025-07-04 16:52:31 INFO  c.nt.LMS.controller.AdminController - Fetched 11 employees
2025-07-04 16:52:31 DEBUG o.s.w.s.m.m.a.HttpEntityMethodProcessor - Using 'application/json', given [application/json, text/plain, */*] and supported [application/json, application/*+json]
2025-07-04 16:52:31 DEBUG o.s.w.s.m.m.a.HttpEntityMethodProcessor - Writing [StandardResponseOutDTO{status='SUCCESS', message='User fetched Successfully', data=[UserOutDTO(userI (truncated)...]
2025-07-04 16:52:31 DEBUG o.s.web.servlet.DispatcherServlet - Completed 200 OK
2025-07-04 16:52:31 DEBUG o.s.web.servlet.DispatcherServlet - GET "/api/service-api/admin/inactive-employees", parameters={}
2025-07-04 16:52:31 DEBUG o.s.w.s.m.m.a.RequestMappingHandlerMapping - Mapped to com.nt.LMS.controller.AdminController#getAllInactiveEmployees()
2025-07-04 16:52:31 INFO  c.nt.LMS.controller.AdminController - Fetching all inactive employees
2025-07-04 16:52:31 INFO  c.n.L.s.serviceImpl.AdminServiceImpl - Fetching all  inactive users
2025-07-04 16:52:31 INFO  c.n.L.s.serviceImpl.AdminServiceImpl - Successfully fetched 6 inactive users
2025-07-04 16:52:31 INFO  c.nt.LMS.controller.AdminController - Fetched 6 inactive employees
2025-07-04 16:52:31 DEBUG o.s.w.s.m.m.a.HttpEntityMethodProcessor - Using 'application/json', given [application/json, text/plain, */*] and supported [application/json, application/*+json]
2025-07-04 16:52:31 DEBUG o.s.w.s.m.m.a.HttpEntityMethodProcessor - Writing [StandardResponseOutDTO{status='SUCCESS', message='User fetched Successfully', data=[UserOutDTO(userI (truncated)...]
2025-07-04 16:52:31 DEBUG o.s.web.servlet.DispatcherServlet - Completed 200 OK
2025-07-04 16:52:37 DEBUG o.s.web.servlet.DispatcherServlet - GET "/api/service-api/enrollments/47/statistics", parameters={}
2025-07-04 16:52:37 DEBUG o.s.w.s.m.m.a.RequestMappingHandlerMapping - Mapped to com.nt.LMS.controller.UserCourseEnrollmentController#getUserEnrollments(Long)
2025-07-04 16:52:37 DEBUG o.s.w.s.m.m.a.HttpEntityMethodProcessor - Using 'application/json', given [application/json, text/plain, */*] and supported [application/json, application/*+json]
2025-07-04 16:52:37 DEBUG o.s.w.s.m.m.a.HttpEntityMethodProcessor - Writing [StandardResponseOutDTO{status='SUCCESS', message='Fetched Users Enrolled', data={groups=1, enrollmen (truncated)...]
2025-07-04 16:52:37 DEBUG o.s.web.servlet.DispatcherServlet - Completed 200 OK
2025-07-04 16:52:46 DEBUG o.s.web.servlet.DispatcherServlet - GET "/api/service-api/enrollmet/userCourses/47", parameters={}
2025-07-04 16:52:46 DEBUG o.s.w.s.h.SimpleUrlHandlerMapping - Mapped to ResourceHttpRequestHandler [classpath [META-INF/resources/], classpath [resources/], classpath [static/], classpath [public/], ServletContext [/]]
2025-07-04 16:52:46 DEBUG o.s.w.s.r.ResourceHttpRequestHandler - Resource not found
2025-07-04 16:52:46 DEBUG o.s.w.s.m.s.DefaultHandlerExceptionResolver - Resolved [org.springframework.web.servlet.resource.NoResourceFoundException: No static resource api/service-api/enrollmet/userCourses/47.]
2025-07-04 16:52:46 DEBUG o.s.web.servlet.DispatcherServlet - Completed 404 NOT_FOUND
2025-07-04 16:54:21 DEBUG o.s.web.servlet.DispatcherServlet - GET "/api/service-api/admin/count", parameters={}
2025-07-04 16:54:21 DEBUG o.s.w.s.m.m.a.RequestMappingHandlerMapping - Mapped to com.nt.LMS.controller.AdminController#getTotalUserCount()
2025-07-04 16:54:21 INFO  c.nt.LMS.controller.AdminController - Fetching total user count
2025-07-04 16:54:21 DEBUG o.s.web.servlet.DispatcherServlet - GET "/api/service-api/group/count", parameters={}
2025-07-04 16:54:21 DEBUG o.s.w.s.m.m.a.RequestMappingHandlerMapping - Mapped to com.nt.LMS.controller.GroupController#getGroupCount()
2025-07-04 16:54:21 DEBUG o.s.web.servlet.DispatcherServlet - GET "/api/service-api/admin/users/recent", parameters={}
2025-07-04 16:54:21 DEBUG o.s.w.s.m.m.a.RequestMappingHandlerMapping - Mapped to com.nt.LMS.controller.AdminController#getRecentUsers()
2025-07-04 16:54:21 INFO  c.nt.LMS.controller.GroupController - Received request to get total Group count.
2025-07-04 16:54:21 INFO  c.nt.LMS.controller.AdminController - Total user count retrieved: 11
2025-07-04 16:54:21 INFO  c.nt.LMS.controller.GroupController - Total Group count retrieved: 2
2025-07-04 16:54:21 DEBUG o.s.w.s.m.m.a.HttpEntityMethodProcessor - Using 'application/json', given [application/json, text/plain, */*] and supported [application/json, application/*+json]
2025-07-04 16:54:21 DEBUG o.s.w.s.m.m.a.HttpEntityMethodProcessor - Using 'application/json', given [application/json, text/plain, */*] and supported [application/json, application/*+json]
2025-07-04 16:54:21 DEBUG o.s.w.s.m.m.a.HttpEntityMethodProcessor - Writing [MessageOutDto(message=2)]
2025-07-04 16:54:21 DEBUG o.s.w.s.m.m.a.HttpEntityMethodProcessor - Writing [StandardResponseOutDTO{status='SUCCESS', message='Fetched User Count', data=11}]
2025-07-04 16:54:21 DEBUG o.s.web.servlet.DispatcherServlet - Completed 200 OK
2025-07-04 16:54:21 DEBUG o.s.web.servlet.DispatcherServlet - Completed 200 OK
2025-07-04 16:54:21 DEBUG o.s.web.servlet.DispatcherServlet - GET "/api/service-api/enrollment/statistics", parameters={}
2025-07-04 16:54:21 DEBUG o.s.w.s.m.m.a.RequestMappingHandlerMapping - Mapped to com.nt.LMS.controller.EnrollmentController#getEnrollmentStatistics()
2025-07-04 16:54:21 DEBUG o.s.w.s.m.m.a.HttpEntityMethodProcessor - Using 'application/json', given [application/json, text/plain, */*] and supported [application/json, application/*+json]
2025-07-04 16:54:21 DEBUG o.s.w.s.m.m.a.HttpEntityMethodProcessor - Writing [StandardResponseOutDTO{status='SUCCESS', message='Fetched Recent Users', data=[UsersDetailsViewDTO(f (truncated)...]
2025-07-04 16:54:21 DEBUG o.s.web.servlet.DispatcherServlet - Completed 200 OK
2025-07-04 16:54:21 DEBUG o.s.w.s.m.m.a.HttpEntityMethodProcessor - Using 'application/json', given [application/json, text/plain, */*] and supported [application/json, application/*+json]
2025-07-04 16:54:21 DEBUG o.s.w.s.m.m.a.HttpEntityMethodProcessor - Writing [StandardResponseOutDTO{status='SUCCESS', message='Fetched Enrollment Statistics', data=EnrollmentDas (truncated)...]
2025-07-04 16:54:21 DEBUG o.s.web.servlet.DispatcherServlet - Completed 200 OK
2025-07-04 16:54:23 DEBUG o.s.web.servlet.DispatcherServlet - GET "/api/service-api/admin/active-employees", parameters={}
2025-07-04 16:54:23 DEBUG o.s.w.s.m.m.a.RequestMappingHandlerMapping - Mapped to com.nt.LMS.controller.AdminController#getAllEmployees()
2025-07-04 16:54:23 INFO  c.nt.LMS.controller.AdminController - Fetching all employees
2025-07-04 16:54:23 INFO  c.n.L.s.serviceImpl.AdminServiceImpl - Fetching all users
2025-07-04 16:54:23 INFO  c.n.L.s.serviceImpl.AdminServiceImpl - Successfully fetched 11 users
2025-07-04 16:54:23 INFO  c.nt.LMS.controller.AdminController - Fetched 11 employees
2025-07-04 16:54:23 DEBUG o.s.w.s.m.m.a.HttpEntityMethodProcessor - Using 'application/json', given [application/json, text/plain, */*] and supported [application/json, application/*+json]
2025-07-04 16:54:23 DEBUG o.s.w.s.m.m.a.HttpEntityMethodProcessor - Writing [StandardResponseOutDTO{status='SUCCESS', message='User fetched Successfully', data=[UserOutDTO(userI (truncated)...]
2025-07-04 16:54:23 DEBUG o.s.web.servlet.DispatcherServlet - Completed 200 OK
2025-07-04 16:54:23 DEBUG o.s.web.servlet.DispatcherServlet - GET "/api/service-api/admin/inactive-employees", parameters={}
2025-07-04 16:54:23 DEBUG o.s.w.s.m.m.a.RequestMappingHandlerMapping - Mapped to com.nt.LMS.controller.AdminController#getAllInactiveEmployees()
2025-07-04 16:54:23 INFO  c.nt.LMS.controller.AdminController - Fetching all inactive employees
2025-07-04 16:54:23 INFO  c.n.L.s.serviceImpl.AdminServiceImpl - Fetching all  inactive users
2025-07-04 16:54:23 INFO  c.n.L.s.serviceImpl.AdminServiceImpl - Successfully fetched 6 inactive users
2025-07-04 16:54:23 INFO  c.nt.LMS.controller.AdminController - Fetched 6 inactive employees
2025-07-04 16:54:23 DEBUG o.s.w.s.m.m.a.HttpEntityMethodProcessor - Using 'application/json', given [application/json, text/plain, */*] and supported [application/json, application/*+json]
2025-07-04 16:54:23 DEBUG o.s.w.s.m.m.a.HttpEntityMethodProcessor - Writing [StandardResponseOutDTO{status='SUCCESS', message='User fetched Successfully', data=[UserOutDTO(userI (truncated)...]
2025-07-04 16:54:23 DEBUG o.s.web.servlet.DispatcherServlet - Completed 200 OK
2025-07-04 16:54:31 DEBUG o.s.web.servlet.DispatcherServlet - GET "/api/service-api/enrollments/47/statistics", parameters={}
2025-07-04 16:54:31 DEBUG o.s.w.s.m.m.a.RequestMappingHandlerMapping - Mapped to com.nt.LMS.controller.UserCourseEnrollmentController#getUserEnrollments(Long)
2025-07-04 16:54:31 DEBUG o.s.w.s.m.m.a.HttpEntityMethodProcessor - Using 'application/json', given [application/json, text/plain, */*] and supported [application/json, application/*+json]
2025-07-04 16:54:31 DEBUG o.s.w.s.m.m.a.HttpEntityMethodProcessor - Writing [StandardResponseOutDTO{status='SUCCESS', message='Fetched Users Enrolled', data={groups=1, enrollmen (truncated)...]
2025-07-04 16:54:31 DEBUG o.s.web.servlet.DispatcherServlet - Completed 200 OK
2025-07-04 16:54:33 DEBUG o.s.web.servlet.DispatcherServlet - GET "/api/service-api/enrollment/userCourses/47", parameters={}
2025-07-04 16:54:33 DEBUG o.s.w.s.m.m.a.RequestMappingHandlerMapping - Mapped to com.nt.LMS.controller.EnrollmentController#getEnrolledCoursesByUserId(Long)
2025-07-04 16:54:33 DEBUG o.s.w.s.m.m.a.HttpEntityMethodProcessor - Using 'application/json', given [application/json, text/plain, */*] and supported [application/json, application/*+json]
2025-07-04 16:54:33 DEBUG o.s.w.s.m.m.a.HttpEntityMethodProcessor - Writing [StandardResponseOutDTO{status='SUCCESS', message='Fetched enrolled courses successfully', data=[User (truncated)...]
2025-07-04 16:54:33 DEBUG o.s.web.servlet.DispatcherServlet - Completed 200 OK
2025-07-04 16:56:19 DEBUG o.s.web.servlet.DispatcherServlet - GET "/api/service-api/enrollments/47/statistics", parameters={}
2025-07-04 16:56:19 DEBUG o.s.w.s.m.m.a.RequestMappingHandlerMapping - Mapped to com.nt.LMS.controller.UserCourseEnrollmentController#getUserEnrollments(Long)
2025-07-04 16:56:19 DEBUG o.s.w.s.m.m.a.HttpEntityMethodProcessor - Using 'application/json', given [application/json, text/plain, */*] and supported [application/json, application/*+json]
2025-07-04 16:56:19 DEBUG o.s.w.s.m.m.a.HttpEntityMethodProcessor - Writing [StandardResponseOutDTO{status='SUCCESS', message='Fetched Users Enrolled', data={groups=1, enrollmen (truncated)...]
2025-07-04 16:56:19 DEBUG o.s.web.servlet.DispatcherServlet - Completed 200 OK
2025-07-04 16:56:20 DEBUG o.s.web.servlet.DispatcherServlet - GET "/api/service-api/enrollment/userCourses/47", parameters={}
2025-07-04 16:56:20 DEBUG o.s.w.s.m.m.a.RequestMappingHandlerMapping - Mapped to com.nt.LMS.controller.EnrollmentController#getEnrolledCoursesByUserId(Long)
2025-07-04 16:56:20 DEBUG o.s.w.s.m.m.a.HttpEntityMethodProcessor - Using 'application/json', given [application/json, text/plain, */*] and supported [application/json, application/*+json]
2025-07-04 16:56:20 DEBUG o.s.w.s.m.m.a.HttpEntityMethodProcessor - Writing [StandardResponseOutDTO{status='SUCCESS', message='Fetched enrolled courses successfully', data=[User (truncated)...]
2025-07-04 16:56:20 DEBUG o.s.web.servlet.DispatcherServlet - Completed 200 OK
2025-07-04 16:57:00 DEBUG o.s.web.servlet.DispatcherServlet - GET "/api/service-api/enrollments/47/statistics", parameters={}
2025-07-04 16:57:00 DEBUG o.s.w.s.m.m.a.RequestMappingHandlerMapping - Mapped to com.nt.LMS.controller.UserCourseEnrollmentController#getUserEnrollments(Long)
2025-07-04 16:57:00 DEBUG o.s.w.s.m.m.a.HttpEntityMethodProcessor - Using 'application/json', given [application/json, text/plain, */*] and supported [application/json, application/*+json]
2025-07-04 16:57:00 DEBUG o.s.w.s.m.m.a.HttpEntityMethodProcessor - Writing [StandardResponseOutDTO{status='SUCCESS', message='Fetched Users Enrolled', data={groups=1, enrollmen (truncated)...]
2025-07-04 16:57:00 DEBUG o.s.web.servlet.DispatcherServlet - Completed 200 OK
2025-07-04 16:57:03 DEBUG o.s.web.servlet.DispatcherServlet - GET "/api/service-api/enrollment/userCourses/47", parameters={}
2025-07-04 16:57:03 DEBUG o.s.w.s.m.m.a.RequestMappingHandlerMapping - Mapped to com.nt.LMS.controller.EnrollmentController#getEnrolledCoursesByUserId(Long)
2025-07-04 16:57:03 DEBUG o.s.w.s.m.m.a.HttpEntityMethodProcessor - Using 'application/json', given [application/json, text/plain, */*] and supported [application/json, application/*+json]
2025-07-04 16:57:03 DEBUG o.s.w.s.m.m.a.HttpEntityMethodProcessor - Writing [StandardResponseOutDTO{status='SUCCESS', message='Fetched enrolled courses successfully', data=[User (truncated)...]
2025-07-04 16:57:03 DEBUG o.s.web.servlet.DispatcherServlet - Completed 200 OK
2025-07-04 16:57:03 DEBUG o.s.web.servlet.DispatcherServlet - GET "/api/service-api/enrollments/47/statistics", parameters={}
2025-07-04 16:57:03 DEBUG o.s.w.s.m.m.a.RequestMappingHandlerMapping - Mapped to com.nt.LMS.controller.UserCourseEnrollmentController#getUserEnrollments(Long)
2025-07-04 16:57:03 DEBUG o.s.w.s.m.m.a.HttpEntityMethodProcessor - Using 'application/json', given [application/json, text/plain, */*] and supported [application/json, application/*+json]
2025-07-04 16:57:03 DEBUG o.s.w.s.m.m.a.HttpEntityMethodProcessor - Writing [StandardResponseOutDTO{status='SUCCESS', message='Fetched Users Enrolled', data={groups=1, enrollmen (truncated)...]
2025-07-04 16:57:03 DEBUG o.s.web.servlet.DispatcherServlet - Completed 200 OK
2025-07-04 16:57:06 DEBUG o.s.web.servlet.DispatcherServlet - GET "/api/service-api/enrollment/userCourses/47", parameters={}
2025-07-04 16:57:06 DEBUG o.s.w.s.m.m.a.RequestMappingHandlerMapping - Mapped to com.nt.LMS.controller.EnrollmentController#getEnrolledCoursesByUserId(Long)
2025-07-04 16:57:06 DEBUG o.s.w.s.m.m.a.HttpEntityMethodProcessor - Using 'application/json', given [application/json, text/plain, */*] and supported [application/json, application/*+json]
2025-07-04 16:57:06 DEBUG o.s.w.s.m.m.a.HttpEntityMethodProcessor - Writing [StandardResponseOutDTO{status='SUCCESS', message='Fetched enrolled courses successfully', data=[User (truncated)...]
2025-07-04 16:57:06 DEBUG o.s.web.servlet.DispatcherServlet - Completed 200 OK
2025-07-04 16:57:37 DEBUG o.s.web.servlet.DispatcherServlet - GET "/api/service-api/enrollments/47/statistics", parameters={}
2025-07-04 16:57:37 DEBUG o.s.w.s.m.m.a.RequestMappingHandlerMapping - Mapped to com.nt.LMS.controller.UserCourseEnrollmentController#getUserEnrollments(Long)
2025-07-04 16:57:37 DEBUG o.s.w.s.m.m.a.HttpEntityMethodProcessor - Using 'application/json', given [application/json, text/plain, */*] and supported [application/json, application/*+json]
2025-07-04 16:57:37 DEBUG o.s.w.s.m.m.a.HttpEntityMethodProcessor - Writing [StandardResponseOutDTO{status='SUCCESS', message='Fetched Users Enrolled', data={groups=1, enrollmen (truncated)...]
2025-07-04 16:57:37 DEBUG o.s.web.servlet.DispatcherServlet - Completed 200 OK
2025-07-04 16:57:40 DEBUG o.s.web.servlet.DispatcherServlet - GET "/api/service-api/enrollment/userCourses/47", parameters={}
2025-07-04 16:57:40 DEBUG o.s.w.s.m.m.a.RequestMappingHandlerMapping - Mapped to com.nt.LMS.controller.EnrollmentController#getEnrolledCoursesByUserId(Long)
2025-07-04 16:57:40 DEBUG o.s.w.s.m.m.a.HttpEntityMethodProcessor - Using 'application/json', given [application/json, text/plain, */*] and supported [application/json, application/*+json]
2025-07-04 16:57:40 DEBUG o.s.w.s.m.m.a.HttpEntityMethodProcessor - Writing [StandardResponseOutDTO{status='SUCCESS', message='Fetched enrolled courses successfully', data=[User (truncated)...]
2025-07-04 16:57:40 DEBUG o.s.web.servlet.DispatcherServlet - Completed 200 OK
2025-07-04 16:59:15 DEBUG o.s.web.servlet.DispatcherServlet - GET "/api/service-api/enrollments/47/statistics", parameters={}
2025-07-04 16:59:15 DEBUG o.s.w.s.m.m.a.RequestMappingHandlerMapping - Mapped to com.nt.LMS.controller.UserCourseEnrollmentController#getUserEnrollments(Long)
2025-07-04 16:59:15 DEBUG o.s.w.s.m.m.a.HttpEntityMethodProcessor - Using 'application/json', given [application/json, text/plain, */*] and supported [application/json, application/*+json]
2025-07-04 16:59:15 DEBUG o.s.w.s.m.m.a.HttpEntityMethodProcessor - Writing [StandardResponseOutDTO{status='SUCCESS', message='Fetched Users Enrolled', data={groups=1, enrollmen (truncated)...]
2025-07-04 16:59:15 DEBUG o.s.web.servlet.DispatcherServlet - Completed 200 OK
2025-07-04 16:59:24 DEBUG o.s.web.servlet.DispatcherServlet - GET "/api/service-api/enrollment/userCourses/47", parameters={}
2025-07-04 16:59:24 DEBUG o.s.w.s.m.m.a.RequestMappingHandlerMapping - Mapped to com.nt.LMS.controller.EnrollmentController#getEnrolledCoursesByUserId(Long)
2025-07-04 16:59:24 DEBUG o.s.w.s.m.m.a.HttpEntityMethodProcessor - Using 'application/json', given [application/json, text/plain, */*] and supported [application/json, application/*+json]
2025-07-04 16:59:24 DEBUG o.s.w.s.m.m.a.HttpEntityMethodProcessor - Writing [StandardResponseOutDTO{status='SUCCESS', message='Fetched enrolled courses successfully', data=[User (truncated)...]
2025-07-04 16:59:24 DEBUG o.s.web.servlet.DispatcherServlet - Completed 200 OK
2025-07-04 16:59:24 DEBUG o.s.web.servlet.DispatcherServlet - GET "/api/service-api/users/1", parameters={}
2025-07-04 16:59:24 DEBUG o.s.w.s.m.m.a.RequestMappingHandlerMapping - Mapped to com.nt.LMS.controller.UserController#getUserNameById(long)
2025-07-04 16:59:24 DEBUG o.s.w.s.m.m.a.HttpEntityMethodProcessor - Using 'application/json', given [application/json, text/plain, */*] and supported [application/json, application/*+json]
2025-07-04 16:59:24 DEBUG o.s.w.s.m.m.a.HttpEntityMethodProcessor - Writing [StandardResponseOutDTO{status='SUCCESS', message='Fetched user info', data=UserOutDTO(userId=1, user (truncated)...]
2025-07-04 16:59:24 DEBUG o.s.web.servlet.DispatcherServlet - Completed 200 OK
2025-07-04 16:59:24 DEBUG o.s.web.servlet.DispatcherServlet - GET "/api/service-api/users/1", parameters={}
2025-07-04 16:59:24 DEBUG o.s.w.s.m.m.a.RequestMappingHandlerMapping - Mapped to com.nt.LMS.controller.UserController#getUserNameById(long)
2025-07-04 16:59:24 DEBUG o.s.w.s.m.m.a.HttpEntityMethodProcessor - Using 'application/json', given [application/json, text/plain, */*] and supported [application/json, application/*+json]
2025-07-04 16:59:24 DEBUG o.s.w.s.m.m.a.HttpEntityMethodProcessor - Writing [StandardResponseOutDTO{status='SUCCESS', message='Fetched user info', data=UserOutDTO(userId=1, user (truncated)...]
2025-07-04 16:59:24 DEBUG o.s.web.servlet.DispatcherServlet - Completed 200 OK
2025-07-04 16:59:45 DEBUG o.s.web.servlet.DispatcherServlet - GET "/api/service-api/admin/count", parameters={}
2025-07-04 16:59:45 DEBUG o.s.w.s.m.m.a.RequestMappingHandlerMapping - Mapped to com.nt.LMS.controller.AdminController#getTotalUserCount()
2025-07-04 16:59:45 DEBUG o.s.web.servlet.DispatcherServlet - GET "/api/service-api/enrollment/statistics", parameters={}
2025-07-04 16:59:45 DEBUG o.s.w.s.m.m.a.RequestMappingHandlerMapping - Mapped to com.nt.LMS.controller.EnrollmentController#getEnrollmentStatistics()
2025-07-04 16:59:45 INFO  c.nt.LMS.controller.AdminController - Fetching total user count
2025-07-04 16:59:45 DEBUG o.s.web.servlet.DispatcherServlet - GET "/api/service-api/admin/users/recent", parameters={}
2025-07-04 16:59:45 DEBUG o.s.w.s.m.m.a.RequestMappingHandlerMapping - Mapped to com.nt.LMS.controller.AdminController#getRecentUsers()
2025-07-04 16:59:45 INFO  c.nt.LMS.controller.AdminController - Total user count retrieved: 11
2025-07-04 16:59:45 DEBUG o.s.w.s.m.m.a.HttpEntityMethodProcessor - Using 'application/json', given [application/json, text/plain, */*] and supported [application/json, application/*+json]
2025-07-04 16:59:45 DEBUG o.s.w.s.m.m.a.HttpEntityMethodProcessor - Using 'application/json', given [application/json, text/plain, */*] and supported [application/json, application/*+json]
2025-07-04 16:59:45 DEBUG o.s.w.s.m.m.a.HttpEntityMethodProcessor - Writing [StandardResponseOutDTO{status='SUCCESS', message='Fetched User Count', data=11}]
2025-07-04 16:59:45 DEBUG o.s.w.s.m.m.a.HttpEntityMethodProcessor - Writing [StandardResponseOutDTO{status='SUCCESS', message='Fetched Enrollment Statistics', data=EnrollmentDas (truncated)...]
2025-07-04 16:59:45 DEBUG o.s.web.servlet.DispatcherServlet - Completed 200 OK
2025-07-04 16:59:45 DEBUG o.s.web.servlet.DispatcherServlet - Completed 200 OK
2025-07-04 16:59:45 DEBUG o.s.web.servlet.DispatcherServlet - GET "/api/service-api/group/count", parameters={}
2025-07-04 16:59:45 DEBUG o.s.w.s.m.m.a.RequestMappingHandlerMapping - Mapped to com.nt.LMS.controller.GroupController#getGroupCount()
2025-07-04 16:59:45 INFO  c.nt.LMS.controller.GroupController - Received request to get total Group count.
2025-07-04 16:59:45 DEBUG o.s.w.s.m.m.a.HttpEntityMethodProcessor - Using 'application/json', given [application/json, text/plain, */*] and supported [application/json, application/*+json]
2025-07-04 16:59:45 DEBUG o.s.w.s.m.m.a.HttpEntityMethodProcessor - Writing [StandardResponseOutDTO{status='SUCCESS', message='Fetched Recent Users', data=[UsersDetailsViewDTO(f (truncated)...]
2025-07-04 16:59:45 DEBUG o.s.web.servlet.DispatcherServlet - Completed 200 OK
2025-07-04 16:59:45 INFO  c.nt.LMS.controller.GroupController - Total Group count retrieved: 2
2025-07-04 16:59:45 DEBUG o.s.w.s.m.m.a.HttpEntityMethodProcessor - Using 'application/json', given [application/json, text/plain, */*] and supported [application/json, application/*+json]
2025-07-04 16:59:45 DEBUG o.s.w.s.m.m.a.HttpEntityMethodProcessor - Writing [MessageOutDto(message=2)]
2025-07-04 16:59:45 DEBUG o.s.web.servlet.DispatcherServlet - Completed 200 OK
2025-07-04 16:59:59 DEBUG o.s.web.servlet.DispatcherServlet - GET "/api/service-api/admin/active-employees", parameters={}
2025-07-04 16:59:59 DEBUG o.s.web.servlet.DispatcherServlet - GET "/api/service-api/group/groups", parameters={}
2025-07-04 16:59:59 DEBUG o.s.w.s.m.m.a.RequestMappingHandlerMapping - Mapped to com.nt.LMS.controller.AdminController#getAllEmployees()
2025-07-04 16:59:59 DEBUG o.s.w.s.m.m.a.RequestMappingHandlerMapping - Mapped to com.nt.LMS.controller.GroupController#getGroups()
2025-07-04 16:59:59 INFO  c.nt.LMS.controller.AdminController - Fetching all employees
2025-07-04 16:59:59 INFO  c.n.L.s.serviceImpl.AdminServiceImpl - Fetching all users
2025-07-04 16:59:59 INFO  c.nt.LMS.controller.GroupController - Fetching groups for user: anil@nucleusteq.com
2025-07-04 16:59:59 INFO  c.nt.LMS.controller.GroupController - Found 1 groups for user: anil@nucleusteq.com
2025-07-04 16:59:59 DEBUG o.s.w.s.m.m.a.HttpEntityMethodProcessor - Using 'application/json', given [application/json, text/plain, */*] and supported [application/json, application/*+json]
2025-07-04 16:59:59 DEBUG o.s.w.s.m.m.a.HttpEntityMethodProcessor - Writing [StandardResponseOutDTO{status='SUCCESS', message='Group fetched Successfully', data=[GroupOutDTO(gro (truncated)...]
2025-07-04 16:59:59 DEBUG o.s.web.servlet.DispatcherServlet - Completed 200 OK
2025-07-04 16:59:59 INFO  c.n.L.s.serviceImpl.AdminServiceImpl - Successfully fetched 11 users
2025-07-04 16:59:59 INFO  c.nt.LMS.controller.AdminController - Fetched 11 employees
2025-07-04 16:59:59 DEBUG o.s.w.s.m.m.a.HttpEntityMethodProcessor - Using 'application/json', given [application/json, text/plain, */*] and supported [application/json, application/*+json]
2025-07-04 16:59:59 DEBUG o.s.w.s.m.m.a.HttpEntityMethodProcessor - Writing [StandardResponseOutDTO{status='SUCCESS', message='User fetched Successfully', data=[UserOutDTO(userI (truncated)...]
2025-07-04 16:59:59 DEBUG o.s.web.servlet.DispatcherServlet - Completed 200 OK
2025-07-04 17:00:00 DEBUG o.s.web.servlet.DispatcherServlet - GET "/api/service-api/admin/active-employees", parameters={}
2025-07-04 17:00:00 DEBUG o.s.w.s.m.m.a.RequestMappingHandlerMapping - Mapped to com.nt.LMS.controller.AdminController#getAllEmployees()
2025-07-04 17:00:00 INFO  c.nt.LMS.controller.AdminController - Fetching all employees
2025-07-04 17:00:00 INFO  c.n.L.s.serviceImpl.AdminServiceImpl - Fetching all users
2025-07-04 17:00:00 INFO  c.n.L.s.serviceImpl.AdminServiceImpl - Successfully fetched 11 users
2025-07-04 17:00:00 INFO  c.nt.LMS.controller.AdminController - Fetched 11 employees
2025-07-04 17:00:00 DEBUG o.s.w.s.m.m.a.HttpEntityMethodProcessor - Using 'application/json', given [application/json, text/plain, */*] and supported [application/json, application/*+json]
2025-07-04 17:00:00 DEBUG o.s.w.s.m.m.a.HttpEntityMethodProcessor - Writing [StandardResponseOutDTO{status='SUCCESS', message='User fetched Successfully', data=[UserOutDTO(userI (truncated)...]
2025-07-04 17:00:00 DEBUG o.s.web.servlet.DispatcherServlet - Completed 200 OK
2025-07-04 17:00:00 DEBUG o.s.web.servlet.DispatcherServlet - GET "/api/service-api/admin/inactive-employees", parameters={}
2025-07-04 17:00:00 DEBUG o.s.w.s.m.m.a.RequestMappingHandlerMapping - Mapped to com.nt.LMS.controller.AdminController#getAllInactiveEmployees()
2025-07-04 17:00:00 INFO  c.nt.LMS.controller.AdminController - Fetching all inactive employees
2025-07-04 17:00:00 INFO  c.n.L.s.serviceImpl.AdminServiceImpl - Fetching all  inactive users
2025-07-04 17:00:00 INFO  c.n.L.s.serviceImpl.AdminServiceImpl - Successfully fetched 6 inactive users
2025-07-04 17:00:00 INFO  c.nt.LMS.controller.AdminController - Fetched 6 inactive employees
2025-07-04 17:00:00 DEBUG o.s.w.s.m.m.a.HttpEntityMethodProcessor - Using 'application/json', given [application/json, text/plain, */*] and supported [application/json, application/*+json]
2025-07-04 17:00:00 DEBUG o.s.w.s.m.m.a.HttpEntityMethodProcessor - Writing [StandardResponseOutDTO{status='SUCCESS', message='User fetched Successfully', data=[UserOutDTO(userI (truncated)...]
2025-07-04 17:00:00 DEBUG o.s.web.servlet.DispatcherServlet - Completed 200 OK
2025-07-04 17:00:02 DEBUG o.s.web.servlet.DispatcherServlet - GET "/api/service-api/admin/active-employees", parameters={}
2025-07-04 17:00:02 DEBUG o.s.w.s.m.m.a.RequestMappingHandlerMapping - Mapped to com.nt.LMS.controller.AdminController#getAllEmployees()
2025-07-04 17:00:02 DEBUG o.s.web.servlet.DispatcherServlet - GET "/api/service-api/enrollment/statistics", parameters={}
2025-07-04 17:00:02 INFO  c.nt.LMS.controller.AdminController - Fetching all employees
2025-07-04 17:00:02 INFO  c.n.L.s.serviceImpl.AdminServiceImpl - Fetching all users
2025-07-04 17:00:02 DEBUG o.s.w.s.m.m.a.RequestMappingHandlerMapping - Mapped to com.nt.LMS.controller.EnrollmentController#getEnrollmentStatistics()
2025-07-04 17:00:02 DEBUG o.s.w.s.m.m.a.HttpEntityMethodProcessor - Using 'application/json', given [application/json, text/plain, */*] and supported [application/json, application/*+json]
2025-07-04 17:00:02 DEBUG o.s.w.s.m.m.a.HttpEntityMethodProcessor - Writing [StandardResponseOutDTO{status='SUCCESS', message='Fetched Enrollment Statistics', data=EnrollmentDas (truncated)...]
2025-07-04 17:00:02 DEBUG o.s.web.servlet.DispatcherServlet - Completed 200 OK
2025-07-04 17:00:02 INFO  c.n.L.s.serviceImpl.AdminServiceImpl - Successfully fetched 11 users
2025-07-04 17:00:02 INFO  c.nt.LMS.controller.AdminController - Fetched 11 employees
2025-07-04 17:00:02 DEBUG o.s.w.s.m.m.a.HttpEntityMethodProcessor - Using 'application/json', given [application/json, text/plain, */*] and supported [application/json, application/*+json]
2025-07-04 17:00:02 DEBUG o.s.w.s.m.m.a.HttpEntityMethodProcessor - Writing [StandardResponseOutDTO{status='SUCCESS', message='User fetched Successfully', data=[UserOutDTO(userI (truncated)...]
2025-07-04 17:00:02 DEBUG o.s.web.servlet.DispatcherServlet - GET "/api/service-api/enrollment/user-enrollments", parameters={}
2025-07-04 17:00:02 DEBUG o.s.web.servlet.DispatcherServlet - Completed 200 OK
2025-07-04 17:00:02 DEBUG o.s.w.s.m.m.a.RequestMappingHandlerMapping - Mapped to com.nt.LMS.controller.EnrollmentController#getUserEnrollments()
2025-07-04 17:00:03 DEBUG o.s.w.c.HttpMessageConverterExtractor - Reading to [java.util.List<java.lang.Long>]
2025-07-04 17:00:03 DEBUG o.s.w.c.HttpMessageConverterExtractor - Reading to [java.lang.String] as "text/plain;charset=UTF-8"
2025-07-04 17:00:03 DEBUG o.s.w.c.HttpMessageConverterExtractor - Reading to [java.lang.String] as "text/plain;charset=UTF-8"
2025-07-04 17:00:03 DEBUG o.s.w.c.HttpMessageConverterExtractor - Reading to [com.nt.LMS.dto.outDTO.CourseProgressWithMetaDTO]
2025-07-04 17:00:03 DEBUG o.s.w.c.HttpMessageConverterExtractor - Reading to [com.nt.LMS.dto.outDTO.CourseProgressWithMetaDTO]
2025-07-04 17:00:03 DEBUG o.s.w.c.HttpMessageConverterExtractor - Reading to [com.nt.LMS.dto.outDTO.CourseProgressWithMetaDTO]
2025-07-04 17:00:03 DEBUG o.s.w.c.HttpMessageConverterExtractor - Reading to [com.nt.LMS.dto.outDTO.CourseProgressWithMetaDTO]
2025-07-04 17:00:03 DEBUG o.s.w.c.HttpMessageConverterExtractor - Reading to [com.nt.LMS.dto.outDTO.CourseProgressWithMetaDTO]
2025-07-04 17:00:03 DEBUG o.s.w.s.m.m.a.HttpEntityMethodProcessor - Using 'application/json', given [application/json, text/plain, */*] and supported [application/json, application/*+json]
2025-07-04 17:00:03 DEBUG o.s.w.s.m.m.a.HttpEntityMethodProcessor - Writing [StandardResponseOutDTO{status='SUCCESS', message='User Enrollment Fetched', data=[UserEnrollmentsOut (truncated)...]
2025-07-04 17:00:03 DEBUG o.s.web.servlet.DispatcherServlet - Completed 200 OK
2025-07-04 17:00:03 DEBUG o.s.web.servlet.DispatcherServlet - GET "/api/service-api/enrollment/user-enrollments", parameters={}
2025-07-04 17:00:03 DEBUG o.s.w.s.m.m.a.RequestMappingHandlerMapping - Mapped to com.nt.LMS.controller.EnrollmentController#getUserEnrollments()
2025-07-04 17:00:03 DEBUG o.s.w.c.HttpMessageConverterExtractor - Reading to [java.util.List<java.lang.Long>]
2025-07-04 17:00:03 DEBUG o.s.w.c.HttpMessageConverterExtractor - Reading to [java.lang.String] as "text/plain;charset=UTF-8"
2025-07-04 17:00:03 DEBUG o.s.w.c.HttpMessageConverterExtractor - Reading to [java.lang.String] as "text/plain;charset=UTF-8"
2025-07-04 17:00:03 DEBUG o.s.w.c.HttpMessageConverterExtractor - Reading to [com.nt.LMS.dto.outDTO.CourseProgressWithMetaDTO]
2025-07-04 17:00:03 DEBUG o.s.w.c.HttpMessageConverterExtractor - Reading to [com.nt.LMS.dto.outDTO.CourseProgressWithMetaDTO]
2025-07-04 17:00:03 DEBUG o.s.w.c.HttpMessageConverterExtractor - Reading to [com.nt.LMS.dto.outDTO.CourseProgressWithMetaDTO]
2025-07-04 17:00:03 DEBUG o.s.w.c.HttpMessageConverterExtractor - Reading to [com.nt.LMS.dto.outDTO.CourseProgressWithMetaDTO]
2025-07-04 17:00:04 DEBUG o.s.w.c.HttpMessageConverterExtractor - Reading to [com.nt.LMS.dto.outDTO.CourseProgressWithMetaDTO]
2025-07-04 17:00:04 DEBUG o.s.w.s.m.m.a.HttpEntityMethodProcessor - Using 'application/json', given [application/json, text/plain, */*] and supported [application/json, application/*+json]
2025-07-04 17:00:04 DEBUG o.s.w.s.m.m.a.HttpEntityMethodProcessor - Writing [StandardResponseOutDTO{status='SUCCESS', message='User Enrollment Fetched', data=[UserEnrollmentsOut (truncated)...]
2025-07-04 17:00:04 DEBUG o.s.web.servlet.DispatcherServlet - Completed 200 OK
2025-07-04 17:01:48 DEBUG o.s.web.servlet.DispatcherServlet - GET "/api/service-api/users/getDeadlines", parameters={}
2025-07-04 17:01:48 DEBUG o.s.w.s.m.m.a.RequestMappingHandlerMapping - Mapped to com.nt.LMS.controller.UserController#getUserDeadlines()
2025-07-04 17:01:48 DEBUG o.s.w.s.m.m.a.HttpEntityMethodProcessor - Using 'application/json', given [application/json, text/plain, */*] and supported [application/json, application/*+json]
2025-07-04 17:01:48 DEBUG o.s.w.s.m.m.a.HttpEntityMethodProcessor - Writing [StandardResponseOutDTO{status='SUCCESS', message='null', data=[]}]
2025-07-04 17:01:48 DEBUG o.s.web.servlet.DispatcherServlet - Completed 200 OK
2025-07-04 17:01:48 DEBUG o.s.web.servlet.DispatcherServlet - GET "/api/service-api/enrollments/47/statistics", parameters={}
2025-07-04 17:01:48 DEBUG o.s.w.s.m.m.a.RequestMappingHandlerMapping - Mapped to com.nt.LMS.controller.UserCourseEnrollmentController#getUserEnrollments(Long)
2025-07-04 17:01:48 DEBUG o.s.w.s.m.m.a.HttpEntityMethodProcessor - Using 'application/json', given [application/json, text/plain, */*] and supported [application/json, application/*+json]
2025-07-04 17:01:48 DEBUG o.s.w.s.m.m.a.HttpEntityMethodProcessor - Writing [StandardResponseOutDTO{status='SUCCESS', message='Fetched Users Enrolled', data={groups=1, enrollmen (truncated)...]
2025-07-04 17:01:48 DEBUG o.s.web.servlet.DispatcherServlet - Completed 200 OK
2025-07-04 17:03:18 DEBUG o.s.web.servlet.DispatcherServlet - GET "/api/service-api/users/getDeadlines", parameters={}
2025-07-04 17:03:18 DEBUG o.s.w.s.m.m.a.RequestMappingHandlerMapping - Mapped to com.nt.LMS.controller.UserController#getUserDeadlines()
2025-07-04 17:03:18 DEBUG o.s.w.s.m.m.a.HttpEntityMethodProcessor - Using 'application/json', given [application/json, text/plain, */*] and supported [application/json, application/*+json]
2025-07-04 17:03:18 DEBUG o.s.w.s.m.m.a.HttpEntityMethodProcessor - Writing [StandardResponseOutDTO{status='SUCCESS', message='null', data=[]}]
2025-07-04 17:03:18 DEBUG o.s.web.servlet.DispatcherServlet - Completed 200 OK
2025-07-04 17:03:18 DEBUG o.s.web.servlet.DispatcherServlet - GET "/api/service-api/enrollments/47/statistics", parameters={}
2025-07-04 17:03:18 DEBUG o.s.w.s.m.m.a.RequestMappingHandlerMapping - Mapped to com.nt.LMS.controller.UserCourseEnrollmentController#getUserEnrollments(Long)
2025-07-04 17:03:18 DEBUG o.s.w.s.m.m.a.HttpEntityMethodProcessor - Using 'application/json', given [application/json, text/plain, */*] and supported [application/json, application/*+json]
2025-07-04 17:03:18 DEBUG o.s.w.s.m.m.a.HttpEntityMethodProcessor - Writing [StandardResponseOutDTO{status='SUCCESS', message='Fetched Users Enrolled', data={groups=1, enrollmen (truncated)...]
2025-07-04 17:03:18 DEBUG o.s.web.servlet.DispatcherServlet - Completed 200 OK
2025-07-04 17:03:18 DEBUG o.s.web.servlet.DispatcherServlet - GET "/api/service-api/users/userCourses", parameters={}
2025-07-04 17:03:18 DEBUG o.s.w.s.m.m.a.RequestMappingHandlerMapping - Mapped to com.nt.LMS.controller.UserController#getEnrolledCoursesByUserId()
2025-07-04 17:03:18 DEBUG o.s.w.s.m.m.a.HttpEntityMethodProcessor - Using 'application/json', given [application/json, text/plain, */*] and supported [application/json, application/*+json]
2025-07-04 17:03:18 DEBUG o.s.w.s.m.m.a.HttpEntityMethodProcessor - Writing [StandardResponseOutDTO{status='SUCCESS', message='Fetched enrolled courses successfully', data=[User (truncated)...]
2025-07-04 17:03:18 DEBUG o.s.web.servlet.DispatcherServlet - Completed 200 OK
2025-07-04 17:03:43 DEBUG o.s.web.servlet.DispatcherServlet - GET "/api/service-api/users/getDeadlines", parameters={}
2025-07-04 17:03:43 DEBUG o.s.w.s.m.m.a.RequestMappingHandlerMapping - Mapped to com.nt.LMS.controller.UserController#getUserDeadlines()
2025-07-04 17:03:43 DEBUG o.s.w.s.m.m.a.HttpEntityMethodProcessor - Using 'application/json', given [application/json, text/plain, */*] and supported [application/json, application/*+json]
2025-07-04 17:03:43 DEBUG o.s.w.s.m.m.a.HttpEntityMethodProcessor - Writing [StandardResponseOutDTO{status='SUCCESS', message='null', data=[]}]
2025-07-04 17:03:43 DEBUG o.s.web.servlet.DispatcherServlet - Completed 200 OK
2025-07-04 17:03:43 DEBUG o.s.web.servlet.DispatcherServlet - GET "/api/service-api/enrollments/47/statistics", parameters={}
2025-07-04 17:03:43 DEBUG o.s.w.s.m.m.a.RequestMappingHandlerMapping - Mapped to com.nt.LMS.controller.UserCourseEnrollmentController#getUserEnrollments(Long)
2025-07-04 17:03:43 DEBUG o.s.w.s.m.m.a.HttpEntityMethodProcessor - Using 'application/json', given [application/json, text/plain, */*] and supported [application/json, application/*+json]
2025-07-04 17:03:43 DEBUG o.s.w.s.m.m.a.HttpEntityMethodProcessor - Writing [StandardResponseOutDTO{status='SUCCESS', message='Fetched Users Enrolled', data={groups=1, enrollmen (truncated)...]
2025-07-04 17:03:43 DEBUG o.s.web.servlet.DispatcherServlet - Completed 200 OK
2025-07-04 17:03:43 DEBUG o.s.web.servlet.DispatcherServlet - GET "/api/service-api/users/userCourses", parameters={}
2025-07-04 17:03:43 DEBUG o.s.w.s.m.m.a.RequestMappingHandlerMapping - Mapped to com.nt.LMS.controller.UserController#getEnrolledCoursesByUserId()
2025-07-04 17:03:43 DEBUG o.s.w.s.m.m.a.HttpEntityMethodProcessor - Using 'application/json', given [application/json, text/plain, */*] and supported [application/json, application/*+json]
2025-07-04 17:03:43 DEBUG o.s.w.s.m.m.a.HttpEntityMethodProcessor - Writing [StandardResponseOutDTO{status='SUCCESS', message='Fetched enrolled courses successfully', data=[User (truncated)...]
2025-07-04 17:03:43 DEBUG o.s.web.servlet.DispatcherServlet - Completed 200 OK
2025-07-04 17:05:12 DEBUG o.s.web.servlet.DispatcherServlet - GET "/api/service-api/users/getDeadlines", parameters={}
2025-07-04 17:05:12 DEBUG o.s.w.s.m.m.a.RequestMappingHandlerMapping - Mapped to com.nt.LMS.controller.UserController#getUserDeadlines()
2025-07-04 17:05:12 DEBUG o.s.w.s.m.m.a.HttpEntityMethodProcessor - Using 'application/json', given [application/json, text/plain, */*] and supported [application/json, application/*+json]
2025-07-04 17:05:12 DEBUG o.s.w.s.m.m.a.HttpEntityMethodProcessor - Writing [StandardResponseOutDTO{status='SUCCESS', message='null', data=[]}]
2025-07-04 17:05:12 DEBUG o.s.web.servlet.DispatcherServlet - Completed 200 OK
2025-07-04 17:05:13 DEBUG o.s.web.servlet.DispatcherServlet - GET "/api/service-api/enrollments/47/statistics", parameters={}
2025-07-04 17:05:13 DEBUG o.s.w.s.m.m.a.RequestMappingHandlerMapping - Mapped to com.nt.LMS.controller.UserCourseEnrollmentController#getUserEnrollments(Long)
2025-07-04 17:05:13 DEBUG o.s.w.s.m.m.a.HttpEntityMethodProcessor - Using 'application/json', given [application/json, text/plain, */*] and supported [application/json, application/*+json]
2025-07-04 17:05:13 DEBUG o.s.w.s.m.m.a.HttpEntityMethodProcessor - Writing [StandardResponseOutDTO{status='SUCCESS', message='Fetched Users Enrolled', data={groups=1, enrollmen (truncated)...]
2025-07-04 17:05:13 DEBUG o.s.web.servlet.DispatcherServlet - Completed 200 OK
2025-07-04 17:05:13 DEBUG o.s.web.servlet.DispatcherServlet - GET "/api/service-api/users/userCourses", parameters={}
2025-07-04 17:05:13 DEBUG o.s.w.s.m.m.a.RequestMappingHandlerMapping - Mapped to com.nt.LMS.controller.UserController#getEnrolledCoursesByUserId()
2025-07-04 17:05:13 DEBUG o.s.w.s.m.m.a.HttpEntityMethodProcessor - Using 'application/json', given [application/json, text/plain, */*] and supported [application/json, application/*+json]
2025-07-04 17:05:13 DEBUG o.s.w.s.m.m.a.HttpEntityMethodProcessor - Writing [StandardResponseOutDTO{status='SUCCESS', message='Fetched enrolled courses successfully', data=[User (truncated)...]
2025-07-04 17:05:13 DEBUG o.s.web.servlet.DispatcherServlet - Completed 200 OK
2025-07-04 17:10:55 DEBUG o.s.web.servlet.DispatcherServlet - GET "/api/service-api/enrollments/47/statistics", parameters={}
2025-07-04 17:10:55 DEBUG o.s.w.s.m.m.a.RequestMappingHandlerMapping - Mapped to com.nt.LMS.controller.UserCourseEnrollmentController#getUserEnrollments(Long)
2025-07-04 17:10:55 DEBUG o.s.w.s.m.m.a.HttpEntityMethodProcessor - Using 'application/json', given [application/json, text/plain, */*] and supported [application/json, application/*+json]
2025-07-04 17:10:55 DEBUG o.s.w.s.m.m.a.HttpEntityMethodProcessor - Writing [StandardResponseOutDTO{status='SUCCESS', message='Fetched Users Enrolled', data={groups=1, enrollmen (truncated)...]
2025-07-04 17:10:55 DEBUG o.s.web.servlet.DispatcherServlet - Completed 200 OK
2025-07-04 17:10:55 DEBUG o.s.web.servlet.DispatcherServlet - GET "/api/service-api/users/userCourses", parameters={}
2025-07-04 17:10:55 DEBUG o.s.w.s.m.m.a.RequestMappingHandlerMapping - Mapped to com.nt.LMS.controller.UserController#getEnrolledCoursesByUserId()
2025-07-04 17:10:55 DEBUG o.s.w.s.m.m.a.HttpEntityMethodProcessor - Using 'application/json', given [application/json, text/plain, */*] and supported [application/json, application/*+json]
2025-07-04 17:10:55 DEBUG o.s.w.s.m.m.a.HttpEntityMethodProcessor - Writing [StandardResponseOutDTO{status='SUCCESS', message='Fetched enrolled courses successfully', data=[User (truncated)...]
2025-07-04 17:10:55 DEBUG o.s.web.servlet.DispatcherServlet - Completed 200 OK
2025-07-04 17:17:02 DEBUG o.s.web.servlet.DispatcherServlet - GET "/api/service-api/users/getDeadlines", parameters={}
2025-07-04 17:17:02 DEBUG o.s.w.s.m.m.a.RequestMappingHandlerMapping - Mapped to com.nt.LMS.controller.UserController#getUserDeadlines()
2025-07-04 17:17:02 DEBUG o.s.w.s.m.m.a.HttpEntityMethodProcessor - Using 'application/json', given [application/json, text/plain, */*] and supported [application/json, application/*+json]
2025-07-04 17:17:02 DEBUG o.s.w.s.m.m.a.HttpEntityMethodProcessor - Writing [StandardResponseOutDTO{status='SUCCESS', message='null', data=[]}]
2025-07-04 17:17:02 DEBUG o.s.web.servlet.DispatcherServlet - Completed 200 OK
2025-07-04 17:17:02 DEBUG o.s.web.servlet.DispatcherServlet - GET "/api/service-api/enrollments/47/statistics", parameters={}
2025-07-04 17:17:02 DEBUG o.s.w.s.m.m.a.RequestMappingHandlerMapping - Mapped to com.nt.LMS.controller.UserCourseEnrollmentController#getUserEnrollments(Long)
2025-07-04 17:17:02 DEBUG o.s.w.s.m.m.a.HttpEntityMethodProcessor - Using 'application/json', given [application/json, text/plain, */*] and supported [application/json, application/*+json]
2025-07-04 17:17:02 DEBUG o.s.w.s.m.m.a.HttpEntityMethodProcessor - Writing [StandardResponseOutDTO{status='SUCCESS', message='Fetched Users Enrolled', data={groups=1, enrollmen (truncated)...]
2025-07-04 17:17:02 DEBUG o.s.web.servlet.DispatcherServlet - Completed 200 OK
2025-07-04 17:17:02 DEBUG o.s.web.servlet.DispatcherServlet - GET "/api/service-api/users/userCourses", parameters={}
2025-07-04 17:17:02 DEBUG o.s.w.s.m.m.a.RequestMappingHandlerMapping - Mapped to com.nt.LMS.controller.UserController#getEnrolledCoursesByUserId()
2025-07-04 17:17:02 DEBUG o.s.w.s.m.m.a.HttpEntityMethodProcessor - Using 'application/json', given [application/json, text/plain, */*] and supported [application/json, application/*+json]
2025-07-04 17:17:02 DEBUG o.s.w.s.m.m.a.HttpEntityMethodProcessor - Writing [StandardResponseOutDTO{status='SUCCESS', message='Fetched enrolled courses successfully', data=[User (truncated)...]
2025-07-04 17:17:02 DEBUG o.s.web.servlet.DispatcherServlet - Completed 200 OK
2025-07-04 17:23:51 DEBUG o.s.web.servlet.DispatcherServlet - GET "/api/service-api/enrollments/47/statistics", parameters={}
2025-07-04 17:23:51 DEBUG o.s.w.s.m.m.a.RequestMappingHandlerMapping - Mapped to com.nt.LMS.controller.UserCourseEnrollmentController#getUserEnrollments(Long)
2025-07-04 17:23:51 DEBUG o.s.w.s.m.m.a.HttpEntityMethodProcessor - Using 'application/json', given [application/json, text/plain, */*] and supported [application/json, application/*+json]
2025-07-04 17:23:51 DEBUG o.s.w.s.m.m.a.HttpEntityMethodProcessor - Writing [StandardResponseOutDTO{status='SUCCESS', message='Fetched Users Enrolled', data={groups=1, enrollmen (truncated)...]
2025-07-04 17:23:51 DEBUG o.s.web.servlet.DispatcherServlet - Completed 200 OK
2025-07-04 17:23:51 DEBUG o.s.web.servlet.DispatcherServlet - GET "/api/service-api/users/userCourses", parameters={}
2025-07-04 17:23:51 DEBUG o.s.w.s.m.m.a.RequestMappingHandlerMapping - Mapped to com.nt.LMS.controller.UserController#getEnrolledCoursesByUserId()
2025-07-04 17:23:51 DEBUG o.s.w.s.m.m.a.HttpEntityMethodProcessor - Using 'application/json', given [application/json, text/plain, */*] and supported [application/json, application/*+json]
2025-07-04 17:23:51 DEBUG o.s.w.s.m.m.a.HttpEntityMethodProcessor - Writing [StandardResponseOutDTO{status='SUCCESS', message='Fetched enrolled courses successfully', data=[User (truncated)...]
2025-07-04 17:23:51 DEBUG o.s.web.servlet.DispatcherServlet - Completed 200 OK
2025-07-04 17:24:03 DEBUG o.s.web.servlet.DispatcherServlet - GET "/api/service-api/enrollments/47/statistics", parameters={}
2025-07-04 17:24:03 DEBUG o.s.w.s.m.m.a.RequestMappingHandlerMapping - Mapped to com.nt.LMS.controller.UserCourseEnrollmentController#getUserEnrollments(Long)
2025-07-04 17:24:03 DEBUG o.s.w.s.m.m.a.HttpEntityMethodProcessor - Using 'application/json', given [application/json, text/plain, */*] and supported [application/json, application/*+json]
2025-07-04 17:24:03 DEBUG o.s.w.s.m.m.a.HttpEntityMethodProcessor - Writing [StandardResponseOutDTO{status='SUCCESS', message='Fetched Users Enrolled', data={groups=1, enrollmen (truncated)...]
2025-07-04 17:24:03 DEBUG o.s.web.servlet.DispatcherServlet - Completed 200 OK
2025-07-04 17:24:03 DEBUG o.s.web.servlet.DispatcherServlet - GET "/api/service-api/users/userCourses", parameters={}
2025-07-04 17:24:03 DEBUG o.s.w.s.m.m.a.RequestMappingHandlerMapping - Mapped to com.nt.LMS.controller.UserController#getEnrolledCoursesByUserId()
2025-07-04 17:24:03 DEBUG o.s.w.s.m.m.a.HttpEntityMethodProcessor - Using 'application/json', given [application/json, text/plain, */*] and supported [application/json, application/*+json]
2025-07-04 17:24:03 DEBUG o.s.w.s.m.m.a.HttpEntityMethodProcessor - Writing [StandardResponseOutDTO{status='SUCCESS', message='Fetched enrolled courses successfully', data=[User (truncated)...]
2025-07-04 17:24:03 DEBUG o.s.web.servlet.DispatcherServlet - Completed 200 OK
2025-07-04 17:24:15 DEBUG o.s.web.servlet.DispatcherServlet - GET "/api/service-api/users/getDeadlines", parameters={}
2025-07-04 17:24:15 DEBUG o.s.w.s.m.m.a.RequestMappingHandlerMapping - Mapped to com.nt.LMS.controller.UserController#getUserDeadlines()
2025-07-04 17:24:15 DEBUG o.s.w.s.m.m.a.HttpEntityMethodProcessor - Using 'application/json', given [application/json, text/plain, */*] and supported [application/json, application/*+json]
2025-07-04 17:24:15 DEBUG o.s.w.s.m.m.a.HttpEntityMethodProcessor - Writing [StandardResponseOutDTO{status='SUCCESS', message='null', data=[]}]
2025-07-04 17:24:15 DEBUG o.s.web.servlet.DispatcherServlet - Completed 200 OK
2025-07-04 17:24:15 DEBUG o.s.web.servlet.DispatcherServlet - GET "/api/service-api/enrollments/47/statistics", parameters={}
2025-07-04 17:24:15 DEBUG o.s.w.s.m.m.a.RequestMappingHandlerMapping - Mapped to com.nt.LMS.controller.UserCourseEnrollmentController#getUserEnrollments(Long)
2025-07-04 17:24:15 DEBUG o.s.w.s.m.m.a.HttpEntityMethodProcessor - Using 'application/json', given [application/json, text/plain, */*] and supported [application/json, application/*+json]
2025-07-04 17:24:15 DEBUG o.s.w.s.m.m.a.HttpEntityMethodProcessor - Writing [StandardResponseOutDTO{status='SUCCESS', message='Fetched Users Enrolled', data={groups=1, enrollmen (truncated)...]
2025-07-04 17:24:15 DEBUG o.s.web.servlet.DispatcherServlet - Completed 200 OK
2025-07-04 17:24:15 DEBUG o.s.web.servlet.DispatcherServlet - GET "/api/service-api/users/userCourses", parameters={}
2025-07-04 17:24:15 DEBUG o.s.w.s.m.m.a.RequestMappingHandlerMapping - Mapped to com.nt.LMS.controller.UserController#getEnrolledCoursesByUserId()
2025-07-04 17:24:15 DEBUG o.s.w.s.m.m.a.HttpEntityMethodProcessor - Using 'application/json', given [application/json, text/plain, */*] and supported [application/json, application/*+json]
2025-07-04 17:24:15 DEBUG o.s.w.s.m.m.a.HttpEntityMethodProcessor - Writing [StandardResponseOutDTO{status='SUCCESS', message='Fetched enrolled courses successfully', data=[User (truncated)...]
2025-07-04 17:24:15 DEBUG o.s.web.servlet.DispatcherServlet - Completed 200 OK
2025-07-04 17:26:03 DEBUG o.s.web.servlet.DispatcherServlet - GET "/api/service-api/enrollments/47/statistics", parameters={}
2025-07-04 17:26:03 DEBUG o.s.w.s.m.m.a.RequestMappingHandlerMapping - Mapped to com.nt.LMS.controller.UserCourseEnrollmentController#getUserEnrollments(Long)
2025-07-04 17:26:03 DEBUG o.s.w.s.m.m.a.HttpEntityMethodProcessor - Using 'application/json', given [application/json, text/plain, */*] and supported [application/json, application/*+json]
2025-07-04 17:26:03 DEBUG o.s.w.s.m.m.a.HttpEntityMethodProcessor - Writing [StandardResponseOutDTO{status='SUCCESS', message='Fetched Users Enrolled', data={groups=1, enrollmen (truncated)...]
2025-07-04 17:26:03 DEBUG o.s.web.servlet.DispatcherServlet - Completed 200 OK
2025-07-04 17:26:03 DEBUG o.s.web.servlet.DispatcherServlet - GET "/api/service-api/enrollments/47/statistics", parameters={}
2025-07-04 17:26:03 DEBUG o.s.w.s.m.m.a.RequestMappingHandlerMapping - Mapped to com.nt.LMS.controller.UserCourseEnrollmentController#getUserEnrollments(Long)
2025-07-04 17:26:03 DEBUG o.s.w.s.m.m.a.HttpEntityMethodProcessor - Using 'application/json', given [application/json, text/plain, */*] and supported [application/json, application/*+json]
2025-07-04 17:26:03 DEBUG o.s.w.s.m.m.a.HttpEntityMethodProcessor - Writing [StandardResponseOutDTO{status='SUCCESS', message='Fetched Users Enrolled', data={groups=1, enrollmen (truncated)...]
2025-07-04 17:26:03 DEBUG o.s.web.servlet.DispatcherServlet - Completed 200 OK
2025-07-04 17:26:04 DEBUG o.s.web.servlet.DispatcherServlet - GET "/api/service-api/enrollmet/userCourses/47", parameters={}
2025-07-04 17:26:04 DEBUG o.s.w.s.h.SimpleUrlHandlerMapping - Mapped to ResourceHttpRequestHandler [classpath [META-INF/resources/], classpath [resources/], classpath [static/], classpath [public/], ServletContext [/]]
2025-07-04 17:26:04 DEBUG o.s.w.s.r.ResourceHttpRequestHandler - Resource not found
2025-07-04 17:26:04 DEBUG o.s.w.s.m.s.DefaultHandlerExceptionResolver - Resolved [org.springframework.web.servlet.resource.NoResourceFoundException: No static resource api/service-api/enrollmet/userCourses/47.]
2025-07-04 17:26:04 DEBUG o.s.web.servlet.DispatcherServlet - Completed 404 NOT_FOUND
2025-07-04 17:27:00 DEBUG o.s.web.servlet.DispatcherServlet - GET "/api/service-api/users/getDeadlines", parameters={}
2025-07-04 17:27:00 DEBUG o.s.w.s.m.m.a.RequestMappingHandlerMapping - Mapped to com.nt.LMS.controller.UserController#getUserDeadlines()
2025-07-04 17:27:00 DEBUG o.s.w.s.m.m.a.HttpEntityMethodProcessor - Using 'application/json', given [application/json, text/plain, */*] and supported [application/json, application/*+json]
2025-07-04 17:27:00 DEBUG o.s.w.s.m.m.a.HttpEntityMethodProcessor - Writing [StandardResponseOutDTO{status='SUCCESS', message='null', data=[]}]
2025-07-04 17:27:00 DEBUG o.s.web.servlet.DispatcherServlet - Completed 200 OK
2025-07-04 17:27:00 DEBUG o.s.web.servlet.DispatcherServlet - GET "/api/service-api/enrollments/47/statistics", parameters={}
2025-07-04 17:27:00 DEBUG o.s.w.s.m.m.a.RequestMappingHandlerMapping - Mapped to com.nt.LMS.controller.UserCourseEnrollmentController#getUserEnrollments(Long)
2025-07-04 17:27:00 DEBUG o.s.w.s.m.m.a.HttpEntityMethodProcessor - Using 'application/json', given [application/json, text/plain, */*] and supported [application/json, application/*+json]
2025-07-04 17:27:00 DEBUG o.s.w.s.m.m.a.HttpEntityMethodProcessor - Writing [StandardResponseOutDTO{status='SUCCESS', message='Fetched Users Enrolled', data={groups=1, enrollmen (truncated)...]
2025-07-04 17:27:00 DEBUG o.s.web.servlet.DispatcherServlet - Completed 200 OK
2025-07-04 17:27:07 DEBUG o.s.web.servlet.DispatcherServlet - GET "/api/service-api/users/getDeadlines", parameters={}
2025-07-04 17:27:07 DEBUG o.s.w.s.m.m.a.RequestMappingHandlerMapping - Mapped to com.nt.LMS.controller.UserController#getUserDeadlines()
2025-07-04 17:27:07 DEBUG o.s.w.s.m.m.a.HttpEntityMethodProcessor - Using 'application/json', given [application/json, text/plain, */*] and supported [application/json, application/*+json]
2025-07-04 17:27:07 DEBUG o.s.w.s.m.m.a.HttpEntityMethodProcessor - Writing [StandardResponseOutDTO{status='SUCCESS', message='null', data=[]}]
2025-07-04 17:27:07 DEBUG o.s.web.servlet.DispatcherServlet - Completed 200 OK
2025-07-04 17:27:07 DEBUG o.s.web.servlet.DispatcherServlet - GET "/api/service-api/enrollments/47/statistics", parameters={}
2025-07-04 17:27:07 DEBUG o.s.w.s.m.m.a.RequestMappingHandlerMapping - Mapped to com.nt.LMS.controller.UserCourseEnrollmentController#getUserEnrollments(Long)
2025-07-04 17:27:07 DEBUG o.s.w.s.m.m.a.HttpEntityMethodProcessor - Using 'application/json', given [application/json, text/plain, */*] and supported [application/json, application/*+json]
2025-07-04 17:27:07 DEBUG o.s.w.s.m.m.a.HttpEntityMethodProcessor - Writing [StandardResponseOutDTO{status='SUCCESS', message='Fetched Users Enrolled', data={groups=1, enrollmen (truncated)...]
2025-07-04 17:27:07 DEBUG o.s.web.servlet.DispatcherServlet - Completed 200 OK
2025-07-04 17:27:27 DEBUG o.s.web.servlet.DispatcherServlet - GET "/api/service-api/admin/count", parameters={}
2025-07-04 17:27:27 DEBUG o.s.w.s.m.m.a.RequestMappingHandlerMapping - Mapped to com.nt.LMS.controller.AdminController#getTotalUserCount()
2025-07-04 17:27:27 INFO  c.nt.LMS.controller.AdminController - Fetching total user count
2025-07-04 17:27:27 DEBUG o.s.web.servlet.DispatcherServlet - GET "/api/service-api/group/count", parameters={}
2025-07-04 17:27:27 DEBUG o.s.w.s.m.m.a.RequestMappingHandlerMapping - Mapped to com.nt.LMS.controller.GroupController#getGroupCount()
2025-07-04 17:27:27 DEBUG o.s.web.servlet.DispatcherServlet - GET "/api/service-api/enrollment/statistics", parameters={}
2025-07-04 17:27:27 DEBUG o.s.w.s.m.m.a.RequestMappingHandlerMapping - Mapped to com.nt.LMS.controller.EnrollmentController#getEnrollmentStatistics()
2025-07-04 17:27:27 INFO  c.nt.LMS.controller.GroupController - Received request to get total Group count.
2025-07-04 17:27:27 DEBUG o.s.web.servlet.DispatcherServlet - GET "/api/service-api/admin/users/recent", parameters={}
2025-07-04 17:27:27 DEBUG o.s.w.s.m.m.a.RequestMappingHandlerMapping - Mapped to com.nt.LMS.controller.AdminController#getRecentUsers()
2025-07-04 17:27:27 DEBUG o.s.w.s.m.m.a.HttpEntityMethodProcessor - Using 'application/json', given [application/json, text/plain, */*] and supported [application/json, application/*+json]
2025-07-04 17:27:27 DEBUG o.s.w.s.m.m.a.HttpEntityMethodProcessor - Writing [StandardResponseOutDTO{status='SUCCESS', message='Fetched Recent Users', data=[UsersDetailsViewDTO(f (truncated)...]
2025-07-04 17:27:27 INFO  c.nt.LMS.controller.GroupController - Total Group count retrieved: 2
2025-07-04 17:27:27 INFO  c.nt.LMS.controller.AdminController - Total user count retrieved: 11
2025-07-04 17:27:27 DEBUG o.s.w.s.m.m.a.HttpEntityMethodProcessor - Using 'application/json', given [application/json, text/plain, */*] and supported [application/json, application/*+json]
2025-07-04 17:27:27 DEBUG o.s.w.s.m.m.a.HttpEntityMethodProcessor - Writing [StandardResponseOutDTO{status='SUCCESS', message='Fetched User Count', data=11}]
2025-07-04 17:27:27 DEBUG o.s.w.s.m.m.a.HttpEntityMethodProcessor - Using 'application/json', given [application/json, text/plain, */*] and supported [application/json, application/*+json]
2025-07-04 17:27:27 DEBUG o.s.w.s.m.m.a.HttpEntityMethodProcessor - Writing [MessageOutDto(message=2)]
2025-07-04 17:27:28 DEBUG o.s.web.servlet.DispatcherServlet - Completed 200 OK
2025-07-04 17:27:28 DEBUG o.s.web.servlet.DispatcherServlet - Completed 200 OK
2025-07-04 17:27:28 DEBUG o.s.web.servlet.DispatcherServlet - Completed 200 OK
2025-07-04 17:27:28 DEBUG o.s.w.s.m.m.a.HttpEntityMethodProcessor - Using 'application/json', given [application/json, text/plain, */*] and supported [application/json, application/*+json]
2025-07-04 17:27:28 DEBUG o.s.w.s.m.m.a.HttpEntityMethodProcessor - Writing [StandardResponseOutDTO{status='SUCCESS', message='Fetched Enrollment Statistics', data=EnrollmentDas (truncated)...]
2025-07-04 17:27:28 DEBUG o.s.web.servlet.DispatcherServlet - Completed 200 OK
2025-07-04 17:27:29 DEBUG o.s.web.servlet.DispatcherServlet - GET "/api/service-api/admin/active-employees", parameters={}
2025-07-04 17:27:29 DEBUG o.s.w.s.m.m.a.RequestMappingHandlerMapping - Mapped to com.nt.LMS.controller.AdminController#getAllEmployees()
2025-07-04 17:27:29 INFO  c.nt.LMS.controller.AdminController - Fetching all employees
2025-07-04 17:27:29 INFO  c.n.L.s.serviceImpl.AdminServiceImpl - Fetching all users
2025-07-04 17:27:29 INFO  c.n.L.s.serviceImpl.AdminServiceImpl - Successfully fetched 11 users
2025-07-04 17:27:29 INFO  c.nt.LMS.controller.AdminController - Fetched 11 employees
2025-07-04 17:27:29 DEBUG o.s.w.s.m.m.a.HttpEntityMethodProcessor - Using 'application/json', given [application/json, text/plain, */*] and supported [application/json, application/*+json]
2025-07-04 17:27:29 DEBUG o.s.w.s.m.m.a.HttpEntityMethodProcessor - Writing [StandardResponseOutDTO{status='SUCCESS', message='User fetched Successfully', data=[UserOutDTO(userI (truncated)...]
2025-07-04 17:27:29 DEBUG o.s.web.servlet.DispatcherServlet - Completed 200 OK
2025-07-04 17:27:29 DEBUG o.s.web.servlet.DispatcherServlet - GET "/api/service-api/admin/inactive-employees", parameters={}
2025-07-04 17:27:29 DEBUG o.s.w.s.m.m.a.RequestMappingHandlerMapping - Mapped to com.nt.LMS.controller.AdminController#getAllInactiveEmployees()
2025-07-04 17:27:29 INFO  c.nt.LMS.controller.AdminController - Fetching all inactive employees
2025-07-04 17:27:29 INFO  c.n.L.s.serviceImpl.AdminServiceImpl - Fetching all  inactive users
2025-07-04 17:27:29 INFO  c.n.L.s.serviceImpl.AdminServiceImpl - Successfully fetched 6 inactive users
2025-07-04 17:27:29 INFO  c.nt.LMS.controller.AdminController - Fetched 6 inactive employees
2025-07-04 17:27:29 DEBUG o.s.w.s.m.m.a.HttpEntityMethodProcessor - Using 'application/json', given [application/json, text/plain, */*] and supported [application/json, application/*+json]
2025-07-04 17:27:29 DEBUG o.s.w.s.m.m.a.HttpEntityMethodProcessor - Writing [StandardResponseOutDTO{status='SUCCESS', message='User fetched Successfully', data=[UserOutDTO(userI (truncated)...]
2025-07-04 17:27:29 DEBUG o.s.web.servlet.DispatcherServlet - Completed 200 OK
2025-07-04 17:27:34 DEBUG o.s.web.servlet.DispatcherServlet - GET "/api/service-api/enrollments/47/statistics", parameters={}
2025-07-04 17:27:34 DEBUG o.s.w.s.m.m.a.RequestMappingHandlerMapping - Mapped to com.nt.LMS.controller.UserCourseEnrollmentController#getUserEnrollments(Long)
2025-07-04 17:27:34 DEBUG o.s.w.s.m.m.a.HttpEntityMethodProcessor - Using 'application/json', given [application/json, text/plain, */*] and supported [application/json, application/*+json]
2025-07-04 17:27:34 DEBUG o.s.w.s.m.m.a.HttpEntityMethodProcessor - Writing [StandardResponseOutDTO{status='SUCCESS', message='Fetched Users Enrolled', data={groups=1, enrollmen (truncated)...]
2025-07-04 17:27:34 DEBUG o.s.web.servlet.DispatcherServlet - Completed 200 OK
2025-07-04 17:27:34 DEBUG o.s.web.servlet.DispatcherServlet - GET "/api/service-api/enrollment/userCourses/47", parameters={}
2025-07-04 17:27:34 DEBUG o.s.w.s.m.m.a.RequestMappingHandlerMapping - Mapped to com.nt.LMS.controller.EnrollmentController#getEnrolledCoursesByUserId(Long)
2025-07-04 17:27:34 DEBUG o.s.w.s.m.m.a.HttpEntityMethodProcessor - Using 'application/json', given [application/json, text/plain, */*] and supported [application/json, application/*+json]
2025-07-04 17:27:34 DEBUG o.s.w.s.m.m.a.HttpEntityMethodProcessor - Writing [StandardResponseOutDTO{status='SUCCESS', message='Fetched enrolled courses successfully', data=[User (truncated)...]
2025-07-04 17:27:34 DEBUG o.s.web.servlet.DispatcherServlet - Completed 200 OK
2025-07-04 17:27:34 DEBUG o.s.web.servlet.DispatcherServlet - GET "/api/service-api/users/1", parameters={}
2025-07-04 17:27:34 DEBUG o.s.w.s.m.m.a.RequestMappingHandlerMapping - Mapped to com.nt.LMS.controller.UserController#getUserNameById(long)
2025-07-04 17:27:34 DEBUG o.s.w.s.m.m.a.HttpEntityMethodProcessor - Using 'application/json', given [application/json, text/plain, */*] and supported [application/json, application/*+json]
2025-07-04 17:27:34 DEBUG o.s.w.s.m.m.a.HttpEntityMethodProcessor - Writing [StandardResponseOutDTO{status='SUCCESS', message='Fetched user info', data=UserOutDTO(userId=1, user (truncated)...]
2025-07-04 17:27:34 DEBUG o.s.web.servlet.DispatcherServlet - Completed 200 OK
2025-07-04 17:27:34 DEBUG o.s.web.servlet.DispatcherServlet - GET "/api/service-api/users/1", parameters={}
2025-07-04 17:27:34 DEBUG o.s.w.s.m.m.a.RequestMappingHandlerMapping - Mapped to com.nt.LMS.controller.UserController#getUserNameById(long)
2025-07-04 17:27:34 DEBUG o.s.w.s.m.m.a.HttpEntityMethodProcessor - Using 'application/json', given [application/json, text/plain, */*] and supported [application/json, application/*+json]
2025-07-04 17:27:34 DEBUG o.s.w.s.m.m.a.HttpEntityMethodProcessor - Writing [StandardResponseOutDTO{status='SUCCESS', message='Fetched user info', data=UserOutDTO(userId=1, user (truncated)...]
2025-07-04 17:27:34 DEBUG o.s.web.servlet.DispatcherServlet - Completed 200 OK
2025-07-04 17:28:07 DEBUG o.s.web.servlet.DispatcherServlet - GET "/api/service-api/admin/active-employees", parameters={}
2025-07-04 17:28:07 DEBUG o.s.w.s.m.m.a.RequestMappingHandlerMapping - Mapped to com.nt.LMS.controller.AdminController#getAllEmployees()
2025-07-04 17:28:07 INFO  c.nt.LMS.controller.AdminController - Fetching all employees
2025-07-04 17:28:07 INFO  c.n.L.s.serviceImpl.AdminServiceImpl - Fetching all users
2025-07-04 17:28:07 INFO  c.n.L.s.serviceImpl.AdminServiceImpl - Successfully fetched 11 users
2025-07-04 17:28:07 INFO  c.nt.LMS.controller.AdminController - Fetched 11 employees
2025-07-04 17:28:07 DEBUG o.s.w.s.m.m.a.HttpEntityMethodProcessor - Using 'application/json', given [application/json, text/plain, */*] and supported [application/json, application/*+json]
2025-07-04 17:28:07 DEBUG o.s.w.s.m.m.a.HttpEntityMethodProcessor - Writing [StandardResponseOutDTO{status='SUCCESS', message='User fetched Successfully', data=[UserOutDTO(userI (truncated)...]
2025-07-04 17:28:07 DEBUG o.s.web.servlet.DispatcherServlet - Completed 200 OK
2025-07-04 17:28:08 DEBUG o.s.web.servlet.DispatcherServlet - GET "/api/service-api/admin/inactive-employees", parameters={}
2025-07-04 17:28:08 DEBUG o.s.w.s.m.m.a.RequestMappingHandlerMapping - Mapped to com.nt.LMS.controller.AdminController#getAllInactiveEmployees()
2025-07-04 17:28:08 INFO  c.nt.LMS.controller.AdminController - Fetching all inactive employees
2025-07-04 17:28:08 INFO  c.n.L.s.serviceImpl.AdminServiceImpl - Fetching all  inactive users
2025-07-04 17:28:08 INFO  c.n.L.s.serviceImpl.AdminServiceImpl - Successfully fetched 6 inactive users
2025-07-04 17:28:08 INFO  c.nt.LMS.controller.AdminController - Fetched 6 inactive employees
2025-07-04 17:28:08 DEBUG o.s.w.s.m.m.a.HttpEntityMethodProcessor - Using 'application/json', given [application/json, text/plain, */*] and supported [application/json, application/*+json]
2025-07-04 17:28:08 DEBUG o.s.w.s.m.m.a.HttpEntityMethodProcessor - Writing [StandardResponseOutDTO{status='SUCCESS', message='User fetched Successfully', data=[UserOutDTO(userI (truncated)...]
2025-07-04 17:28:08 DEBUG o.s.web.servlet.DispatcherServlet - Completed 200 OK
2025-07-04 17:28:19 DEBUG o.s.web.servlet.DispatcherServlet - GET "/api/service-api/users/getDeadlines", parameters={}
2025-07-04 17:28:19 DEBUG o.s.w.s.m.m.a.RequestMappingHandlerMapping - Mapped to com.nt.LMS.controller.UserController#getUserDeadlines()
2025-07-04 17:28:19 DEBUG o.s.w.s.m.m.a.HttpEntityMethodProcessor - Using 'application/json', given [application/json, text/plain, */*] and supported [application/json, application/*+json]
2025-07-04 17:28:19 DEBUG o.s.w.s.m.m.a.HttpEntityMethodProcessor - Writing [StandardResponseOutDTO{status='SUCCESS', message='null', data=[]}]
2025-07-04 17:28:19 DEBUG o.s.web.servlet.DispatcherServlet - Completed 200 OK
2025-07-04 17:28:19 DEBUG o.s.web.servlet.DispatcherServlet - GET "/api/service-api/enrollments/47/statistics", parameters={}
2025-07-04 17:28:19 DEBUG o.s.w.s.m.m.a.RequestMappingHandlerMapping - Mapped to com.nt.LMS.controller.UserCourseEnrollmentController#getUserEnrollments(Long)
2025-07-04 17:28:19 DEBUG o.s.w.s.m.m.a.HttpEntityMethodProcessor - Using 'application/json', given [application/json, text/plain, */*] and supported [application/json, application/*+json]
2025-07-04 17:28:19 DEBUG o.s.w.s.m.m.a.HttpEntityMethodProcessor - Writing [StandardResponseOutDTO{status='SUCCESS', message='Fetched Users Enrolled', data={groups=1, enrollmen (truncated)...]
2025-07-04 17:28:19 DEBUG o.s.web.servlet.DispatcherServlet - Completed 200 OK
2025-07-04 17:32:09 INFO  o.h.validator.internal.util.Version - HV000001: Hibernate Validator 8.0.2.Final
2025-07-04 17:32:09 INFO  com.nt.LMS.LmsApplication - Starting LmsApplication using Java 17.0.12 with PID 29616 (C:\Users\DELL\Desktop\LMS-NT\LMS\build\classes\java\main started by DELL in C:\Users\DELL\Desktop\LMS-NT)
2025-07-04 17:32:09 INFO  com.nt.LMS.LmsApplication - No active profile set, falling back to 1 default profile: "default"
2025-07-04 17:32:11 INFO  o.s.d.r.c.RepositoryConfigurationDelegate - Bootstrapping Spring Data JPA repositories in DEFAULT mode.
2025-07-04 17:32:11 INFO  o.s.d.r.c.RepositoryConfigurationDelegate - Finished Spring Data repository scanning in 171 ms. Found 10 JPA repository interfaces.
2025-07-04 17:32:12 INFO  o.s.cloud.context.scope.GenericScope - BeanFactory id=ba30d0a8-4893-3dfd-8a99-8de263d9bdbc
2025-07-04 17:32:13 INFO  o.s.b.w.e.tomcat.TomcatWebServer - Tomcat initialized with port 8081 (http)
2025-07-04 17:32:13 INFO  o.a.coyote.http11.Http11NioProtocol - Initializing ProtocolHandler ["http-nio-8081"]
2025-07-04 17:32:13 INFO  o.a.catalina.core.StandardService - Starting service [Tomcat]
2025-07-04 17:32:13 INFO  o.a.catalina.core.StandardEngine - Starting Servlet engine: [Apache Tomcat/10.1.39]
2025-07-04 17:32:13 INFO  o.a.c.c.C.[Tomcat].[localhost].[/] - Initializing Spring embedded WebApplicationContext
2025-07-04 17:32:13 INFO  o.s.b.w.s.c.ServletWebServerApplicationContext - Root WebApplicationContext: initialization completed in 4084 ms
2025-07-04 17:32:14 INFO  o.h.jpa.internal.util.LogHelper - HHH000204: Processing PersistenceUnitInfo [name: default]
2025-07-04 17:32:14 INFO  org.hibernate.Version - HHH000412: Hibernate ORM core version 6.6.11.Final
2025-07-04 17:32:14 INFO  o.h.c.i.RegionFactoryInitiator - HHH000026: Second-level cache disabled
2025-07-04 17:32:14 INFO  o.s.o.j.p.SpringPersistenceUnitInfo - No LoadTimeWeaver setup: ignoring JPA class transformer
2025-07-04 17:32:14 INFO  com.zaxxer.hikari.HikariDataSource - HikariPool-1 - Starting...
2025-07-04 17:32:15 INFO  com.zaxxer.hikari.pool.HikariPool - HikariPool-1 - Added connection org.postgresql.jdbc.PgConnection@11cc9e1e
2025-07-04 17:32:15 INFO  com.zaxxer.hikari.HikariDataSource - HikariPool-1 - Start completed.
2025-07-04 17:32:15 WARN  org.hibernate.orm.deprecation - HHH90000025: PostgreSQLDialect does not need to be specified explicitly using 'hibernate.dialect' (remove the property setting and it will be selected by default)
2025-07-04 17:32:15 INFO  o.hibernate.orm.connections.pooling - HHH10001005: Database info:
	Database JDBC URL [Connecting through datasource 'HikariDataSource (HikariPool-1)']
	Database driver: undefined/unknown
	Database version: 16.3
	Autocommit mode: undefined/unknown
	Isolation level: undefined/unknown
	Minimum pool size: undefined/unknown
	Maximum pool size: undefined/unknown
2025-07-04 17:32:17 INFO  o.h.e.t.j.p.i.JtaPlatformInitiator - HHH000489: No JTA platform available (set 'hibernate.transaction.jta.platform' to enable JTA platform integration)
2025-07-04 17:32:17 INFO  o.s.o.j.LocalContainerEntityManagerFactoryBean - Initialized JPA EntityManagerFactory for persistence unit 'default'
2025-07-04 17:32:17 INFO  o.s.d.j.r.query.QueryEnhancerFactory - Hibernate is in classpath; If applicable, HQL parser will be used.
2025-07-04 17:32:19 WARN  o.s.b.a.o.j.JpaBaseConfiguration$JpaWebConfiguration - spring.jpa.open-in-view is enabled by default. Therefore, database queries may be performed during view rendering. Explicitly configure spring.jpa.open-in-view to disable this warning
2025-07-04 17:32:19 INFO  o.s.s.c.a.a.c.InitializeUserDetailsBeanManagerConfigurer$InitializeUserDetailsManagerConfigurer - Global AuthenticationManager configured with UserDetailsService bean with name userServiceImpl
2025-07-04 17:32:20 DEBUG o.s.w.s.m.m.a.RequestMappingHandlerMapping - 44 mappings in 'requestMappingHandlerMapping'
2025-07-04 17:32:20 DEBUG o.s.w.s.h.SimpleUrlHandlerMapping - Patterns [/webjars/**, /**] in 'resourceHandlerMapping'
2025-07-04 17:32:20 DEBUG o.s.w.s.m.m.a.RequestMappingHandlerAdapter - ControllerAdvice beans: 0 @ModelAttribute, 0 @InitBinder, 1 RequestBodyAdvice, 1 ResponseBodyAdvice
2025-07-04 17:32:20 DEBUG o.s.w.s.m.m.a.ExceptionHandlerExceptionResolver - ControllerAdvice beans: 1 @ExceptionHandler, 1 ResponseBodyAdvice
2025-07-04 17:32:21 INFO  o.a.coyote.http11.Http11NioProtocol - Starting ProtocolHandler ["http-nio-8081"]
2025-07-04 17:32:21 INFO  o.s.b.w.e.tomcat.TomcatWebServer - Tomcat started on port 8081 (http) with context path '/'
2025-07-04 17:32:21 INFO  com.nt.LMS.LmsApplication - Started LmsApplication in 12.782 seconds (process running for 14.424)
2025-07-04 17:32:27 INFO  o.h.validator.internal.util.Version - HV000001: Hibernate Validator 8.0.2.Final
2025-07-04 17:32:28 INFO  com.nt.LMS.LmsApplication - Starting LmsApplication using Java 17.0.12 with PID 24540 (C:\Users\DELL\Desktop\LMS-NT\LMS\build\classes\java\main started by DELL in C:\Users\DELL\Desktop\LMS-NT)
2025-07-04 17:32:28 INFO  com.nt.LMS.LmsApplication - No active profile set, falling back to 1 default profile: "default"
2025-07-04 17:32:29 INFO  o.s.d.r.c.RepositoryConfigurationDelegate - Bootstrapping Spring Data JPA repositories in DEFAULT mode.
2025-07-04 17:32:30 INFO  o.s.d.r.c.RepositoryConfigurationDelegate - Finished Spring Data repository scanning in 149 ms. Found 10 JPA repository interfaces.
2025-07-04 17:32:30 INFO  o.s.cloud.context.scope.GenericScope - BeanFactory id=ba30d0a8-4893-3dfd-8a99-8de263d9bdbc
2025-07-04 17:32:31 INFO  o.s.b.w.e.tomcat.TomcatWebServer - Tomcat initialized with port 8081 (http)
2025-07-04 17:32:31 INFO  o.a.coyote.http11.Http11NioProtocol - Initializing ProtocolHandler ["http-nio-8081"]
2025-07-04 17:32:31 INFO  o.a.catalina.core.StandardService - Starting service [Tomcat]
2025-07-04 17:32:31 INFO  o.a.catalina.core.StandardEngine - Starting Servlet engine: [Apache Tomcat/10.1.39]
2025-07-04 17:32:31 INFO  o.a.c.c.C.[Tomcat].[localhost].[/] - Initializing Spring embedded WebApplicationContext
2025-07-04 17:32:31 INFO  o.s.b.w.s.c.ServletWebServerApplicationContext - Root WebApplicationContext: initialization completed in 3072 ms
2025-07-04 17:32:31 INFO  o.h.jpa.internal.util.LogHelper - HHH000204: Processing PersistenceUnitInfo [name: default]
2025-07-04 17:32:31 INFO  org.hibernate.Version - HHH000412: Hibernate ORM core version 6.6.11.Final
2025-07-04 17:32:31 INFO  o.h.c.i.RegionFactoryInitiator - HHH000026: Second-level cache disabled
2025-07-04 17:32:32 INFO  o.s.o.j.p.SpringPersistenceUnitInfo - No LoadTimeWeaver setup: ignoring JPA class transformer
2025-07-04 17:32:32 INFO  com.zaxxer.hikari.HikariDataSource - HikariPool-1 - Starting...
2025-07-04 17:32:32 INFO  com.zaxxer.hikari.pool.HikariPool - HikariPool-1 - Added connection org.postgresql.jdbc.PgConnection@75805562
2025-07-04 17:32:32 INFO  com.zaxxer.hikari.HikariDataSource - HikariPool-1 - Start completed.
2025-07-04 17:32:32 WARN  org.hibernate.orm.deprecation - HHH90000025: PostgreSQLDialect does not need to be specified explicitly using 'hibernate.dialect' (remove the property setting and it will be selected by default)
2025-07-04 17:32:32 INFO  o.hibernate.orm.connections.pooling - HHH10001005: Database info:
	Database JDBC URL [Connecting through datasource 'HikariDataSource (HikariPool-1)']
	Database driver: undefined/unknown
	Database version: 16.3
	Autocommit mode: undefined/unknown
	Isolation level: undefined/unknown
	Minimum pool size: undefined/unknown
	Maximum pool size: undefined/unknown
2025-07-04 17:32:34 INFO  o.h.e.t.j.p.i.JtaPlatformInitiator - HHH000489: No JTA platform available (set 'hibernate.transaction.jta.platform' to enable JTA platform integration)
2025-07-04 17:32:34 INFO  o.s.o.j.LocalContainerEntityManagerFactoryBean - Initialized JPA EntityManagerFactory for persistence unit 'default'
2025-07-04 17:32:35 INFO  o.s.d.j.r.query.QueryEnhancerFactory - Hibernate is in classpath; If applicable, HQL parser will be used.
2025-07-04 17:32:36 WARN  o.s.b.a.o.j.JpaBaseConfiguration$JpaWebConfiguration - spring.jpa.open-in-view is enabled by default. Therefore, database queries may be performed during view rendering. Explicitly configure spring.jpa.open-in-view to disable this warning
2025-07-04 17:32:36 INFO  o.s.s.c.a.a.c.InitializeUserDetailsBeanManagerConfigurer$InitializeUserDetailsManagerConfigurer - Global AuthenticationManager configured with UserDetailsService bean with name userServiceImpl
2025-07-04 17:32:36 DEBUG o.s.w.s.m.m.a.RequestMappingHandlerMapping - 44 mappings in 'requestMappingHandlerMapping'
2025-07-04 17:32:37 DEBUG o.s.w.s.h.SimpleUrlHandlerMapping - Patterns [/webjars/**, /**] in 'resourceHandlerMapping'
2025-07-04 17:32:37 DEBUG o.s.w.s.m.m.a.RequestMappingHandlerAdapter - ControllerAdvice beans: 0 @ModelAttribute, 0 @InitBinder, 1 RequestBodyAdvice, 1 ResponseBodyAdvice
2025-07-04 17:32:37 DEBUG o.s.w.s.m.m.a.ExceptionHandlerExceptionResolver - ControllerAdvice beans: 1 @ExceptionHandler, 1 ResponseBodyAdvice
2025-07-04 17:32:37 INFO  o.a.coyote.http11.Http11NioProtocol - Starting ProtocolHandler ["http-nio-8081"]
2025-07-04 17:32:37 INFO  o.s.b.w.e.tomcat.TomcatWebServer - Tomcat started on port 8081 (http) with context path '/'
2025-07-04 17:32:38 INFO  com.nt.LMS.LmsApplication - Started LmsApplication in 10.762 seconds (process running for 11.792)
2025-07-04 17:32:46 INFO  o.a.c.c.C.[Tomcat].[localhost].[/] - Initializing Spring DispatcherServlet 'dispatcherServlet'
2025-07-04 17:32:46 INFO  o.s.web.servlet.DispatcherServlet - Initializing Servlet 'dispatcherServlet'
2025-07-04 17:32:46 DEBUG o.s.web.servlet.DispatcherServlet - Detected StandardServletMultipartResolver
2025-07-04 17:32:46 DEBUG o.s.web.servlet.DispatcherServlet - Detected AcceptHeaderLocaleResolver
2025-07-04 17:32:46 DEBUG o.s.web.servlet.DispatcherServlet - Detected FixedThemeResolver
2025-07-04 17:32:46 DEBUG o.s.web.servlet.DispatcherServlet - Detected org.springframework.web.servlet.view.DefaultRequestToViewNameTranslator@4e2860d3
2025-07-04 17:32:46 DEBUG o.s.web.servlet.DispatcherServlet - Detected org.springframework.web.servlet.support.SessionFlashMapManager@7c0b0090
2025-07-04 17:32:46 DEBUG o.s.web.servlet.DispatcherServlet - enableLoggingRequestDetails='false': request parameters and headers will be masked to prevent unsafe logging of potentially sensitive data
2025-07-04 17:32:46 INFO  o.s.web.servlet.DispatcherServlet - Completed initialization in 4 ms
2025-07-04 17:32:46 DEBUG o.s.web.servlet.DispatcherServlet - GET "/api/service-api/enrollment/userCourses/47", parameters={}
2025-07-04 17:32:46 DEBUG o.s.w.s.m.m.a.RequestMappingHandlerMapping - Mapped to com.nt.LMS.controller.EnrollmentController#getEnrolledCoursesByUserId(Long)
2025-07-04 17:32:46 DEBUG o.s.w.s.m.m.a.HttpEntityMethodProcessor - Using 'application/json', given [*/*] and supported [application/json, application/*+json]
2025-07-04 17:32:46 DEBUG o.s.w.s.m.m.a.HttpEntityMethodProcessor - Writing [StandardResponseOutDTO{status='SUCCESS', message='Fetched enrolled courses successfully', data=[User (truncated)...]
2025-07-04 17:32:46 DEBUG o.s.web.servlet.DispatcherServlet - Completed 200 OK
2025-07-04 17:32:56 DEBUG o.s.web.servlet.DispatcherServlet - GET "/api/service-api/enrollment/userCourses/47", parameters={}
2025-07-04 17:32:56 DEBUG o.s.w.s.m.m.a.RequestMappingHandlerMapping - Mapped to com.nt.LMS.controller.EnrollmentController#getEnrolledCoursesByUserId(Long)
2025-07-04 17:32:56 DEBUG o.s.w.s.m.m.a.HttpEntityMethodProcessor - Using 'application/json', given [application/json, text/plain, */*] and supported [application/json, application/*+json]
2025-07-04 17:32:56 DEBUG o.s.w.s.m.m.a.HttpEntityMethodProcessor - Writing [StandardResponseOutDTO{status='SUCCESS', message='Fetched enrolled courses successfully', data=[User (truncated)...]
2025-07-04 17:32:56 DEBUG o.s.web.servlet.DispatcherServlet - Completed 200 OK
2025-07-04 17:32:57 DEBUG o.s.web.servlet.DispatcherServlet - GET "/api/service-api/users/1", parameters={}
2025-07-04 17:32:57 DEBUG o.s.w.s.m.m.a.RequestMappingHandlerMapping - Mapped to com.nt.LMS.controller.UserController#getUserNameById(long)
2025-07-04 17:32:57 DEBUG o.s.w.s.m.m.a.HttpEntityMethodProcessor - Using 'application/json', given [application/json, text/plain, */*] and supported [application/json, application/*+json]
2025-07-04 17:32:57 DEBUG o.s.w.s.m.m.a.HttpEntityMethodProcessor - Writing [StandardResponseOutDTO{status='SUCCESS', message='Fetched user info', data=UserOutDTO(userId=1, user (truncated)...]
2025-07-04 17:32:57 DEBUG o.s.web.servlet.DispatcherServlet - Completed 200 OK
2025-07-04 17:32:57 DEBUG o.s.web.servlet.DispatcherServlet - GET "/api/service-api/users/1", parameters={}
2025-07-04 17:32:57 DEBUG o.s.w.s.m.m.a.RequestMappingHandlerMapping - Mapped to com.nt.LMS.controller.UserController#getUserNameById(long)
2025-07-04 17:32:57 DEBUG o.s.w.s.m.m.a.HttpEntityMethodProcessor - Using 'application/json', given [application/json, text/plain, */*] and supported [application/json, application/*+json]
2025-07-04 17:32:57 DEBUG o.s.w.s.m.m.a.HttpEntityMethodProcessor - Writing [StandardResponseOutDTO{status='SUCCESS', message='Fetched user info', data=UserOutDTO(userId=1, user (truncated)...]
2025-07-04 17:32:57 DEBUG o.s.web.servlet.DispatcherServlet - Completed 200 OK
2025-07-04 17:48:31 INFO  o.h.validator.internal.util.Version - HV000001: Hibernate Validator 8.0.2.Final
2025-07-04 17:48:31 INFO  com.nt.LMS.LmsApplication - Starting LmsApplication using Java 17.0.12 with PID 27852 (C:\Users\DELL\Desktop\LMS-NT\LMS\build\classes\java\main started by DELL in C:\Users\DELL\Desktop\LMS-NT)
2025-07-04 17:48:31 INFO  com.nt.LMS.LmsApplication - No active profile set, falling back to 1 default profile: "default"
2025-07-04 17:48:33 INFO  o.s.d.r.c.RepositoryConfigurationDelegate - Bootstrapping Spring Data JPA repositories in DEFAULT mode.
2025-07-04 17:48:33 INFO  o.s.d.r.c.RepositoryConfigurationDelegate - Finished Spring Data repository scanning in 168 ms. Found 10 JPA repository interfaces.
2025-07-04 17:48:33 INFO  o.s.cloud.context.scope.GenericScope - BeanFactory id=ba30d0a8-4893-3dfd-8a99-8de263d9bdbc
2025-07-04 17:48:34 INFO  o.s.b.w.e.tomcat.TomcatWebServer - Tomcat initialized with port 8081 (http)
2025-07-04 17:48:34 INFO  o.a.coyote.http11.Http11NioProtocol - Initializing ProtocolHandler ["http-nio-8081"]
2025-07-04 17:48:34 INFO  o.a.catalina.core.StandardService - Starting service [Tomcat]
2025-07-04 17:48:34 INFO  o.a.catalina.core.StandardEngine - Starting Servlet engine: [Apache Tomcat/10.1.39]
2025-07-04 17:48:34 INFO  o.a.c.c.C.[Tomcat].[localhost].[/] - Initializing Spring embedded WebApplicationContext
2025-07-04 17:48:34 INFO  o.s.b.w.s.c.ServletWebServerApplicationContext - Root WebApplicationContext: initialization completed in 3478 ms
2025-07-04 17:48:35 INFO  o.h.jpa.internal.util.LogHelper - HHH000204: Processing PersistenceUnitInfo [name: default]
2025-07-04 17:48:35 INFO  org.hibernate.Version - HHH000412: Hibernate ORM core version 6.6.11.Final
2025-07-04 17:48:35 INFO  o.h.c.i.RegionFactoryInitiator - HHH000026: Second-level cache disabled
2025-07-04 17:48:36 INFO  o.s.o.j.p.SpringPersistenceUnitInfo - No LoadTimeWeaver setup: ignoring JPA class transformer
2025-07-04 17:48:36 INFO  com.zaxxer.hikari.HikariDataSource - HikariPool-1 - Starting...
2025-07-04 17:48:37 INFO  com.zaxxer.hikari.pool.HikariPool - HikariPool-1 - Added connection org.postgresql.jdbc.PgConnection@6de33fde
2025-07-04 17:48:37 INFO  com.zaxxer.hikari.HikariDataSource - HikariPool-1 - Start completed.
2025-07-04 17:48:37 WARN  org.hibernate.orm.deprecation - HHH90000025: PostgreSQLDialect does not need to be specified explicitly using 'hibernate.dialect' (remove the property setting and it will be selected by default)
2025-07-04 17:48:37 INFO  o.hibernate.orm.connections.pooling - HHH10001005: Database info:
	Database JDBC URL [Connecting through datasource 'HikariDataSource (HikariPool-1)']
	Database driver: undefined/unknown
	Database version: 16.3
	Autocommit mode: undefined/unknown
	Isolation level: undefined/unknown
	Minimum pool size: undefined/unknown
	Maximum pool size: undefined/unknown
2025-07-04 17:48:40 INFO  o.h.e.t.j.p.i.JtaPlatformInitiator - HHH000489: No JTA platform available (set 'hibernate.transaction.jta.platform' to enable JTA platform integration)
2025-07-04 17:48:41 INFO  o.s.o.j.LocalContainerEntityManagerFactoryBean - Initialized JPA EntityManagerFactory for persistence unit 'default'
2025-07-04 17:48:42 INFO  o.s.d.j.r.query.QueryEnhancerFactory - Hibernate is in classpath; If applicable, HQL parser will be used.
2025-07-04 17:48:44 WARN  o.s.b.a.o.j.JpaBaseConfiguration$JpaWebConfiguration - spring.jpa.open-in-view is enabled by default. Therefore, database queries may be performed during view rendering. Explicitly configure spring.jpa.open-in-view to disable this warning
2025-07-04 17:48:45 INFO  o.s.s.c.a.a.c.InitializeUserDetailsBeanManagerConfigurer$InitializeUserDetailsManagerConfigurer - Global AuthenticationManager configured with UserDetailsService bean with name userServiceImpl
2025-07-04 17:48:46 DEBUG o.s.w.s.m.m.a.RequestMappingHandlerMapping - 44 mappings in 'requestMappingHandlerMapping'
2025-07-04 17:48:46 DEBUG o.s.w.s.h.SimpleUrlHandlerMapping - Patterns [/webjars/**, /**] in 'resourceHandlerMapping'
2025-07-04 17:48:47 DEBUG o.s.w.s.m.m.a.RequestMappingHandlerAdapter - ControllerAdvice beans: 0 @ModelAttribute, 0 @InitBinder, 1 RequestBodyAdvice, 1 ResponseBodyAdvice
2025-07-04 17:48:47 DEBUG o.s.w.s.m.m.a.ExceptionHandlerExceptionResolver - ControllerAdvice beans: 1 @ExceptionHandler, 1 ResponseBodyAdvice
2025-07-04 17:48:48 INFO  o.a.coyote.http11.Http11NioProtocol - Starting ProtocolHandler ["http-nio-8081"]
2025-07-04 17:48:48 INFO  o.s.b.w.e.tomcat.TomcatWebServer - Tomcat started on port 8081 (http) with context path '/'
2025-07-04 17:48:48 INFO  com.nt.LMS.LmsApplication - Started LmsApplication in 18.454 seconds (process running for 19.758)
2025-07-04 17:49:05 INFO  o.a.c.c.C.[Tomcat].[localhost].[/] - Initializing Spring DispatcherServlet 'dispatcherServlet'
2025-07-04 17:49:05 INFO  o.s.web.servlet.DispatcherServlet - Initializing Servlet 'dispatcherServlet'
2025-07-04 17:49:05 DEBUG o.s.web.servlet.DispatcherServlet - Detected StandardServletMultipartResolver
2025-07-04 17:49:05 DEBUG o.s.web.servlet.DispatcherServlet - Detected AcceptHeaderLocaleResolver
2025-07-04 17:49:05 DEBUG o.s.web.servlet.DispatcherServlet - Detected FixedThemeResolver
2025-07-04 17:49:05 DEBUG o.s.web.servlet.DispatcherServlet - Detected org.springframework.web.servlet.view.DefaultRequestToViewNameTranslator@28728558
2025-07-04 17:49:05 DEBUG o.s.web.servlet.DispatcherServlet - Detected org.springframework.web.servlet.support.SessionFlashMapManager@16bc97b9
2025-07-04 17:49:05 DEBUG o.s.web.servlet.DispatcherServlet - enableLoggingRequestDetails='false': request parameters and headers will be masked to prevent unsafe logging of potentially sensitive data
2025-07-04 17:49:05 INFO  o.s.web.servlet.DispatcherServlet - Completed initialization in 4 ms
2025-07-04 17:49:05 DEBUG o.s.web.servlet.DispatcherServlet - GET "/api/service-api/admin/users/recent", parameters={}
2025-07-04 17:49:05 DEBUG o.s.web.servlet.DispatcherServlet - GET "/api/service-api/admin/count", parameters={}
2025-07-04 17:49:05 DEBUG o.s.web.servlet.DispatcherServlet - GET "/api/service-api/group/count", parameters={}
2025-07-04 17:49:05 DEBUG o.s.web.servlet.DispatcherServlet - GET "/api/service-api/enrollment/statistics", parameters={}
2025-07-04 17:49:05 DEBUG o.s.w.s.m.m.a.RequestMappingHandlerMapping - Mapped to com.nt.LMS.controller.GroupController#getGroupCount()
2025-07-04 17:49:05 DEBUG o.s.w.s.m.m.a.RequestMappingHandlerMapping - Mapped to com.nt.LMS.controller.AdminController#getTotalUserCount()
2025-07-04 17:49:05 DEBUG o.s.w.s.m.m.a.RequestMappingHandlerMapping - Mapped to com.nt.LMS.controller.EnrollmentController#getEnrollmentStatistics()
2025-07-04 17:49:05 DEBUG o.s.w.s.m.m.a.RequestMappingHandlerMapping - Mapped to com.nt.LMS.controller.AdminController#getRecentUsers()
2025-07-04 17:49:05 INFO  c.nt.LMS.controller.AdminController - Fetching total user count
2025-07-04 17:49:05 INFO  c.nt.LMS.controller.GroupController - Received request to get total Group count.
2025-07-04 17:49:05 INFO  c.nt.LMS.controller.GroupController - Total Group count retrieved: 2
2025-07-04 17:49:05 INFO  c.nt.LMS.controller.AdminController - Total user count retrieved: 11
2025-07-04 17:49:05 DEBUG o.s.w.s.m.m.a.HttpEntityMethodProcessor - Using 'application/json', given [application/json, text/plain, */*] and supported [application/json, application/*+json]
2025-07-04 17:49:05 DEBUG o.s.w.s.m.m.a.HttpEntityMethodProcessor - Using 'application/json', given [application/json, text/plain, */*] and supported [application/json, application/*+json]
2025-07-04 17:49:05 DEBUG o.s.w.s.m.m.a.HttpEntityMethodProcessor - Using 'application/json', given [application/json, text/plain, */*] and supported [application/json, application/*+json]
2025-07-04 17:49:05 DEBUG o.s.w.s.m.m.a.HttpEntityMethodProcessor - Using 'application/json', given [application/json, text/plain, */*] and supported [application/json, application/*+json]
2025-07-04 17:49:05 DEBUG o.s.w.s.m.m.a.HttpEntityMethodProcessor - Writing [MessageOutDto(message=2)]
2025-07-04 17:49:05 DEBUG o.s.w.s.m.m.a.HttpEntityMethodProcessor - Writing [StandardResponseOutDTO{status='SUCCESS', message='Fetched User Count', data=11}]
2025-07-04 17:49:05 DEBUG o.s.w.s.m.m.a.HttpEntityMethodProcessor - Writing [StandardResponseOutDTO{status='SUCCESS', message='Fetched Recent Users', data=[UsersDetailsViewDTO(f (truncated)...]
2025-07-04 17:49:05 DEBUG o.s.w.s.m.m.a.HttpEntityMethodProcessor - Writing [StandardResponseOutDTO{status='SUCCESS', message='Fetched Enrollment Statistics', data=EnrollmentDas (truncated)...]
2025-07-04 17:49:05 DEBUG o.s.web.servlet.DispatcherServlet - Completed 200 OK
2025-07-04 17:49:05 DEBUG o.s.web.servlet.DispatcherServlet - Completed 200 OK
2025-07-04 17:49:05 DEBUG o.s.web.servlet.DispatcherServlet - Completed 200 OK
2025-07-04 17:49:06 DEBUG o.s.web.servlet.DispatcherServlet - Completed 200 OK
2025-07-04 17:49:17 DEBUG o.s.web.servlet.DispatcherServlet - GET "/api/service-api/report/course/1/pdf", parameters={}
2025-07-04 17:49:17 DEBUG o.s.w.s.m.m.a.RequestMappingHandlerMapping - Mapped to com.nt.LMS.controller.CourseReportGenerationController#getCourseReportAsPdf(Long, HttpServletResponse)
2025-07-04 17:49:18 DEBUG o.s.web.servlet.DispatcherServlet - Completed 200 OK
2025-07-04 17:49:52 DEBUG o.s.web.servlet.DispatcherServlet - GET "/api/service-api/admin/active-employees", parameters={}
2025-07-04 17:49:52 DEBUG o.s.w.s.m.m.a.RequestMappingHandlerMapping - Mapped to com.nt.LMS.controller.AdminController#getAllEmployees()
2025-07-04 17:49:52 INFO  c.nt.LMS.controller.AdminController - Fetching all employees
2025-07-04 17:49:52 INFO  c.n.L.s.serviceImpl.AdminServiceImpl - Fetching all users
2025-07-04 17:49:52 INFO  c.n.L.s.serviceImpl.AdminServiceImpl - Successfully fetched 11 users
2025-07-04 17:49:52 INFO  c.nt.LMS.controller.AdminController - Fetched 11 employees
2025-07-04 17:49:52 DEBUG o.s.w.s.m.m.a.HttpEntityMethodProcessor - Using 'application/json', given [application/json, text/plain, */*] and supported [application/json, application/*+json]
2025-07-04 17:49:52 DEBUG o.s.w.s.m.m.a.HttpEntityMethodProcessor - Writing [StandardResponseOutDTO{status='SUCCESS', message='User fetched Successfully', data=[UserOutDTO(userI (truncated)...]
2025-07-04 17:49:52 DEBUG o.s.web.servlet.DispatcherServlet - Completed 200 OK
2025-07-04 17:49:52 DEBUG o.s.web.servlet.DispatcherServlet - GET "/api/service-api/admin/inactive-employees", parameters={}
2025-07-04 17:49:52 DEBUG o.s.w.s.m.m.a.RequestMappingHandlerMapping - Mapped to com.nt.LMS.controller.AdminController#getAllInactiveEmployees()
2025-07-04 17:49:52 INFO  c.nt.LMS.controller.AdminController - Fetching all inactive employees
2025-07-04 17:49:52 INFO  c.n.L.s.serviceImpl.AdminServiceImpl - Fetching all  inactive users
2025-07-04 17:49:52 INFO  c.n.L.s.serviceImpl.AdminServiceImpl - Successfully fetched 6 inactive users
2025-07-04 17:49:52 INFO  c.nt.LMS.controller.AdminController - Fetched 6 inactive employees
2025-07-04 17:49:52 DEBUG o.s.w.s.m.m.a.HttpEntityMethodProcessor - Using 'application/json', given [application/json, text/plain, */*] and supported [application/json, application/*+json]
2025-07-04 17:49:52 DEBUG o.s.w.s.m.m.a.HttpEntityMethodProcessor - Writing [StandardResponseOutDTO{status='SUCCESS', message='User fetched Successfully', data=[UserOutDTO(userI (truncated)...]
2025-07-04 17:49:52 DEBUG o.s.web.servlet.DispatcherServlet - Completed 200 OK
2025-07-04 17:50:00 DEBUG o.s.web.servlet.DispatcherServlet - GET "/api/service-api/enrollments/47/statistics", parameters={}
2025-07-04 17:50:00 DEBUG o.s.w.s.m.m.a.RequestMappingHandlerMapping - Mapped to com.nt.LMS.controller.UserCourseEnrollmentController#getUserEnrollments(Long)
2025-07-04 17:50:00 DEBUG o.s.w.s.m.m.a.HttpEntityMethodProcessor - Using 'application/json', given [application/json, text/plain, */*] and supported [application/json, application/*+json]
2025-07-04 17:50:00 DEBUG o.s.w.s.m.m.a.HttpEntityMethodProcessor - Writing [StandardResponseOutDTO{status='SUCCESS', message='Fetched Users Enrolled', data={groups=1, enrollmen (truncated)...]
2025-07-04 17:50:00 DEBUG o.s.web.servlet.DispatcherServlet - Completed 200 OK
2025-07-04 17:50:01 DEBUG o.s.web.servlet.DispatcherServlet - GET "/api/service-api/enrollment/userCourses/47", parameters={}
2025-07-04 17:50:01 DEBUG o.s.w.s.m.m.a.RequestMappingHandlerMapping - Mapped to com.nt.LMS.controller.EnrollmentController#getEnrolledCoursesByUserId(Long)
2025-07-04 17:50:01 DEBUG o.s.w.s.m.m.a.HttpEntityMethodProcessor - Using 'application/json', given [application/json, text/plain, */*] and supported [application/json, application/*+json]
2025-07-04 17:50:01 DEBUG o.s.w.s.m.m.a.HttpEntityMethodProcessor - Writing [StandardResponseOutDTO{status='SUCCESS', message='Fetched enrolled courses successfully', data=[User (truncated)...]
2025-07-04 17:50:01 DEBUG o.s.web.servlet.DispatcherServlet - Completed 200 OK
2025-07-04 17:50:01 DEBUG o.s.web.servlet.DispatcherServlet - GET "/api/service-api/users/1", parameters={}
2025-07-04 17:50:01 DEBUG o.s.w.s.m.m.a.RequestMappingHandlerMapping - Mapped to com.nt.LMS.controller.UserController#getUserNameById(long)
2025-07-04 17:50:01 DEBUG o.s.w.s.m.m.a.HttpEntityMethodProcessor - Using 'application/json', given [application/json, text/plain, */*] and supported [application/json, application/*+json]
2025-07-04 17:50:01 DEBUG o.s.w.s.m.m.a.HttpEntityMethodProcessor - Writing [StandardResponseOutDTO{status='SUCCESS', message='Fetched user info', data=UserOutDTO(userId=1, user (truncated)...]
2025-07-04 17:50:01 DEBUG o.s.web.servlet.DispatcherServlet - Completed 200 OK
2025-07-04 17:50:01 DEBUG o.s.web.servlet.DispatcherServlet - GET "/api/service-api/users/1", parameters={}
2025-07-04 17:50:01 DEBUG o.s.w.s.m.m.a.RequestMappingHandlerMapping - Mapped to com.nt.LMS.controller.UserController#getUserNameById(long)
2025-07-04 17:50:01 DEBUG o.s.w.s.m.m.a.HttpEntityMethodProcessor - Using 'application/json', given [application/json, text/plain, */*] and supported [application/json, application/*+json]
2025-07-04 17:50:01 DEBUG o.s.w.s.m.m.a.HttpEntityMethodProcessor - Writing [StandardResponseOutDTO{status='SUCCESS', message='Fetched user info', data=UserOutDTO(userId=1, user (truncated)...]
2025-07-04 17:50:01 DEBUG o.s.web.servlet.DispatcherServlet - Completed 200 OK
2025-07-04 17:50:05 DEBUG o.s.web.servlet.DispatcherServlet - GET "/api/service-api/admin/active-employees", parameters={}
2025-07-04 17:50:05 DEBUG o.s.w.s.m.m.a.RequestMappingHandlerMapping - Mapped to com.nt.LMS.controller.AdminController#getAllEmployees()
2025-07-04 17:50:05 INFO  c.nt.LMS.controller.AdminController - Fetching all employees
2025-07-04 17:50:05 INFO  c.n.L.s.serviceImpl.AdminServiceImpl - Fetching all users
2025-07-04 17:50:05 INFO  c.n.L.s.serviceImpl.AdminServiceImpl - Successfully fetched 11 users
2025-07-04 17:50:05 INFO  c.nt.LMS.controller.AdminController - Fetched 11 employees
2025-07-04 17:50:05 DEBUG o.s.w.s.m.m.a.HttpEntityMethodProcessor - Using 'application/json', given [application/json, text/plain, */*] and supported [application/json, application/*+json]
2025-07-04 17:50:05 DEBUG o.s.w.s.m.m.a.HttpEntityMethodProcessor - Writing [StandardResponseOutDTO{status='SUCCESS', message='User fetched Successfully', data=[UserOutDTO(userI (truncated)...]
2025-07-04 17:50:05 DEBUG o.s.web.servlet.DispatcherServlet - Completed 200 OK
2025-07-04 17:50:05 DEBUG o.s.web.servlet.DispatcherServlet - GET "/api/service-api/admin/inactive-employees", parameters={}
2025-07-04 17:50:05 DEBUG o.s.w.s.m.m.a.RequestMappingHandlerMapping - Mapped to com.nt.LMS.controller.AdminController#getAllInactiveEmployees()
2025-07-04 17:50:05 INFO  c.nt.LMS.controller.AdminController - Fetching all inactive employees
2025-07-04 17:50:05 INFO  c.n.L.s.serviceImpl.AdminServiceImpl - Fetching all  inactive users
2025-07-04 17:50:05 INFO  c.n.L.s.serviceImpl.AdminServiceImpl - Successfully fetched 6 inactive users
2025-07-04 17:50:05 INFO  c.nt.LMS.controller.AdminController - Fetched 6 inactive employees
2025-07-04 17:50:05 DEBUG o.s.w.s.m.m.a.HttpEntityMethodProcessor - Using 'application/json', given [application/json, text/plain, */*] and supported [application/json, application/*+json]
2025-07-04 17:50:05 DEBUG o.s.w.s.m.m.a.HttpEntityMethodProcessor - Writing [StandardResponseOutDTO{status='SUCCESS', message='User fetched Successfully', data=[UserOutDTO(userI (truncated)...]
2025-07-04 17:50:05 DEBUG o.s.web.servlet.DispatcherServlet - Completed 200 OK
2025-07-04 17:50:14 DEBUG o.s.web.servlet.DispatcherServlet - GET "/api/service-api/enrollment/statistics", parameters={}
2025-07-04 17:50:14 DEBUG o.s.w.s.m.m.a.RequestMappingHandlerMapping - Mapped to com.nt.LMS.controller.EnrollmentController#getEnrollmentStatistics()
2025-07-04 17:50:14 DEBUG o.s.web.servlet.DispatcherServlet - GET "/api/service-api/admin/active-employees", parameters={}
2025-07-04 17:50:14 DEBUG o.s.w.s.m.m.a.RequestMappingHandlerMapping - Mapped to com.nt.LMS.controller.AdminController#getAllEmployees()
2025-07-04 17:50:14 INFO  c.nt.LMS.controller.AdminController - Fetching all employees
2025-07-04 17:50:14 INFO  c.n.L.s.serviceImpl.AdminServiceImpl - Fetching all users
2025-07-04 17:50:14 DEBUG o.s.w.s.m.m.a.HttpEntityMethodProcessor - Using 'application/json', given [application/json, text/plain, */*] and supported [application/json, application/*+json]
2025-07-04 17:50:14 DEBUG o.s.w.s.m.m.a.HttpEntityMethodProcessor - Writing [StandardResponseOutDTO{status='SUCCESS', message='Fetched Enrollment Statistics', data=EnrollmentDas (truncated)...]
2025-07-04 17:50:14 DEBUG o.s.web.servlet.DispatcherServlet - Completed 200 OK
2025-07-04 17:50:14 DEBUG o.s.web.servlet.DispatcherServlet - GET "/api/service-api/enrollment/user-enrollments", parameters={}
2025-07-04 17:50:14 DEBUG o.s.w.s.m.m.a.RequestMappingHandlerMapping - Mapped to com.nt.LMS.controller.EnrollmentController#getUserEnrollments()
2025-07-04 17:50:14 INFO  c.n.L.s.serviceImpl.AdminServiceImpl - Successfully fetched 11 users
2025-07-04 17:50:14 INFO  c.nt.LMS.controller.AdminController - Fetched 11 employees
2025-07-04 17:50:14 DEBUG o.s.w.s.m.m.a.HttpEntityMethodProcessor - Using 'application/json', given [application/json, text/plain, */*] and supported [application/json, application/*+json]
2025-07-04 17:50:14 DEBUG o.s.w.s.m.m.a.HttpEntityMethodProcessor - Writing [StandardResponseOutDTO{status='SUCCESS', message='User fetched Successfully', data=[UserOutDTO(userI (truncated)...]
2025-07-04 17:50:14 DEBUG o.s.web.servlet.DispatcherServlet - Completed 200 OK
2025-07-04 17:50:15 DEBUG o.s.w.c.HttpMessageConverterExtractor - Reading to [java.util.List<java.lang.Long>]
2025-07-04 17:50:15 DEBUG o.s.w.c.HttpMessageConverterExtractor - Reading to [java.lang.String] as "text/plain;charset=UTF-8"
2025-07-04 17:50:15 DEBUG o.s.w.c.HttpMessageConverterExtractor - Reading to [java.lang.String] as "text/plain;charset=UTF-8"
2025-07-04 17:50:15 DEBUG o.s.w.c.HttpMessageConverterExtractor - Reading to [com.nt.LMS.dto.outDTO.CourseProgressWithMetaDTO]
2025-07-04 17:50:16 DEBUG o.s.w.c.HttpMessageConverterExtractor - Reading to [com.nt.LMS.dto.outDTO.CourseProgressWithMetaDTO]
2025-07-04 17:50:16 DEBUG o.s.w.c.HttpMessageConverterExtractor - Reading to [com.nt.LMS.dto.outDTO.CourseProgressWithMetaDTO]
2025-07-04 17:50:16 DEBUG o.s.w.c.HttpMessageConverterExtractor - Reading to [com.nt.LMS.dto.outDTO.CourseProgressWithMetaDTO]
2025-07-04 17:50:16 DEBUG o.s.w.c.HttpMessageConverterExtractor - Reading to [com.nt.LMS.dto.outDTO.CourseProgressWithMetaDTO]
2025-07-04 17:50:16 DEBUG o.s.w.s.m.m.a.HttpEntityMethodProcessor - Using 'application/json', given [application/json, text/plain, */*] and supported [application/json, application/*+json]
2025-07-04 17:50:16 DEBUG o.s.w.s.m.m.a.HttpEntityMethodProcessor - Writing [StandardResponseOutDTO{status='SUCCESS', message='User Enrollment Fetched', data=[UserEnrollmentsOut (truncated)...]
2025-07-04 17:50:16 DEBUG o.s.web.servlet.DispatcherServlet - Completed 200 OK
2025-07-04 17:50:16 DEBUG o.s.web.servlet.DispatcherServlet - GET "/api/service-api/enrollment/user-enrollments", parameters={}
2025-07-04 17:50:16 DEBUG o.s.w.s.m.m.a.RequestMappingHandlerMapping - Mapped to com.nt.LMS.controller.EnrollmentController#getUserEnrollments()
2025-07-04 17:50:16 DEBUG o.s.w.c.HttpMessageConverterExtractor - Reading to [java.util.List<java.lang.Long>]
2025-07-04 17:50:17 DEBUG o.s.w.c.HttpMessageConverterExtractor - Reading to [java.lang.String] as "text/plain;charset=UTF-8"
2025-07-04 17:50:17 DEBUG o.s.w.c.HttpMessageConverterExtractor - Reading to [java.lang.String] as "text/plain;charset=UTF-8"
2025-07-04 17:50:17 DEBUG o.s.w.c.HttpMessageConverterExtractor - Reading to [com.nt.LMS.dto.outDTO.CourseProgressWithMetaDTO]
2025-07-04 17:50:17 DEBUG o.s.w.c.HttpMessageConverterExtractor - Reading to [com.nt.LMS.dto.outDTO.CourseProgressWithMetaDTO]
2025-07-04 17:50:17 DEBUG o.s.w.c.HttpMessageConverterExtractor - Reading to [com.nt.LMS.dto.outDTO.CourseProgressWithMetaDTO]
2025-07-04 17:50:17 DEBUG o.s.w.c.HttpMessageConverterExtractor - Reading to [com.nt.LMS.dto.outDTO.CourseProgressWithMetaDTO]
2025-07-04 17:50:17 DEBUG o.s.w.c.HttpMessageConverterExtractor - Reading to [com.nt.LMS.dto.outDTO.CourseProgressWithMetaDTO]
2025-07-04 17:50:17 DEBUG o.s.w.s.m.m.a.HttpEntityMethodProcessor - Using 'application/json', given [application/json, text/plain, */*] and supported [application/json, application/*+json]
2025-07-04 17:50:17 DEBUG o.s.w.s.m.m.a.HttpEntityMethodProcessor - Writing [StandardResponseOutDTO{status='SUCCESS', message='User Enrollment Fetched', data=[UserEnrollmentsOut (truncated)...]
2025-07-04 17:50:17 DEBUG o.s.web.servlet.DispatcherServlet - Completed 200 OK
2025-07-05 14:04:29 WARN  com.zaxxer.hikari.pool.HikariPool - HikariPool-1 - Thread starvation or clock leap detected (housekeeper delta=20h9m25s849ms117µs600ns).
2025-07-05 14:05:45 DEBUG o.s.web.servlet.DispatcherServlet - GET "/api/service-api/users/getDeadlines", parameters={}
2025-07-05 14:05:45 DEBUG o.s.w.s.m.m.a.RequestMappingHandlerMapping - Mapped to com.nt.LMS.controller.UserController#getUserDeadlines()
2025-07-05 14:05:45 DEBUG o.s.web.servlet.DispatcherServlet - GET "/api/service-api/enrollments/47/statistics", parameters={}
2025-07-05 14:05:45 DEBUG o.s.w.s.m.m.a.RequestMappingHandlerMapping - Mapped to com.nt.LMS.controller.UserCourseEnrollmentController#getUserEnrollments(Long)
2025-07-05 14:05:45 DEBUG o.s.w.s.m.m.a.HttpEntityMethodProcessor - Using 'application/json', given [application/json, text/plain, */*] and supported [application/json, application/*+json]
2025-07-05 14:05:45 DEBUG o.s.w.s.m.m.a.HttpEntityMethodProcessor - Writing [StandardResponseOutDTO{status='SUCCESS', message='Fetched Users Enrolled', data={groups=1, enrollmen (truncated)...]
2025-07-05 14:05:45 DEBUG o.s.web.servlet.DispatcherServlet - Completed 200 OK
2025-07-05 14:05:45 DEBUG o.s.w.s.m.m.a.HttpEntityMethodProcessor - Using 'application/json', given [application/json, text/plain, */*] and supported [application/json, application/*+json]
2025-07-05 14:05:45 DEBUG o.s.w.s.m.m.a.HttpEntityMethodProcessor - Writing [StandardResponseOutDTO{status='SUCCESS', message='null', data=[]}]
2025-07-05 14:05:45 DEBUG o.s.web.servlet.DispatcherServlet - Completed 200 OK
2025-07-05 14:05:46 DEBUG o.s.web.servlet.DispatcherServlet - GET "/api/service-api/enrollment/userCourses/47", parameters={}
2025-07-05 14:05:46 DEBUG o.s.w.s.m.m.a.RequestMappingHandlerMapping - Mapped to com.nt.LMS.controller.EnrollmentController#getEnrolledCoursesByUserId(Long)
2025-07-05 14:05:46 DEBUG o.s.w.s.m.m.a.HttpEntityMethodProcessor - Using 'application/json', given [application/json, text/plain, */*] and supported [application/json, application/*+json]
2025-07-05 14:05:46 DEBUG o.s.w.s.m.m.a.HttpEntityMethodProcessor - Writing [StandardResponseOutDTO{status='SUCCESS', message='Fetched enrolled courses successfully', data=[User (truncated)...]
2025-07-05 14:05:46 DEBUG o.s.web.servlet.DispatcherServlet - Completed 200 OK
2025-07-05 14:05:46 DEBUG o.s.web.servlet.DispatcherServlet - GET "/api/service-api/users/1", parameters={}
2025-07-05 14:05:46 DEBUG o.s.w.s.m.m.a.RequestMappingHandlerMapping - Mapped to com.nt.LMS.controller.UserController#getUserNameById(long)
2025-07-05 14:05:46 DEBUG o.s.w.s.m.m.a.HttpEntityMethodProcessor - Using 'application/json', given [application/json, text/plain, */*] and supported [application/json, application/*+json]
2025-07-05 14:05:46 DEBUG o.s.w.s.m.m.a.HttpEntityMethodProcessor - Writing [StandardResponseOutDTO{status='SUCCESS', message='Fetched user info', data=UserOutDTO(userId=1, user (truncated)...]
2025-07-05 14:05:46 DEBUG o.s.web.servlet.DispatcherServlet - Completed 200 OK
2025-07-05 14:05:46 DEBUG o.s.web.servlet.DispatcherServlet - GET "/api/service-api/users/1", parameters={}
2025-07-05 14:05:46 DEBUG o.s.w.s.m.m.a.RequestMappingHandlerMapping - Mapped to com.nt.LMS.controller.UserController#getUserNameById(long)
2025-07-05 14:05:46 DEBUG o.s.w.s.m.m.a.HttpEntityMethodProcessor - Using 'application/json', given [application/json, text/plain, */*] and supported [application/json, application/*+json]
2025-07-05 14:05:46 DEBUG o.s.w.s.m.m.a.HttpEntityMethodProcessor - Writing [StandardResponseOutDTO{status='SUCCESS', message='Fetched user info', data=UserOutDTO(userId=1, user (truncated)...]
2025-07-05 14:05:46 DEBUG o.s.web.servlet.DispatcherServlet - Completed 200 OK
2025-07-05 14:05:51 DEBUG o.s.web.servlet.DispatcherServlet - GET "/api/service-api/enrollment/userCourses/47", parameters={}
2025-07-05 14:05:51 DEBUG o.s.w.s.m.m.a.RequestMappingHandlerMapping - Mapped to com.nt.LMS.controller.EnrollmentController#getEnrolledCoursesByUserId(Long)
2025-07-05 14:05:51 DEBUG o.s.w.s.m.m.a.HttpEntityMethodProcessor - Using 'application/json', given [application/json, text/plain, */*] and supported [application/json, application/*+json]
2025-07-05 14:05:51 DEBUG o.s.w.s.m.m.a.HttpEntityMethodProcessor - Writing [StandardResponseOutDTO{status='SUCCESS', message='Fetched enrolled courses successfully', data=[User (truncated)...]
2025-07-05 14:05:51 DEBUG o.s.web.servlet.DispatcherServlet - Completed 200 OK
2025-07-05 14:05:51 DEBUG o.s.web.servlet.DispatcherServlet - GET "/api/service-api/users/1", parameters={}
2025-07-05 14:05:51 DEBUG o.s.w.s.m.m.a.RequestMappingHandlerMapping - Mapped to com.nt.LMS.controller.UserController#getUserNameById(long)
2025-07-05 14:05:51 DEBUG o.s.w.s.m.m.a.HttpEntityMethodProcessor - Using 'application/json', given [application/json, text/plain, */*] and supported [application/json, application/*+json]
2025-07-05 14:05:51 DEBUG o.s.w.s.m.m.a.HttpEntityMethodProcessor - Writing [StandardResponseOutDTO{status='SUCCESS', message='Fetched user info', data=UserOutDTO(userId=1, user (truncated)...]
2025-07-05 14:05:51 DEBUG o.s.web.servlet.DispatcherServlet - Completed 200 OK
2025-07-05 14:05:51 DEBUG o.s.web.servlet.DispatcherServlet - GET "/api/service-api/users/1", parameters={}
2025-07-05 14:05:51 DEBUG o.s.w.s.m.m.a.RequestMappingHandlerMapping - Mapped to com.nt.LMS.controller.UserController#getUserNameById(long)
2025-07-05 14:05:51 DEBUG o.s.w.s.m.m.a.HttpEntityMethodProcessor - Using 'application/json', given [application/json, text/plain, */*] and supported [application/json, application/*+json]
2025-07-05 14:05:51 DEBUG o.s.w.s.m.m.a.HttpEntityMethodProcessor - Writing [StandardResponseOutDTO{status='SUCCESS', message='Fetched user info', data=UserOutDTO(userId=1, user (truncated)...]
2025-07-05 14:05:51 DEBUG o.s.web.servlet.DispatcherServlet - Completed 200 OK
2025-07-05 14:06:01 DEBUG o.s.web.servlet.DispatcherServlet - GET "/api/service-api/users/getDeadlines", parameters={}
2025-07-05 14:06:01 DEBUG o.s.w.s.m.m.a.RequestMappingHandlerMapping - Mapped to com.nt.LMS.controller.UserController#getUserDeadlines()
2025-07-05 14:06:01 DEBUG o.s.w.s.m.m.a.HttpEntityMethodProcessor - Using 'application/json', given [application/json, text/plain, */*] and supported [application/json, application/*+json]
2025-07-05 14:06:01 DEBUG o.s.w.s.m.m.a.HttpEntityMethodProcessor - Writing [StandardResponseOutDTO{status='SUCCESS', message='null', data=[]}]
2025-07-05 14:06:01 DEBUG o.s.web.servlet.DispatcherServlet - Completed 200 OK
2025-07-05 14:06:01 DEBUG o.s.web.servlet.DispatcherServlet - GET "/api/service-api/enrollments/47/statistics", parameters={}
2025-07-05 14:06:01 DEBUG o.s.w.s.m.m.a.RequestMappingHandlerMapping - Mapped to com.nt.LMS.controller.UserCourseEnrollmentController#getUserEnrollments(Long)
2025-07-05 14:06:01 DEBUG o.s.w.s.m.m.a.HttpEntityMethodProcessor - Using 'application/json', given [application/json, text/plain, */*] and supported [application/json, application/*+json]
2025-07-05 14:06:01 DEBUG o.s.w.s.m.m.a.HttpEntityMethodProcessor - Writing [StandardResponseOutDTO{status='SUCCESS', message='Fetched Users Enrolled', data={groups=1, enrollmen (truncated)...]
2025-07-05 14:06:01 DEBUG o.s.web.servlet.DispatcherServlet - Completed 200 OK
2025-07-05 14:06:01 DEBUG o.s.web.servlet.DispatcherServlet - GET "/api/service-api/enrollment/userCourses/47", parameters={}
2025-07-05 14:06:01 DEBUG o.s.w.s.m.m.a.RequestMappingHandlerMapping - Mapped to com.nt.LMS.controller.EnrollmentController#getEnrolledCoursesByUserId(Long)
2025-07-05 14:06:01 DEBUG o.s.w.s.m.m.a.HttpEntityMethodProcessor - Using 'application/json', given [application/json, text/plain, */*] and supported [application/json, application/*+json]
2025-07-05 14:06:01 DEBUG o.s.w.s.m.m.a.HttpEntityMethodProcessor - Writing [StandardResponseOutDTO{status='SUCCESS', message='Fetched enrolled courses successfully', data=[User (truncated)...]
2025-07-05 14:06:01 DEBUG o.s.web.servlet.DispatcherServlet - Completed 200 OK
2025-07-05 14:06:01 DEBUG o.s.web.servlet.DispatcherServlet - GET "/api/service-api/users/1", parameters={}
2025-07-05 14:06:01 DEBUG o.s.w.s.m.m.a.RequestMappingHandlerMapping - Mapped to com.nt.LMS.controller.UserController#getUserNameById(long)
2025-07-05 14:06:01 DEBUG o.s.w.s.m.m.a.HttpEntityMethodProcessor - Using 'application/json', given [application/json, text/plain, */*] and supported [application/json, application/*+json]
2025-07-05 14:06:01 DEBUG o.s.w.s.m.m.a.HttpEntityMethodProcessor - Writing [StandardResponseOutDTO{status='SUCCESS', message='Fetched user info', data=UserOutDTO(userId=1, user (truncated)...]
2025-07-05 14:06:01 DEBUG o.s.web.servlet.DispatcherServlet - Completed 200 OK
2025-07-05 14:06:01 DEBUG o.s.web.servlet.DispatcherServlet - GET "/api/service-api/users/1", parameters={}
2025-07-05 14:06:01 DEBUG o.s.w.s.m.m.a.RequestMappingHandlerMapping - Mapped to com.nt.LMS.controller.UserController#getUserNameById(long)
2025-07-05 14:06:01 DEBUG o.s.w.s.m.m.a.HttpEntityMethodProcessor - Using 'application/json', given [application/json, text/plain, */*] and supported [application/json, application/*+json]
2025-07-05 14:06:01 DEBUG o.s.w.s.m.m.a.HttpEntityMethodProcessor - Writing [StandardResponseOutDTO{status='SUCCESS', message='Fetched user info', data=UserOutDTO(userId=1, user (truncated)...]
2025-07-05 14:06:01 DEBUG o.s.web.servlet.DispatcherServlet - Completed 200 OK
2025-07-05 14:06:03 DEBUG o.s.web.servlet.DispatcherServlet - GET "/api/service-api/enrollment/userCourses/47", parameters={}
2025-07-05 14:06:03 DEBUG o.s.w.s.m.m.a.RequestMappingHandlerMapping - Mapped to com.nt.LMS.controller.EnrollmentController#getEnrolledCoursesByUserId(Long)
2025-07-05 14:06:03 DEBUG o.s.w.s.m.m.a.HttpEntityMethodProcessor - Using 'application/json', given [application/json, text/plain, */*] and supported [application/json, application/*+json]
2025-07-05 14:06:03 DEBUG o.s.w.s.m.m.a.HttpEntityMethodProcessor - Writing [StandardResponseOutDTO{status='SUCCESS', message='Fetched enrolled courses successfully', data=[User (truncated)...]
2025-07-05 14:06:03 DEBUG o.s.web.servlet.DispatcherServlet - Completed 200 OK
2025-07-05 14:06:03 DEBUG o.s.web.servlet.DispatcherServlet - GET "/api/service-api/users/1", parameters={}
2025-07-05 14:06:03 DEBUG o.s.w.s.m.m.a.RequestMappingHandlerMapping - Mapped to com.nt.LMS.controller.UserController#getUserNameById(long)
2025-07-05 14:06:03 DEBUG o.s.w.s.m.m.a.HttpEntityMethodProcessor - Using 'application/json', given [application/json, text/plain, */*] and supported [application/json, application/*+json]
2025-07-05 14:06:03 DEBUG o.s.w.s.m.m.a.HttpEntityMethodProcessor - Writing [StandardResponseOutDTO{status='SUCCESS', message='Fetched user info', data=UserOutDTO(userId=1, user (truncated)...]
2025-07-05 14:06:03 DEBUG o.s.web.servlet.DispatcherServlet - Completed 200 OK
2025-07-05 14:06:03 DEBUG o.s.web.servlet.DispatcherServlet - GET "/api/service-api/users/1", parameters={}
2025-07-05 14:06:03 DEBUG o.s.w.s.m.m.a.RequestMappingHandlerMapping - Mapped to com.nt.LMS.controller.UserController#getUserNameById(long)
2025-07-05 14:06:03 DEBUG o.s.w.s.m.m.a.HttpEntityMethodProcessor - Using 'application/json', given [application/json, text/plain, */*] and supported [application/json, application/*+json]
2025-07-05 14:06:03 DEBUG o.s.w.s.m.m.a.HttpEntityMethodProcessor - Writing [StandardResponseOutDTO{status='SUCCESS', message='Fetched user info', data=UserOutDTO(userId=1, user (truncated)...]
2025-07-05 14:06:03 DEBUG o.s.web.servlet.DispatcherServlet - Completed 200 OK
2025-07-05 14:06:14 DEBUG o.s.web.servlet.DispatcherServlet - GET "/api/service-api/users/getDeadlines", parameters={}
2025-07-05 14:06:14 DEBUG o.s.w.s.m.m.a.RequestMappingHandlerMapping - Mapped to com.nt.LMS.controller.UserController#getUserDeadlines()
2025-07-05 14:06:14 DEBUG o.s.w.s.m.m.a.HttpEntityMethodProcessor - Using 'application/json', given [application/json, text/plain, */*] and supported [application/json, application/*+json]
2025-07-05 14:06:14 DEBUG o.s.w.s.m.m.a.HttpEntityMethodProcessor - Writing [StandardResponseOutDTO{status='SUCCESS', message='null', data=[]}]
2025-07-05 14:06:14 DEBUG o.s.web.servlet.DispatcherServlet - Completed 200 OK
2025-07-05 14:06:14 DEBUG o.s.web.servlet.DispatcherServlet - GET "/api/service-api/enrollments/47/statistics", parameters={}
2025-07-05 14:06:14 DEBUG o.s.w.s.m.m.a.RequestMappingHandlerMapping - Mapped to com.nt.LMS.controller.UserCourseEnrollmentController#getUserEnrollments(Long)
2025-07-05 14:06:14 DEBUG o.s.w.s.m.m.a.HttpEntityMethodProcessor - Using 'application/json', given [application/json, text/plain, */*] and supported [application/json, application/*+json]
2025-07-05 14:06:14 DEBUG o.s.w.s.m.m.a.HttpEntityMethodProcessor - Writing [StandardResponseOutDTO{status='SUCCESS', message='Fetched Users Enrolled', data={groups=1, enrollmen (truncated)...]
2025-07-05 14:06:14 DEBUG o.s.web.servlet.DispatcherServlet - Completed 200 OK
2025-07-05 14:06:14 DEBUG o.s.web.servlet.DispatcherServlet - GET "/api/service-api/enrollment/userCourses/47", parameters={}
2025-07-05 14:06:14 DEBUG o.s.w.s.m.m.a.RequestMappingHandlerMapping - Mapped to com.nt.LMS.controller.EnrollmentController#getEnrolledCoursesByUserId(Long)
2025-07-05 14:06:14 DEBUG o.s.w.s.m.m.a.HttpEntityMethodProcessor - Using 'application/json', given [application/json, text/plain, */*] and supported [application/json, application/*+json]
2025-07-05 14:06:14 DEBUG o.s.w.s.m.m.a.HttpEntityMethodProcessor - Writing [StandardResponseOutDTO{status='SUCCESS', message='Fetched enrolled courses successfully', data=[User (truncated)...]
2025-07-05 14:06:14 DEBUG o.s.web.servlet.DispatcherServlet - Completed 200 OK
2025-07-05 14:06:15 DEBUG o.s.web.servlet.DispatcherServlet - GET "/api/service-api/users/1", parameters={}
2025-07-05 14:06:15 DEBUG o.s.w.s.m.m.a.RequestMappingHandlerMapping - Mapped to com.nt.LMS.controller.UserController#getUserNameById(long)
2025-07-05 14:06:15 DEBUG o.s.w.s.m.m.a.HttpEntityMethodProcessor - Using 'application/json', given [application/json, text/plain, */*] and supported [application/json, application/*+json]
2025-07-05 14:06:15 DEBUG o.s.w.s.m.m.a.HttpEntityMethodProcessor - Writing [StandardResponseOutDTO{status='SUCCESS', message='Fetched user info', data=UserOutDTO(userId=1, user (truncated)...]
2025-07-05 14:06:15 DEBUG o.s.web.servlet.DispatcherServlet - Completed 200 OK
2025-07-05 14:06:15 DEBUG o.s.web.servlet.DispatcherServlet - GET "/api/service-api/users/1", parameters={}
2025-07-05 14:06:15 DEBUG o.s.w.s.m.m.a.RequestMappingHandlerMapping - Mapped to com.nt.LMS.controller.UserController#getUserNameById(long)
2025-07-05 14:06:15 DEBUG o.s.w.s.m.m.a.HttpEntityMethodProcessor - Using 'application/json', given [application/json, text/plain, */*] and supported [application/json, application/*+json]
2025-07-05 14:06:15 DEBUG o.s.w.s.m.m.a.HttpEntityMethodProcessor - Writing [StandardResponseOutDTO{status='SUCCESS', message='Fetched user info', data=UserOutDTO(userId=1, user (truncated)...]
2025-07-05 14:06:15 DEBUG o.s.web.servlet.DispatcherServlet - Completed 200 OK
2025-07-05 14:06:17 DEBUG o.s.web.servlet.DispatcherServlet - GET "/api/service-api/enrollment/userCourses/47", parameters={}
2025-07-05 14:06:17 DEBUG o.s.w.s.m.m.a.RequestMappingHandlerMapping - Mapped to com.nt.LMS.controller.EnrollmentController#getEnrolledCoursesByUserId(Long)
2025-07-05 14:06:17 DEBUG o.s.w.s.m.m.a.HttpEntityMethodProcessor - Using 'application/json', given [application/json, text/plain, */*] and supported [application/json, application/*+json]
2025-07-05 14:06:17 DEBUG o.s.w.s.m.m.a.HttpEntityMethodProcessor - Writing [StandardResponseOutDTO{status='SUCCESS', message='Fetched enrolled courses successfully', data=[User (truncated)...]
2025-07-05 14:06:17 DEBUG o.s.web.servlet.DispatcherServlet - Completed 200 OK
2025-07-05 14:06:18 DEBUG o.s.web.servlet.DispatcherServlet - GET "/api/service-api/users/1", parameters={}
2025-07-05 14:06:18 DEBUG o.s.w.s.m.m.a.RequestMappingHandlerMapping - Mapped to com.nt.LMS.controller.UserController#getUserNameById(long)
2025-07-05 14:06:18 DEBUG o.s.w.s.m.m.a.HttpEntityMethodProcessor - Using 'application/json', given [application/json, text/plain, */*] and supported [application/json, application/*+json]
2025-07-05 14:06:18 DEBUG o.s.w.s.m.m.a.HttpEntityMethodProcessor - Writing [StandardResponseOutDTO{status='SUCCESS', message='Fetched user info', data=UserOutDTO(userId=1, user (truncated)...]
2025-07-05 14:06:18 DEBUG o.s.web.servlet.DispatcherServlet - Completed 200 OK
2025-07-05 14:06:18 DEBUG o.s.web.servlet.DispatcherServlet - GET "/api/service-api/users/1", parameters={}
2025-07-05 14:06:18 DEBUG o.s.w.s.m.m.a.RequestMappingHandlerMapping - Mapped to com.nt.LMS.controller.UserController#getUserNameById(long)
2025-07-05 14:06:18 DEBUG o.s.w.s.m.m.a.HttpEntityMethodProcessor - Using 'application/json', given [application/json, text/plain, */*] and supported [application/json, application/*+json]
2025-07-05 14:06:18 DEBUG o.s.w.s.m.m.a.HttpEntityMethodProcessor - Writing [StandardResponseOutDTO{status='SUCCESS', message='Fetched user info', data=UserOutDTO(userId=1, user (truncated)...]
2025-07-05 14:06:18 DEBUG o.s.web.servlet.DispatcherServlet - Completed 200 OK
2025-07-05 14:06:20 DEBUG o.s.web.servlet.DispatcherServlet - GET "/api/service-api/users/getDeadlines", parameters={}
2025-07-05 14:06:20 DEBUG o.s.w.s.m.m.a.RequestMappingHandlerMapping - Mapped to com.nt.LMS.controller.UserController#getUserDeadlines()
2025-07-05 14:06:20 DEBUG o.s.w.s.m.m.a.HttpEntityMethodProcessor - Using 'application/json', given [application/json, text/plain, */*] and supported [application/json, application/*+json]
2025-07-05 14:06:20 DEBUG o.s.w.s.m.m.a.HttpEntityMethodProcessor - Writing [StandardResponseOutDTO{status='SUCCESS', message='null', data=[]}]
2025-07-05 14:06:20 DEBUG o.s.web.servlet.DispatcherServlet - Completed 200 OK
2025-07-05 14:06:20 DEBUG o.s.web.servlet.DispatcherServlet - GET "/api/service-api/enrollments/47/statistics", parameters={}
2025-07-05 14:06:20 DEBUG o.s.w.s.m.m.a.RequestMappingHandlerMapping - Mapped to com.nt.LMS.controller.UserCourseEnrollmentController#getUserEnrollments(Long)
2025-07-05 14:06:20 DEBUG o.s.w.s.m.m.a.HttpEntityMethodProcessor - Using 'application/json', given [application/json, text/plain, */*] and supported [application/json, application/*+json]
2025-07-05 14:06:20 DEBUG o.s.w.s.m.m.a.HttpEntityMethodProcessor - Writing [StandardResponseOutDTO{status='SUCCESS', message='Fetched Users Enrolled', data={groups=1, enrollmen (truncated)...]
2025-07-05 14:06:20 DEBUG o.s.web.servlet.DispatcherServlet - Completed 200 OK
2025-07-05 14:06:20 DEBUG o.s.web.servlet.DispatcherServlet - GET "/api/service-api/enrollment/userCourses/47", parameters={}
2025-07-05 14:06:20 DEBUG o.s.w.s.m.m.a.RequestMappingHandlerMapping - Mapped to com.nt.LMS.controller.EnrollmentController#getEnrolledCoursesByUserId(Long)
2025-07-05 14:06:20 DEBUG o.s.w.s.m.m.a.HttpEntityMethodProcessor - Using 'application/json', given [application/json, text/plain, */*] and supported [application/json, application/*+json]
2025-07-05 14:06:20 DEBUG o.s.w.s.m.m.a.HttpEntityMethodProcessor - Writing [StandardResponseOutDTO{status='SUCCESS', message='Fetched enrolled courses successfully', data=[User (truncated)...]
2025-07-05 14:06:20 DEBUG o.s.web.servlet.DispatcherServlet - Completed 200 OK
2025-07-05 14:06:20 DEBUG o.s.web.servlet.DispatcherServlet - GET "/api/service-api/users/1", parameters={}
2025-07-05 14:06:20 DEBUG o.s.w.s.m.m.a.RequestMappingHandlerMapping - Mapped to com.nt.LMS.controller.UserController#getUserNameById(long)
2025-07-05 14:06:20 DEBUG o.s.w.s.m.m.a.HttpEntityMethodProcessor - Using 'application/json', given [application/json, text/plain, */*] and supported [application/json, application/*+json]
2025-07-05 14:06:20 DEBUG o.s.w.s.m.m.a.HttpEntityMethodProcessor - Writing [StandardResponseOutDTO{status='SUCCESS', message='Fetched user info', data=UserOutDTO(userId=1, user (truncated)...]
2025-07-05 14:06:20 DEBUG o.s.web.servlet.DispatcherServlet - Completed 200 OK
2025-07-05 14:06:20 DEBUG o.s.web.servlet.DispatcherServlet - GET "/api/service-api/users/1", parameters={}
2025-07-05 14:06:20 DEBUG o.s.w.s.m.m.a.RequestMappingHandlerMapping - Mapped to com.nt.LMS.controller.UserController#getUserNameById(long)
2025-07-05 14:06:20 DEBUG o.s.w.s.m.m.a.HttpEntityMethodProcessor - Using 'application/json', given [application/json, text/plain, */*] and supported [application/json, application/*+json]
2025-07-05 14:06:20 DEBUG o.s.w.s.m.m.a.HttpEntityMethodProcessor - Writing [StandardResponseOutDTO{status='SUCCESS', message='Fetched user info', data=UserOutDTO(userId=1, user (truncated)...]
2025-07-05 14:06:20 DEBUG o.s.web.servlet.DispatcherServlet - Completed 200 OK
2025-07-05 14:06:28 DEBUG o.s.web.servlet.DispatcherServlet - GET "/api/service-api/enrollment/userCourses/47", parameters={}
2025-07-05 14:06:28 DEBUG o.s.w.s.m.m.a.RequestMappingHandlerMapping - Mapped to com.nt.LMS.controller.EnrollmentController#getEnrolledCoursesByUserId(Long)
2025-07-05 14:06:28 DEBUG o.s.w.s.m.m.a.HttpEntityMethodProcessor - Using 'application/json', given [application/json, text/plain, */*] and supported [application/json, application/*+json]
2025-07-05 14:06:28 DEBUG o.s.w.s.m.m.a.HttpEntityMethodProcessor - Writing [StandardResponseOutDTO{status='SUCCESS', message='Fetched enrolled courses successfully', data=[User (truncated)...]
2025-07-05 14:06:28 DEBUG o.s.web.servlet.DispatcherServlet - Completed 200 OK
2025-07-05 14:06:29 DEBUG o.s.web.servlet.DispatcherServlet - GET "/api/service-api/users/1", parameters={}
2025-07-05 14:06:29 DEBUG o.s.w.s.m.m.a.RequestMappingHandlerMapping - Mapped to com.nt.LMS.controller.UserController#getUserNameById(long)
2025-07-05 14:06:29 DEBUG o.s.w.s.m.m.a.HttpEntityMethodProcessor - Using 'application/json', given [application/json, text/plain, */*] and supported [application/json, application/*+json]
2025-07-05 14:06:29 DEBUG o.s.w.s.m.m.a.HttpEntityMethodProcessor - Writing [StandardResponseOutDTO{status='SUCCESS', message='Fetched user info', data=UserOutDTO(userId=1, user (truncated)...]
2025-07-05 14:06:29 DEBUG o.s.web.servlet.DispatcherServlet - Completed 200 OK
2025-07-05 14:06:29 DEBUG o.s.web.servlet.DispatcherServlet - GET "/api/service-api/users/1", parameters={}
2025-07-05 14:06:29 DEBUG o.s.w.s.m.m.a.RequestMappingHandlerMapping - Mapped to com.nt.LMS.controller.UserController#getUserNameById(long)
2025-07-05 14:06:29 DEBUG o.s.w.s.m.m.a.HttpEntityMethodProcessor - Using 'application/json', given [application/json, text/plain, */*] and supported [application/json, application/*+json]
2025-07-05 14:06:29 DEBUG o.s.w.s.m.m.a.HttpEntityMethodProcessor - Writing [StandardResponseOutDTO{status='SUCCESS', message='Fetched user info', data=UserOutDTO(userId=1, user (truncated)...]
2025-07-05 14:06:29 DEBUG o.s.web.servlet.DispatcherServlet - Completed 200 OK
2025-07-05 17:03:24 WARN  com.zaxxer.hikari.pool.HikariPool - HikariPool-1 - Thread starvation or clock leap detected (housekeeper delta=1h29m23s319ms41µs900ns).
2025-07-05 21:15:24 WARN  com.zaxxer.hikari.pool.HikariPool - HikariPool-1 - Thread starvation or clock leap detected (housekeeper delta=4h9m58s966ms564µs200ns).
2025-07-05 22:34:20 WARN  com.zaxxer.hikari.pool.HikariPool - HikariPool-1 - Thread starvation or clock leap detected (housekeeper delta=1h18m55s546ms391µs300ns).
2025-07-05 22:51:31 WARN  com.zaxxer.hikari.pool.HikariPool - HikariPool-1 - Thread starvation or clock leap detected (housekeeper delta=4m41s352ms265µs100ns).
2025-07-05 23:25:20 WARN  com.zaxxer.hikari.pool.HikariPool - HikariPool-1 - Thread starvation or clock leap detected (housekeeper delta=48s114ms905µs800ns).
2025-07-06 16:14:46 WARN  com.zaxxer.hikari.pool.HikariPool - HikariPool-1 - Thread starvation or clock leap detected (housekeeper delta=16h45m1s45ms542µs700ns).
2025-07-06 18:12:10 WARN  com.zaxxer.hikari.pool.HikariPool - HikariPool-1 - Thread starvation or clock leap detected (housekeeper delta=1h50m25s796ms621µs400ns).
2025-07-06 19:59:31 DEBUG o.s.web.servlet.DispatcherServlet - GET "/api/service-api/enrollments/47/statistics", parameters={}
2025-07-06 19:59:31 DEBUG o.s.web.servlet.DispatcherServlet - GET "/api/service-api/users/getDeadlines", parameters={}
2025-07-06 19:59:31 DEBUG o.s.w.s.m.m.a.RequestMappingHandlerMapping - Mapped to com.nt.LMS.controller.UserController#getUserDeadlines()
2025-07-06 19:59:31 DEBUG o.s.w.s.m.m.a.RequestMappingHandlerMapping - Mapped to com.nt.LMS.controller.UserCourseEnrollmentController#getUserEnrollments(Long)
2025-07-06 19:59:32 DEBUG o.s.w.s.m.m.a.HttpEntityMethodProcessor - Using 'application/json', given [application/json, text/plain, */*] and supported [application/json, application/*+json]
2025-07-06 19:59:32 DEBUG o.s.w.s.m.m.a.HttpEntityMethodProcessor - Using 'application/json', given [application/json, text/plain, */*] and supported [application/json, application/*+json]
2025-07-06 19:59:32 DEBUG o.s.w.s.m.m.a.HttpEntityMethodProcessor - Writing [StandardResponseOutDTO{status='SUCCESS', message='Fetched Users Enrolled', data={groups=1, enrollmen (truncated)...]
2025-07-06 19:59:32 DEBUG o.s.w.s.m.m.a.HttpEntityMethodProcessor - Writing [StandardResponseOutDTO{status='SUCCESS', message='null', data=[]}]
2025-07-06 19:59:32 DEBUG o.s.web.servlet.DispatcherServlet - Completed 200 OK
2025-07-06 19:59:32 DEBUG o.s.web.servlet.DispatcherServlet - Completed 200 OK
2025-07-06 19:59:32 DEBUG o.s.web.servlet.DispatcherServlet - GET "/api/service-api/enrollment/userCourses/47", parameters={}
2025-07-06 19:59:32 DEBUG o.s.w.s.m.m.a.RequestMappingHandlerMapping - Mapped to com.nt.LMS.controller.EnrollmentController#getEnrolledCoursesByUserId(Long)
2025-07-06 19:59:32 DEBUG o.s.w.s.m.m.a.HttpEntityMethodProcessor - Using 'application/json', given [application/json, text/plain, */*] and supported [application/json, application/*+json]
2025-07-06 19:59:32 DEBUG o.s.w.s.m.m.a.HttpEntityMethodProcessor - Writing [StandardResponseOutDTO{status='SUCCESS', message='Fetched enrolled courses successfully', data=[User (truncated)...]
2025-07-06 19:59:32 DEBUG o.s.web.servlet.DispatcherServlet - Completed 200 OK
2025-07-06 19:59:32 DEBUG o.s.web.servlet.DispatcherServlet - GET "/api/service-api/users/1", parameters={}
2025-07-06 19:59:32 DEBUG o.s.w.s.m.m.a.RequestMappingHandlerMapping - Mapped to com.nt.LMS.controller.UserController#getUserNameById(long)
2025-07-06 19:59:32 DEBUG o.s.w.s.m.m.a.HttpEntityMethodProcessor - Using 'application/json', given [application/json, text/plain, */*] and supported [application/json, application/*+json]
2025-07-06 19:59:32 DEBUG o.s.w.s.m.m.a.HttpEntityMethodProcessor - Writing [StandardResponseOutDTO{status='SUCCESS', message='Fetched user info', data=UserOutDTO(userId=1, user (truncated)...]
2025-07-06 19:59:32 DEBUG o.s.web.servlet.DispatcherServlet - Completed 200 OK
2025-07-06 19:59:33 DEBUG o.s.web.servlet.DispatcherServlet - GET "/api/service-api/users/1", parameters={}
2025-07-06 19:59:33 DEBUG o.s.w.s.m.m.a.RequestMappingHandlerMapping - Mapped to com.nt.LMS.controller.UserController#getUserNameById(long)
2025-07-06 19:59:33 DEBUG o.s.w.s.m.m.a.HttpEntityMethodProcessor - Using 'application/json', given [application/json, text/plain, */*] and supported [application/json, application/*+json]
2025-07-06 19:59:33 DEBUG o.s.w.s.m.m.a.HttpEntityMethodProcessor - Writing [StandardResponseOutDTO{status='SUCCESS', message='Fetched user info', data=UserOutDTO(userId=1, user (truncated)...]
2025-07-06 19:59:33 DEBUG o.s.web.servlet.DispatcherServlet - Completed 200 OK
2025-07-06 19:59:40 DEBUG o.s.web.servlet.DispatcherServlet - GET "/api/service-api/enrollment/userCourses/47", parameters={}
2025-07-06 19:59:40 DEBUG o.s.w.s.m.m.a.RequestMappingHandlerMapping - Mapped to com.nt.LMS.controller.EnrollmentController#getEnrolledCoursesByUserId(Long)
2025-07-06 19:59:40 DEBUG o.s.w.s.m.m.a.HttpEntityMethodProcessor - Using 'application/json', given [application/json, text/plain, */*] and supported [application/json, application/*+json]
2025-07-06 19:59:40 DEBUG o.s.w.s.m.m.a.HttpEntityMethodProcessor - Writing [StandardResponseOutDTO{status='SUCCESS', message='Fetched enrolled courses successfully', data=[User (truncated)...]
2025-07-06 19:59:40 DEBUG o.s.web.servlet.DispatcherServlet - Completed 200 OK
2025-07-06 19:59:40 DEBUG o.s.web.servlet.DispatcherServlet - GET "/api/service-api/users/1", parameters={}
2025-07-06 19:59:40 DEBUG o.s.w.s.m.m.a.RequestMappingHandlerMapping - Mapped to com.nt.LMS.controller.UserController#getUserNameById(long)
2025-07-06 19:59:40 DEBUG o.s.w.s.m.m.a.HttpEntityMethodProcessor - Using 'application/json', given [application/json, text/plain, */*] and supported [application/json, application/*+json]
2025-07-06 19:59:40 DEBUG o.s.w.s.m.m.a.HttpEntityMethodProcessor - Writing [StandardResponseOutDTO{status='SUCCESS', message='Fetched user info', data=UserOutDTO(userId=1, user (truncated)...]
2025-07-06 19:59:40 DEBUG o.s.web.servlet.DispatcherServlet - Completed 200 OK
2025-07-06 19:59:40 DEBUG o.s.web.servlet.DispatcherServlet - GET "/api/service-api/users/1", parameters={}
2025-07-06 19:59:40 DEBUG o.s.w.s.m.m.a.RequestMappingHandlerMapping - Mapped to com.nt.LMS.controller.UserController#getUserNameById(long)
2025-07-06 19:59:40 DEBUG o.s.w.s.m.m.a.HttpEntityMethodProcessor - Using 'application/json', given [application/json, text/plain, */*] and supported [application/json, application/*+json]
2025-07-06 19:59:40 DEBUG o.s.w.s.m.m.a.HttpEntityMethodProcessor - Writing [StandardResponseOutDTO{status='SUCCESS', message='Fetched user info', data=UserOutDTO(userId=1, user (truncated)...]
2025-07-06 19:59:40 DEBUG o.s.web.servlet.DispatcherServlet - Completed 200 OK
2025-07-06 20:04:30 DEBUG o.s.web.servlet.DispatcherServlet - GET "/api/service-api/users/getDeadlines", parameters={}
2025-07-06 20:04:30 DEBUG o.s.w.s.m.m.a.RequestMappingHandlerMapping - Mapped to com.nt.LMS.controller.UserController#getUserDeadlines()
2025-07-06 20:04:30 DEBUG o.s.w.s.m.m.a.HttpEntityMethodProcessor - Using 'application/json', given [application/json, text/plain, */*] and supported [application/json, application/*+json]
2025-07-06 20:04:30 DEBUG o.s.w.s.m.m.a.HttpEntityMethodProcessor - Writing [StandardResponseOutDTO{status='SUCCESS', message='null', data=[]}]
2025-07-06 20:04:30 DEBUG o.s.web.servlet.DispatcherServlet - Completed 200 OK
2025-07-06 20:04:30 DEBUG o.s.web.servlet.DispatcherServlet - GET "/api/service-api/enrollments/47/statistics", parameters={}
2025-07-06 20:04:30 DEBUG o.s.w.s.m.m.a.RequestMappingHandlerMapping - Mapped to com.nt.LMS.controller.UserCourseEnrollmentController#getUserEnrollments(Long)
2025-07-06 20:04:30 DEBUG o.s.w.s.m.m.a.HttpEntityMethodProcessor - Using 'application/json', given [application/json, text/plain, */*] and supported [application/json, application/*+json]
2025-07-06 20:04:30 DEBUG o.s.w.s.m.m.a.HttpEntityMethodProcessor - Writing [StandardResponseOutDTO{status='SUCCESS', message='Fetched Users Enrolled', data={groups=1, enrollmen (truncated)...]
2025-07-06 20:04:30 DEBUG o.s.web.servlet.DispatcherServlet - Completed 200 OK
2025-07-06 20:04:30 DEBUG o.s.web.servlet.DispatcherServlet - GET "/api/service-api/enrollment/userCourses/47", parameters={}
2025-07-06 20:04:30 DEBUG o.s.w.s.m.m.a.RequestMappingHandlerMapping - Mapped to com.nt.LMS.controller.EnrollmentController#getEnrolledCoursesByUserId(Long)
2025-07-06 20:04:30 DEBUG o.s.w.s.m.m.a.HttpEntityMethodProcessor - Using 'application/json', given [application/json, text/plain, */*] and supported [application/json, application/*+json]
2025-07-06 20:04:30 DEBUG o.s.w.s.m.m.a.HttpEntityMethodProcessor - Writing [StandardResponseOutDTO{status='SUCCESS', message='Fetched enrolled courses successfully', data=[User (truncated)...]
2025-07-06 20:04:30 DEBUG o.s.web.servlet.DispatcherServlet - Completed 200 OK
2025-07-06 20:04:30 DEBUG o.s.web.servlet.DispatcherServlet - GET "/api/service-api/users/1", parameters={}
2025-07-06 20:04:30 DEBUG o.s.w.s.m.m.a.RequestMappingHandlerMapping - Mapped to com.nt.LMS.controller.UserController#getUserNameById(long)
2025-07-06 20:04:30 DEBUG o.s.w.s.m.m.a.HttpEntityMethodProcessor - Using 'application/json', given [application/json, text/plain, */*] and supported [application/json, application/*+json]
2025-07-06 20:04:30 DEBUG o.s.w.s.m.m.a.HttpEntityMethodProcessor - Writing [StandardResponseOutDTO{status='SUCCESS', message='Fetched user info', data=UserOutDTO(userId=1, user (truncated)...]
2025-07-06 20:04:30 DEBUG o.s.web.servlet.DispatcherServlet - Completed 200 OK
2025-07-06 20:04:30 DEBUG o.s.web.servlet.DispatcherServlet - GET "/api/service-api/users/1", parameters={}
2025-07-06 20:04:30 DEBUG o.s.w.s.m.m.a.RequestMappingHandlerMapping - Mapped to com.nt.LMS.controller.UserController#getUserNameById(long)
2025-07-06 20:04:30 DEBUG o.s.w.s.m.m.a.HttpEntityMethodProcessor - Using 'application/json', given [application/json, text/plain, */*] and supported [application/json, application/*+json]
2025-07-06 20:04:30 DEBUG o.s.w.s.m.m.a.HttpEntityMethodProcessor - Writing [StandardResponseOutDTO{status='SUCCESS', message='Fetched user info', data=UserOutDTO(userId=1, user (truncated)...]
2025-07-06 20:04:30 DEBUG o.s.web.servlet.DispatcherServlet - Completed 200 OK
2025-07-06 20:04:31 DEBUG o.s.web.servlet.DispatcherServlet - GET "/api/service-api/enrollment/userCourses/47", parameters={}
2025-07-06 20:04:31 DEBUG o.s.w.s.m.m.a.RequestMappingHandlerMapping - Mapped to com.nt.LMS.controller.EnrollmentController#getEnrolledCoursesByUserId(Long)
2025-07-06 20:04:31 DEBUG o.s.w.s.m.m.a.HttpEntityMethodProcessor - Using 'application/json', given [application/json, text/plain, */*] and supported [application/json, application/*+json]
2025-07-06 20:04:31 DEBUG o.s.w.s.m.m.a.HttpEntityMethodProcessor - Writing [StandardResponseOutDTO{status='SUCCESS', message='Fetched enrolled courses successfully', data=[User (truncated)...]
2025-07-06 20:04:31 DEBUG o.s.web.servlet.DispatcherServlet - Completed 200 OK
2025-07-06 20:04:31 DEBUG o.s.web.servlet.DispatcherServlet - GET "/api/service-api/users/1", parameters={}
2025-07-06 20:04:31 DEBUG o.s.w.s.m.m.a.RequestMappingHandlerMapping - Mapped to com.nt.LMS.controller.UserController#getUserNameById(long)
2025-07-06 20:04:31 DEBUG o.s.w.s.m.m.a.HttpEntityMethodProcessor - Using 'application/json', given [application/json, text/plain, */*] and supported [application/json, application/*+json]
2025-07-06 20:04:31 DEBUG o.s.w.s.m.m.a.HttpEntityMethodProcessor - Writing [StandardResponseOutDTO{status='SUCCESS', message='Fetched user info', data=UserOutDTO(userId=1, user (truncated)...]
2025-07-06 20:04:31 DEBUG o.s.web.servlet.DispatcherServlet - Completed 200 OK
2025-07-06 20:04:31 DEBUG o.s.web.servlet.DispatcherServlet - GET "/api/service-api/users/1", parameters={}
2025-07-06 20:04:31 DEBUG o.s.w.s.m.m.a.RequestMappingHandlerMapping - Mapped to com.nt.LMS.controller.UserController#getUserNameById(long)
2025-07-06 20:04:31 DEBUG o.s.w.s.m.m.a.HttpEntityMethodProcessor - Using 'application/json', given [application/json, text/plain, */*] and supported [application/json, application/*+json]
2025-07-06 20:04:31 DEBUG o.s.w.s.m.m.a.HttpEntityMethodProcessor - Writing [StandardResponseOutDTO{status='SUCCESS', message='Fetched user info', data=UserOutDTO(userId=1, user (truncated)...]
2025-07-06 20:04:31 DEBUG o.s.web.servlet.DispatcherServlet - Completed 200 OK
2025-07-06 20:04:37 DEBUG o.s.web.servlet.DispatcherServlet - GET "/api/service-api/enrollment/userCourses/47", parameters={}
2025-07-06 20:04:37 DEBUG o.s.w.s.m.m.a.RequestMappingHandlerMapping - Mapped to com.nt.LMS.controller.EnrollmentController#getEnrolledCoursesByUserId(Long)
2025-07-06 20:04:37 DEBUG o.s.w.s.m.m.a.HttpEntityMethodProcessor - Using 'application/json', given [application/json, text/plain, */*] and supported [application/json, application/*+json]
2025-07-06 20:04:37 DEBUG o.s.w.s.m.m.a.HttpEntityMethodProcessor - Writing [StandardResponseOutDTO{status='SUCCESS', message='Fetched enrolled courses successfully', data=[User (truncated)...]
2025-07-06 20:04:37 DEBUG o.s.web.servlet.DispatcherServlet - Completed 200 OK
2025-07-06 20:04:37 DEBUG o.s.web.servlet.DispatcherServlet - GET "/api/service-api/users/1", parameters={}
2025-07-06 20:04:37 DEBUG o.s.w.s.m.m.a.RequestMappingHandlerMapping - Mapped to com.nt.LMS.controller.UserController#getUserNameById(long)
2025-07-06 20:04:37 DEBUG o.s.w.s.m.m.a.HttpEntityMethodProcessor - Using 'application/json', given [application/json, text/plain, */*] and supported [application/json, application/*+json]
2025-07-06 20:04:37 DEBUG o.s.w.s.m.m.a.HttpEntityMethodProcessor - Writing [StandardResponseOutDTO{status='SUCCESS', message='Fetched user info', data=UserOutDTO(userId=1, user (truncated)...]
2025-07-06 20:04:37 DEBUG o.s.web.servlet.DispatcherServlet - Completed 200 OK
2025-07-06 20:04:37 DEBUG o.s.web.servlet.DispatcherServlet - GET "/api/service-api/users/1", parameters={}
2025-07-06 20:04:37 DEBUG o.s.w.s.m.m.a.RequestMappingHandlerMapping - Mapped to com.nt.LMS.controller.UserController#getUserNameById(long)
2025-07-06 20:04:37 DEBUG o.s.w.s.m.m.a.HttpEntityMethodProcessor - Using 'application/json', given [application/json, text/plain, */*] and supported [application/json, application/*+json]
2025-07-06 20:04:37 DEBUG o.s.w.s.m.m.a.HttpEntityMethodProcessor - Writing [StandardResponseOutDTO{status='SUCCESS', message='Fetched user info', data=UserOutDTO(userId=1, user (truncated)...]
2025-07-06 20:04:37 DEBUG o.s.web.servlet.DispatcherServlet - Completed 200 OK
2025-07-07 01:18:47 WARN  com.zaxxer.hikari.pool.HikariPool - HikariPool-1 - Thread starvation or clock leap detected (housekeeper delta=4h25m34s270ms967µs699ns).
2025-07-07 10:22:17 WARN  com.zaxxer.hikari.pool.HikariPool - HikariPool-1 - Thread starvation or clock leap detected (housekeeper delta=9h3m34s187ms247µs801ns).
2025-07-07 10:23:27 DEBUG o.s.web.servlet.DispatcherServlet - GET "/api/service-api/enrollment/statistics", parameters={}
2025-07-07 10:23:27 DEBUG o.s.web.servlet.DispatcherServlet - GET "/api/service-api/admin/count", parameters={}
2025-07-07 10:23:27 DEBUG o.s.web.servlet.DispatcherServlet - GET "/api/service-api/group/count", parameters={}
2025-07-07 10:23:27 DEBUG o.s.web.servlet.DispatcherServlet - GET "/api/service-api/admin/users/recent", parameters={}
2025-07-07 10:23:27 DEBUG o.s.w.s.m.m.a.RequestMappingHandlerMapping - Mapped to com.nt.LMS.controller.GroupController#getGroupCount()
2025-07-07 10:23:27 DEBUG o.s.w.s.m.m.a.RequestMappingHandlerMapping - Mapped to com.nt.LMS.controller.EnrollmentController#getEnrollmentStatistics()
2025-07-07 10:23:27 DEBUG o.s.w.s.m.m.a.RequestMappingHandlerMapping - Mapped to com.nt.LMS.controller.AdminController#getTotalUserCount()
2025-07-07 10:23:27 DEBUG o.s.w.s.m.m.a.RequestMappingHandlerMapping - Mapped to com.nt.LMS.controller.AdminController#getRecentUsers()
2025-07-07 10:23:27 INFO  c.nt.LMS.controller.GroupController - Received request to get total Group count.
2025-07-07 10:23:27 INFO  c.nt.LMS.controller.AdminController - Fetching total user count
2025-07-07 10:23:27 INFO  c.nt.LMS.controller.GroupController - Total Group count retrieved: 2
2025-07-07 10:23:28 DEBUG o.s.w.s.m.m.a.HttpEntityMethodProcessor - Using 'application/json', given [application/json, text/plain, */*] and supported [application/json, application/*+json]
2025-07-07 10:23:28 DEBUG o.s.w.s.m.m.a.HttpEntityMethodProcessor - Writing [MessageOutDto(message=2)]
2025-07-07 10:23:28 DEBUG o.s.web.servlet.DispatcherServlet - Completed 200 OK
2025-07-07 10:23:28 DEBUG o.s.w.s.m.m.a.HttpEntityMethodProcessor - Using 'application/json', given [application/json, text/plain, */*] and supported [application/json, application/*+json]
2025-07-07 10:23:28 DEBUG o.s.w.s.m.m.a.HttpEntityMethodProcessor - Writing [StandardResponseOutDTO{status='SUCCESS', message='Fetched Recent Users', data=[UsersDetailsViewDTO(f (truncated)...]
2025-07-07 10:23:28 DEBUG o.s.web.servlet.DispatcherServlet - Completed 200 OK
2025-07-07 10:23:28 INFO  c.nt.LMS.controller.AdminController - Total user count retrieved: 11
2025-07-07 10:23:28 DEBUG o.s.w.s.m.m.a.HttpEntityMethodProcessor - Using 'application/json', given [application/json, text/plain, */*] and supported [application/json, application/*+json]
2025-07-07 10:23:28 DEBUG o.s.w.s.m.m.a.HttpEntityMethodProcessor - Writing [StandardResponseOutDTO{status='SUCCESS', message='Fetched User Count', data=11}]
2025-07-07 10:23:28 DEBUG o.s.web.servlet.DispatcherServlet - Completed 200 OK
2025-07-07 10:23:28 DEBUG o.s.w.s.m.m.a.HttpEntityMethodProcessor - Using 'application/json', given [application/json, text/plain, */*] and supported [application/json, application/*+json]
2025-07-07 10:23:28 DEBUG o.s.w.s.m.m.a.HttpEntityMethodProcessor - Writing [StandardResponseOutDTO{status='SUCCESS', message='Fetched Enrollment Statistics', data=EnrollmentDas (truncated)...]
2025-07-07 10:23:28 DEBUG o.s.web.servlet.DispatcherServlet - Completed 200 OK
2025-07-07 10:23:54 DEBUG o.s.web.servlet.DispatcherServlet - GET "/api/service-api/users/getDeadlines", parameters={}
2025-07-07 10:23:54 DEBUG o.s.w.s.m.m.a.RequestMappingHandlerMapping - Mapped to com.nt.LMS.controller.UserController#getUserDeadlines()
2025-07-07 10:23:54 DEBUG o.s.w.s.m.m.a.HttpEntityMethodProcessor - Using 'application/json', given [application/json, text/plain, */*] and supported [application/json, application/*+json]
2025-07-07 10:23:54 DEBUG o.s.w.s.m.m.a.HttpEntityMethodProcessor - Writing [StandardResponseOutDTO{status='SUCCESS', message='null', data=[]}]
2025-07-07 10:23:54 DEBUG o.s.web.servlet.DispatcherServlet - Completed 200 OK
2025-07-07 10:23:54 DEBUG o.s.web.servlet.DispatcherServlet - GET "/api/service-api/enrollments/47/statistics", parameters={}
2025-07-07 10:23:54 DEBUG o.s.w.s.m.m.a.RequestMappingHandlerMapping - Mapped to com.nt.LMS.controller.UserCourseEnrollmentController#getUserEnrollments(Long)
2025-07-07 10:23:54 DEBUG o.s.w.s.m.m.a.HttpEntityMethodProcessor - Using 'application/json', given [application/json, text/plain, */*] and supported [application/json, application/*+json]
2025-07-07 10:23:54 DEBUG o.s.w.s.m.m.a.HttpEntityMethodProcessor - Writing [StandardResponseOutDTO{status='SUCCESS', message='Fetched Users Enrolled', data={groups=1, enrollmen (truncated)...]
2025-07-07 10:23:54 DEBUG o.s.web.servlet.DispatcherServlet - Completed 200 OK
2025-07-07 10:23:54 DEBUG o.s.web.servlet.DispatcherServlet - GET "/api/service-api/enrollment/userCourses/47", parameters={}
2025-07-07 10:23:54 DEBUG o.s.w.s.m.m.a.RequestMappingHandlerMapping - Mapped to com.nt.LMS.controller.EnrollmentController#getEnrolledCoursesByUserId(Long)
2025-07-07 10:23:54 DEBUG o.s.w.s.m.m.a.HttpEntityMethodProcessor - Using 'application/json', given [application/json, text/plain, */*] and supported [application/json, application/*+json]
2025-07-07 10:23:54 DEBUG o.s.w.s.m.m.a.HttpEntityMethodProcessor - Writing [StandardResponseOutDTO{status='SUCCESS', message='Fetched enrolled courses successfully', data=[User (truncated)...]
2025-07-07 10:23:54 DEBUG o.s.web.servlet.DispatcherServlet - Completed 200 OK
2025-07-07 10:23:54 DEBUG o.s.web.servlet.DispatcherServlet - GET "/api/service-api/users/1", parameters={}
2025-07-07 10:23:54 DEBUG o.s.w.s.m.m.a.RequestMappingHandlerMapping - Mapped to com.nt.LMS.controller.UserController#getUserNameById(long)
2025-07-07 10:23:54 DEBUG o.s.w.s.m.m.a.HttpEntityMethodProcessor - Using 'application/json', given [application/json, text/plain, */*] and supported [application/json, application/*+json]
2025-07-07 10:23:54 DEBUG o.s.w.s.m.m.a.HttpEntityMethodProcessor - Writing [StandardResponseOutDTO{status='SUCCESS', message='Fetched user info', data=UserOutDTO(userId=1, user (truncated)...]
2025-07-07 10:23:54 DEBUG o.s.web.servlet.DispatcherServlet - Completed 200 OK
2025-07-07 10:23:54 DEBUG o.s.web.servlet.DispatcherServlet - GET "/api/service-api/users/1", parameters={}
2025-07-07 10:23:54 DEBUG o.s.w.s.m.m.a.RequestMappingHandlerMapping - Mapped to com.nt.LMS.controller.UserController#getUserNameById(long)
2025-07-07 10:23:54 DEBUG o.s.w.s.m.m.a.HttpEntityMethodProcessor - Using 'application/json', given [application/json, text/plain, */*] and supported [application/json, application/*+json]
2025-07-07 10:23:54 DEBUG o.s.w.s.m.m.a.HttpEntityMethodProcessor - Writing [StandardResponseOutDTO{status='SUCCESS', message='Fetched user info', data=UserOutDTO(userId=1, user (truncated)...]
2025-07-07 10:23:54 DEBUG o.s.web.servlet.DispatcherServlet - Completed 200 OK
2025-07-07 10:23:57 DEBUG o.s.web.servlet.DispatcherServlet - GET "/api/service-api/enrollment/userCourses/47", parameters={}
2025-07-07 10:23:57 DEBUG o.s.w.s.m.m.a.RequestMappingHandlerMapping - Mapped to com.nt.LMS.controller.EnrollmentController#getEnrolledCoursesByUserId(Long)
2025-07-07 10:23:57 DEBUG o.s.w.s.m.m.a.HttpEntityMethodProcessor - Using 'application/json', given [application/json, text/plain, */*] and supported [application/json, application/*+json]
2025-07-07 10:23:57 DEBUG o.s.w.s.m.m.a.HttpEntityMethodProcessor - Writing [StandardResponseOutDTO{status='SUCCESS', message='Fetched enrolled courses successfully', data=[User (truncated)...]
2025-07-07 10:23:57 DEBUG o.s.web.servlet.DispatcherServlet - Completed 200 OK
2025-07-07 10:23:57 DEBUG o.s.web.servlet.DispatcherServlet - GET "/api/service-api/users/1", parameters={}
2025-07-07 10:23:57 DEBUG o.s.w.s.m.m.a.RequestMappingHandlerMapping - Mapped to com.nt.LMS.controller.UserController#getUserNameById(long)
2025-07-07 10:23:57 DEBUG o.s.w.s.m.m.a.HttpEntityMethodProcessor - Using 'application/json', given [application/json, text/plain, */*] and supported [application/json, application/*+json]
2025-07-07 10:23:57 DEBUG o.s.w.s.m.m.a.HttpEntityMethodProcessor - Writing [StandardResponseOutDTO{status='SUCCESS', message='Fetched user info', data=UserOutDTO(userId=1, user (truncated)...]
2025-07-07 10:23:57 DEBUG o.s.web.servlet.DispatcherServlet - Completed 200 OK
2025-07-07 10:23:57 DEBUG o.s.web.servlet.DispatcherServlet - GET "/api/service-api/users/1", parameters={}
2025-07-07 10:23:57 DEBUG o.s.w.s.m.m.a.RequestMappingHandlerMapping - Mapped to com.nt.LMS.controller.UserController#getUserNameById(long)
2025-07-07 10:23:57 DEBUG o.s.w.s.m.m.a.HttpEntityMethodProcessor - Using 'application/json', given [application/json, text/plain, */*] and supported [application/json, application/*+json]
2025-07-07 10:23:57 DEBUG o.s.w.s.m.m.a.HttpEntityMethodProcessor - Writing [StandardResponseOutDTO{status='SUCCESS', message='Fetched user info', data=UserOutDTO(userId=1, user (truncated)...]
2025-07-07 10:23:57 DEBUG o.s.web.servlet.DispatcherServlet - Completed 200 OK
2025-07-07 10:24:09 DEBUG o.s.web.servlet.DispatcherServlet - GET "/api/service-api/enrollment/userCourses/47", parameters={}
2025-07-07 10:24:09 DEBUG o.s.w.s.m.m.a.RequestMappingHandlerMapping - Mapped to com.nt.LMS.controller.EnrollmentController#getEnrolledCoursesByUserId(Long)
2025-07-07 10:24:09 DEBUG o.s.w.s.m.m.a.HttpEntityMethodProcessor - Using 'application/json', given [application/json, text/plain, */*] and supported [application/json, application/*+json]
2025-07-07 10:24:09 DEBUG o.s.w.s.m.m.a.HttpEntityMethodProcessor - Writing [StandardResponseOutDTO{status='SUCCESS', message='Fetched enrolled courses successfully', data=[User (truncated)...]
2025-07-07 10:24:09 DEBUG o.s.web.servlet.DispatcherServlet - Completed 200 OK
2025-07-07 10:24:09 DEBUG o.s.web.servlet.DispatcherServlet - GET "/api/service-api/users/1", parameters={}
2025-07-07 10:24:09 DEBUG o.s.w.s.m.m.a.RequestMappingHandlerMapping - Mapped to com.nt.LMS.controller.UserController#getUserNameById(long)
2025-07-07 10:24:09 DEBUG o.s.w.s.m.m.a.HttpEntityMethodProcessor - Using 'application/json', given [application/json, text/plain, */*] and supported [application/json, application/*+json]
2025-07-07 10:24:09 DEBUG o.s.w.s.m.m.a.HttpEntityMethodProcessor - Writing [StandardResponseOutDTO{status='SUCCESS', message='Fetched user info', data=UserOutDTO(userId=1, user (truncated)...]
2025-07-07 10:24:09 DEBUG o.s.web.servlet.DispatcherServlet - Completed 200 OK
2025-07-07 10:24:09 DEBUG o.s.web.servlet.DispatcherServlet - GET "/api/service-api/users/1", parameters={}
2025-07-07 10:24:09 DEBUG o.s.w.s.m.m.a.RequestMappingHandlerMapping - Mapped to com.nt.LMS.controller.UserController#getUserNameById(long)
2025-07-07 10:24:09 DEBUG o.s.w.s.m.m.a.HttpEntityMethodProcessor - Using 'application/json', given [application/json, text/plain, */*] and supported [application/json, application/*+json]
2025-07-07 10:24:09 DEBUG o.s.w.s.m.m.a.HttpEntityMethodProcessor - Writing [StandardResponseOutDTO{status='SUCCESS', message='Fetched user info', data=UserOutDTO(userId=1, user (truncated)...]
2025-07-07 10:24:09 DEBUG o.s.web.servlet.DispatcherServlet - Completed 200 OK
2025-07-07 10:28:49 INFO  o.h.validator.internal.util.Version - HV000001: Hibernate Validator 8.0.2.Final
2025-07-07 10:28:49 INFO  com.nt.LMS.LmsApplication - Starting LmsApplication using Java 17.0.12 with PID 35508 (C:\Users\DELL\Desktop\LMS-NT\LMS\build\classes\java\main started by DELL in C:\Users\DELL\Desktop\LMS-NT)
2025-07-07 10:28:49 INFO  com.nt.LMS.LmsApplication - No active profile set, falling back to 1 default profile: "default"
2025-07-07 10:28:51 INFO  o.s.d.r.c.RepositoryConfigurationDelegate - Bootstrapping Spring Data JPA repositories in DEFAULT mode.
2025-07-07 10:28:51 INFO  o.s.d.r.c.RepositoryConfigurationDelegate - Finished Spring Data repository scanning in 237 ms. Found 10 JPA repository interfaces.
2025-07-07 10:28:52 INFO  o.s.cloud.context.scope.GenericScope - BeanFactory id=ba30d0a8-4893-3dfd-8a99-8de263d9bdbc
2025-07-07 10:28:53 INFO  o.s.b.w.e.tomcat.TomcatWebServer - Tomcat initialized with port 8081 (http)
2025-07-07 10:28:53 INFO  o.a.coyote.http11.Http11NioProtocol - Initializing ProtocolHandler ["http-nio-8081"]
2025-07-07 10:28:53 INFO  o.a.catalina.core.StandardService - Starting service [Tomcat]
2025-07-07 10:28:53 INFO  o.a.catalina.core.StandardEngine - Starting Servlet engine: [Apache Tomcat/10.1.39]
2025-07-07 10:28:53 INFO  o.a.c.c.C.[Tomcat].[localhost].[/] - Initializing Spring embedded WebApplicationContext
2025-07-07 10:28:53 INFO  o.s.b.w.s.c.ServletWebServerApplicationContext - Root WebApplicationContext: initialization completed in 4155 ms
2025-07-07 10:28:54 INFO  o.h.jpa.internal.util.LogHelper - HHH000204: Processing PersistenceUnitInfo [name: default]
2025-07-07 10:28:54 INFO  org.hibernate.Version - HHH000412: Hibernate ORM core version 6.6.11.Final
2025-07-07 10:28:54 INFO  o.h.c.i.RegionFactoryInitiator - HHH000026: Second-level cache disabled
2025-07-07 10:28:54 INFO  o.s.o.j.p.SpringPersistenceUnitInfo - No LoadTimeWeaver setup: ignoring JPA class transformer
2025-07-07 10:28:55 INFO  com.zaxxer.hikari.HikariDataSource - HikariPool-1 - Starting...
2025-07-07 10:28:55 INFO  com.zaxxer.hikari.pool.HikariPool - HikariPool-1 - Added connection org.postgresql.jdbc.PgConnection@3350ab4
2025-07-07 10:28:55 INFO  com.zaxxer.hikari.HikariDataSource - HikariPool-1 - Start completed.
2025-07-07 10:28:55 WARN  org.hibernate.orm.deprecation - HHH90000025: PostgreSQLDialect does not need to be specified explicitly using 'hibernate.dialect' (remove the property setting and it will be selected by default)
2025-07-07 10:28:55 INFO  o.hibernate.orm.connections.pooling - HHH10001005: Database info:
	Database JDBC URL [Connecting through datasource 'HikariDataSource (HikariPool-1)']
	Database driver: undefined/unknown
	Database version: 16.3
	Autocommit mode: undefined/unknown
	Isolation level: undefined/unknown
	Minimum pool size: undefined/unknown
	Maximum pool size: undefined/unknown
2025-07-07 10:29:01 INFO  o.h.e.t.j.p.i.JtaPlatformInitiator - HHH000489: No JTA platform available (set 'hibernate.transaction.jta.platform' to enable JTA platform integration)
2025-07-07 10:29:01 INFO  o.s.o.j.LocalContainerEntityManagerFactoryBean - Initialized JPA EntityManagerFactory for persistence unit 'default'
2025-07-07 10:29:04 INFO  o.s.d.j.r.query.QueryEnhancerFactory - Hibernate is in classpath; If applicable, HQL parser will be used.
2025-07-07 10:29:08 WARN  o.s.b.a.o.j.JpaBaseConfiguration$JpaWebConfiguration - spring.jpa.open-in-view is enabled by default. Therefore, database queries may be performed during view rendering. Explicitly configure spring.jpa.open-in-view to disable this warning
2025-07-07 10:29:10 INFO  o.s.s.c.a.a.c.InitializeUserDetailsBeanManagerConfigurer$InitializeUserDetailsManagerConfigurer - Global AuthenticationManager configured with UserDetailsService bean with name userServiceImpl
2025-07-07 10:29:11 DEBUG o.s.w.s.m.m.a.RequestMappingHandlerMapping - 44 mappings in 'requestMappingHandlerMapping'
2025-07-07 10:29:12 DEBUG o.s.w.s.h.SimpleUrlHandlerMapping - Patterns [/webjars/**, /**] in 'resourceHandlerMapping'
2025-07-07 10:29:13 DEBUG o.s.w.s.m.m.a.RequestMappingHandlerAdapter - ControllerAdvice beans: 0 @ModelAttribute, 0 @InitBinder, 1 RequestBodyAdvice, 1 ResponseBodyAdvice
2025-07-07 10:29:13 DEBUG o.s.w.s.m.m.a.ExceptionHandlerExceptionResolver - ControllerAdvice beans: 1 @ExceptionHandler, 1 ResponseBodyAdvice
2025-07-07 10:29:14 INFO  o.a.coyote.http11.Http11NioProtocol - Starting ProtocolHandler ["http-nio-8081"]
2025-07-07 10:29:14 INFO  o.s.b.w.e.tomcat.TomcatWebServer - Tomcat started on port 8081 (http) with context path '/'
2025-07-07 10:29:15 INFO  com.nt.LMS.LmsApplication - Started LmsApplication in 26.694 seconds (process running for 30.854)
2025-07-07 10:30:15 INFO  o.a.c.c.C.[Tomcat].[localhost].[/] - Initializing Spring DispatcherServlet 'dispatcherServlet'
2025-07-07 10:30:15 INFO  o.s.web.servlet.DispatcherServlet - Initializing Servlet 'dispatcherServlet'
2025-07-07 10:30:15 DEBUG o.s.web.servlet.DispatcherServlet - Detected StandardServletMultipartResolver
2025-07-07 10:30:15 DEBUG o.s.web.servlet.DispatcherServlet - Detected AcceptHeaderLocaleResolver
2025-07-07 10:30:15 DEBUG o.s.web.servlet.DispatcherServlet - Detected FixedThemeResolver
2025-07-07 10:30:15 DEBUG o.s.web.servlet.DispatcherServlet - Detected org.springframework.web.servlet.view.DefaultRequestToViewNameTranslator@22128b73
2025-07-07 10:30:15 DEBUG o.s.web.servlet.DispatcherServlet - Detected org.springframework.web.servlet.support.SessionFlashMapManager@6066cf5
2025-07-07 10:30:15 DEBUG o.s.web.servlet.DispatcherServlet - enableLoggingRequestDetails='false': request parameters and headers will be masked to prevent unsafe logging of potentially sensitive data
2025-07-07 10:30:15 INFO  o.s.web.servlet.DispatcherServlet - Completed initialization in 2 ms
2025-07-07 10:30:15 DEBUG o.s.web.servlet.DispatcherServlet - GET "/api/service-api/enrollment/userCourses/47", parameters={}
2025-07-07 10:30:15 DEBUG o.s.w.s.m.m.a.RequestMappingHandlerMapping - Mapped to com.nt.LMS.controller.EnrollmentController#getEnrolledCoursesByUserId(Long)
2025-07-07 10:30:16 DEBUG o.s.w.s.m.m.a.HttpEntityMethodProcessor - Using 'application/json', given [application/json, text/plain, */*] and supported [application/json, application/*+json]
2025-07-07 10:30:16 DEBUG o.s.w.s.m.m.a.HttpEntityMethodProcessor - Writing [StandardResponseOutDTO{status='SUCCESS', message='Fetched enrolled courses successfully', data=[User (truncated)...]
2025-07-07 10:30:16 DEBUG o.s.web.servlet.DispatcherServlet - Completed 200 OK
2025-07-07 10:30:16 DEBUG o.s.web.servlet.DispatcherServlet - GET "/api/service-api/users/1", parameters={}
2025-07-07 10:30:16 DEBUG o.s.w.s.m.m.a.RequestMappingHandlerMapping - Mapped to com.nt.LMS.controller.UserController#getUserNameById(long)
2025-07-07 10:30:16 DEBUG o.s.w.s.m.m.a.HttpEntityMethodProcessor - Using 'application/json', given [application/json, text/plain, */*] and supported [application/json, application/*+json]
2025-07-07 10:30:16 DEBUG o.s.w.s.m.m.a.HttpEntityMethodProcessor - Writing [StandardResponseOutDTO{status='SUCCESS', message='Fetched user info', data=UserOutDTO(userId=1, user (truncated)...]
2025-07-07 10:30:16 DEBUG o.s.web.servlet.DispatcherServlet - Completed 200 OK
2025-07-07 10:30:17 DEBUG o.s.web.servlet.DispatcherServlet - GET "/api/service-api/users/1", parameters={}
2025-07-07 10:30:17 DEBUG o.s.w.s.m.m.a.RequestMappingHandlerMapping - Mapped to com.nt.LMS.controller.UserController#getUserNameById(long)
2025-07-07 10:30:17 DEBUG o.s.w.s.m.m.a.HttpEntityMethodProcessor - Using 'application/json', given [application/json, text/plain, */*] and supported [application/json, application/*+json]
2025-07-07 10:30:17 DEBUG o.s.w.s.m.m.a.HttpEntityMethodProcessor - Writing [StandardResponseOutDTO{status='SUCCESS', message='Fetched user info', data=UserOutDTO(userId=1, user (truncated)...]
2025-07-07 10:30:17 DEBUG o.s.web.servlet.DispatcherServlet - Completed 200 OK
2025-07-07 10:30:47 DEBUG o.s.web.servlet.DispatcherServlet - GET "/api/service-api/users/getDeadlines", parameters={}
2025-07-07 10:30:47 DEBUG o.s.w.s.m.m.a.RequestMappingHandlerMapping - Mapped to com.nt.LMS.controller.UserController#getUserDeadlines()
2025-07-07 10:30:48 DEBUG o.s.w.s.m.m.a.HttpEntityMethodProcessor - Using 'application/json', given [application/json, text/plain, */*] and supported [application/json, application/*+json]
2025-07-07 10:30:48 DEBUG o.s.w.s.m.m.a.HttpEntityMethodProcessor - Writing [StandardResponseOutDTO{status='SUCCESS', message='null', data=[]}]
2025-07-07 10:30:48 DEBUG o.s.web.servlet.DispatcherServlet - Completed 200 OK
2025-07-07 10:30:48 DEBUG o.s.web.servlet.DispatcherServlet - GET "/api/service-api/enrollments/47/statistics", parameters={}
2025-07-07 10:30:48 DEBUG o.s.w.s.m.m.a.RequestMappingHandlerMapping - Mapped to com.nt.LMS.controller.UserCourseEnrollmentController#getUserEnrollments(Long)
2025-07-07 10:30:48 DEBUG o.s.w.s.m.m.a.HttpEntityMethodProcessor - Using 'application/json', given [application/json, text/plain, */*] and supported [application/json, application/*+json]
2025-07-07 10:30:48 DEBUG o.s.w.s.m.m.a.HttpEntityMethodProcessor - Writing [StandardResponseOutDTO{status='SUCCESS', message='Fetched Users Enrolled', data={groups=1, enrollmen (truncated)...]
2025-07-07 10:30:48 DEBUG o.s.web.servlet.DispatcherServlet - Completed 200 OK
2025-07-07 10:30:48 DEBUG o.s.web.servlet.DispatcherServlet - GET "/api/service-api/enrollment/userCourses/47", parameters={}
2025-07-07 10:30:48 DEBUG o.s.w.s.m.m.a.RequestMappingHandlerMapping - Mapped to com.nt.LMS.controller.EnrollmentController#getEnrolledCoursesByUserId(Long)
2025-07-07 10:30:48 DEBUG o.s.w.s.m.m.a.HttpEntityMethodProcessor - Using 'application/json', given [application/json, text/plain, */*] and supported [application/json, application/*+json]
2025-07-07 10:30:48 DEBUG o.s.w.s.m.m.a.HttpEntityMethodProcessor - Writing [StandardResponseOutDTO{status='SUCCESS', message='Fetched enrolled courses successfully', data=[User (truncated)...]
2025-07-07 10:30:48 DEBUG o.s.web.servlet.DispatcherServlet - Completed 200 OK
2025-07-07 10:30:48 DEBUG o.s.web.servlet.DispatcherServlet - GET "/api/service-api/users/1", parameters={}
2025-07-07 10:30:48 DEBUG o.s.w.s.m.m.a.RequestMappingHandlerMapping - Mapped to com.nt.LMS.controller.UserController#getUserNameById(long)
2025-07-07 10:30:48 DEBUG o.s.w.s.m.m.a.HttpEntityMethodProcessor - Using 'application/json', given [application/json, text/plain, */*] and supported [application/json, application/*+json]
2025-07-07 10:30:48 DEBUG o.s.w.s.m.m.a.HttpEntityMethodProcessor - Writing [StandardResponseOutDTO{status='SUCCESS', message='Fetched user info', data=UserOutDTO(userId=1, user (truncated)...]
2025-07-07 10:30:49 DEBUG o.s.web.servlet.DispatcherServlet - Completed 200 OK
2025-07-07 10:30:49 DEBUG o.s.web.servlet.DispatcherServlet - GET "/api/service-api/users/1", parameters={}
2025-07-07 10:30:49 DEBUG o.s.w.s.m.m.a.RequestMappingHandlerMapping - Mapped to com.nt.LMS.controller.UserController#getUserNameById(long)
2025-07-07 10:30:49 DEBUG o.s.w.s.m.m.a.HttpEntityMethodProcessor - Using 'application/json', given [application/json, text/plain, */*] and supported [application/json, application/*+json]
2025-07-07 10:30:49 DEBUG o.s.w.s.m.m.a.HttpEntityMethodProcessor - Writing [StandardResponseOutDTO{status='SUCCESS', message='Fetched user info', data=UserOutDTO(userId=1, user (truncated)...]
2025-07-07 10:30:49 DEBUG o.s.web.servlet.DispatcherServlet - Completed 200 OK
2025-07-07 10:30:50 DEBUG o.s.web.servlet.DispatcherServlet - GET "/api/service-api/enrollment/userCourses/47", parameters={}
2025-07-07 10:30:50 DEBUG o.s.w.s.m.m.a.RequestMappingHandlerMapping - Mapped to com.nt.LMS.controller.EnrollmentController#getEnrolledCoursesByUserId(Long)
2025-07-07 10:30:50 DEBUG o.s.w.s.m.m.a.HttpEntityMethodProcessor - Using 'application/json', given [application/json, text/plain, */*] and supported [application/json, application/*+json]
2025-07-07 10:30:50 DEBUG o.s.w.s.m.m.a.HttpEntityMethodProcessor - Writing [StandardResponseOutDTO{status='SUCCESS', message='Fetched enrolled courses successfully', data=[User (truncated)...]
2025-07-07 10:30:50 DEBUG o.s.web.servlet.DispatcherServlet - Completed 200 OK
2025-07-07 10:30:50 DEBUG o.s.web.servlet.DispatcherServlet - GET "/api/service-api/users/1", parameters={}
2025-07-07 10:30:50 DEBUG o.s.w.s.m.m.a.RequestMappingHandlerMapping - Mapped to com.nt.LMS.controller.UserController#getUserNameById(long)
2025-07-07 10:30:50 DEBUG o.s.w.s.m.m.a.HttpEntityMethodProcessor - Using 'application/json', given [application/json, text/plain, */*] and supported [application/json, application/*+json]
2025-07-07 10:30:50 DEBUG o.s.w.s.m.m.a.HttpEntityMethodProcessor - Writing [StandardResponseOutDTO{status='SUCCESS', message='Fetched user info', data=UserOutDTO(userId=1, user (truncated)...]
2025-07-07 10:30:50 DEBUG o.s.web.servlet.DispatcherServlet - Completed 200 OK
2025-07-07 10:30:50 DEBUG o.s.web.servlet.DispatcherServlet - GET "/api/service-api/users/1", parameters={}
2025-07-07 10:30:50 DEBUG o.s.w.s.m.m.a.RequestMappingHandlerMapping - Mapped to com.nt.LMS.controller.UserController#getUserNameById(long)
2025-07-07 10:30:50 DEBUG o.s.w.s.m.m.a.HttpEntityMethodProcessor - Using 'application/json', given [application/json, text/plain, */*] and supported [application/json, application/*+json]
2025-07-07 10:30:50 DEBUG o.s.w.s.m.m.a.HttpEntityMethodProcessor - Writing [StandardResponseOutDTO{status='SUCCESS', message='Fetched user info', data=UserOutDTO(userId=1, user (truncated)...]
2025-07-07 10:30:50 DEBUG o.s.web.servlet.DispatcherServlet - Completed 200 OK
2025-07-07 10:46:05 DEBUG o.s.web.servlet.DispatcherServlet - GET "/api/service-api/admin/users/recent", parameters={}
2025-07-07 10:46:05 DEBUG o.s.web.servlet.DispatcherServlet - GET "/api/service-api/group/count", parameters={}
2025-07-07 10:46:05 DEBUG o.s.web.servlet.DispatcherServlet - GET "/api/service-api/admin/count", parameters={}
2025-07-07 10:46:05 DEBUG o.s.web.servlet.DispatcherServlet - GET "/api/service-api/enrollment/statistics", parameters={}
2025-07-07 10:46:05 DEBUG o.s.w.s.m.m.a.RequestMappingHandlerMapping - Mapped to com.nt.LMS.controller.EnrollmentController#getEnrollmentStatistics()
2025-07-07 10:46:05 DEBUG o.s.w.s.m.m.a.RequestMappingHandlerMapping - Mapped to com.nt.LMS.controller.GroupController#getGroupCount()
2025-07-07 10:46:05 DEBUG o.s.w.s.m.m.a.RequestMappingHandlerMapping - Mapped to com.nt.LMS.controller.AdminController#getTotalUserCount()
2025-07-07 10:46:05 DEBUG o.s.w.s.m.m.a.RequestMappingHandlerMapping - Mapped to com.nt.LMS.controller.AdminController#getRecentUsers()
2025-07-07 10:46:05 INFO  c.nt.LMS.controller.AdminController - Fetching total user count
2025-07-07 10:46:05 INFO  c.nt.LMS.controller.GroupController - Received request to get total Group count.
2025-07-07 10:46:05 INFO  c.nt.LMS.controller.AdminController - Total user count retrieved: 11
2025-07-07 10:46:05 DEBUG o.s.w.s.m.m.a.HttpEntityMethodProcessor - Using 'application/json', given [application/json, text/plain, */*] and supported [application/json, application/*+json]
2025-07-07 10:46:05 DEBUG o.s.w.s.m.m.a.HttpEntityMethodProcessor - Writing [StandardResponseOutDTO{status='SUCCESS', message='Fetched User Count', data=11}]
2025-07-07 10:46:05 DEBUG o.s.web.servlet.DispatcherServlet - Completed 200 OK
2025-07-07 10:46:05 DEBUG o.s.w.s.m.m.a.HttpEntityMethodProcessor - Using 'application/json', given [application/json, text/plain, */*] and supported [application/json, application/*+json]
2025-07-07 10:46:05 INFO  c.nt.LMS.controller.GroupController - Total Group count retrieved: 2
2025-07-07 10:46:05 DEBUG o.s.w.s.m.m.a.HttpEntityMethodProcessor - Writing [StandardResponseOutDTO{status='SUCCESS', message='Fetched Recent Users', data=[UsersDetailsViewDTO(f (truncated)...]
2025-07-07 10:46:05 DEBUG o.s.w.s.m.m.a.HttpEntityMethodProcessor - Using 'application/json', given [application/json, text/plain, */*] and supported [application/json, application/*+json]
2025-07-07 10:46:05 DEBUG o.s.w.s.m.m.a.HttpEntityMethodProcessor - Writing [MessageOutDto(message=2)]
2025-07-07 10:46:05 DEBUG o.s.web.servlet.DispatcherServlet - Completed 200 OK
2025-07-07 10:46:05 DEBUG o.s.web.servlet.DispatcherServlet - Completed 200 OK
2025-07-07 10:46:05 DEBUG o.s.w.s.m.m.a.HttpEntityMethodProcessor - Using 'application/json', given [application/json, text/plain, */*] and supported [application/json, application/*+json]
2025-07-07 10:46:05 DEBUG o.s.w.s.m.m.a.HttpEntityMethodProcessor - Writing [StandardResponseOutDTO{status='SUCCESS', message='Fetched Enrollment Statistics', data=EnrollmentDas (truncated)...]
2025-07-07 10:46:05 DEBUG o.s.web.servlet.DispatcherServlet - Completed 200 OK
2025-07-07 10:47:47 DEBUG o.s.web.servlet.DispatcherServlet - GET "/api/service-api/group/count", parameters={}
2025-07-07 10:47:47 DEBUG o.s.w.s.m.m.a.RequestMappingHandlerMapping - Mapped to com.nt.LMS.controller.GroupController#getGroupCount()
2025-07-07 10:47:47 INFO  c.nt.LMS.controller.GroupController - Received request to get total Group count.
2025-07-07 10:47:47 DEBUG o.s.web.servlet.DispatcherServlet - GET "/api/service-api/admin/users/recent", parameters={}
2025-07-07 10:47:47 DEBUG o.s.w.s.m.m.a.RequestMappingHandlerMapping - Mapped to com.nt.LMS.controller.AdminController#getRecentUsers()
2025-07-07 10:47:47 DEBUG o.s.web.servlet.DispatcherServlet - GET "/api/service-api/admin/count", parameters={}
2025-07-07 10:47:47 DEBUG o.s.w.s.m.m.a.RequestMappingHandlerMapping - Mapped to com.nt.LMS.controller.AdminController#getTotalUserCount()
2025-07-07 10:47:47 INFO  c.nt.LMS.controller.AdminController - Fetching total user count
2025-07-07 10:47:47 DEBUG o.s.web.servlet.DispatcherServlet - GET "/api/service-api/enrollment/statistics", parameters={}
2025-07-07 10:47:47 DEBUG o.s.w.s.m.m.a.RequestMappingHandlerMapping - Mapped to com.nt.LMS.controller.EnrollmentController#getEnrollmentStatistics()
2025-07-07 10:47:47 INFO  c.nt.LMS.controller.GroupController - Total Group count retrieved: 2
2025-07-07 10:47:47 DEBUG o.s.w.s.m.m.a.HttpEntityMethodProcessor - Using 'application/json', given [application/json, text/plain, */*] and supported [application/json, application/*+json]
2025-07-07 10:47:47 DEBUG o.s.w.s.m.m.a.HttpEntityMethodProcessor - Writing [MessageOutDto(message=2)]
2025-07-07 10:47:47 DEBUG o.s.web.servlet.DispatcherServlet - Completed 200 OK
2025-07-07 10:47:47 DEBUG o.s.w.s.m.m.a.HttpEntityMethodProcessor - Using 'application/json', given [application/json, text/plain, */*] and supported [application/json, application/*+json]
2025-07-07 10:47:47 DEBUG o.s.w.s.m.m.a.HttpEntityMethodProcessor - Writing [StandardResponseOutDTO{status='SUCCESS', message='Fetched Recent Users', data=[UsersDetailsViewDTO(f (truncated)...]
2025-07-07 10:47:47 INFO  c.nt.LMS.controller.AdminController - Total user count retrieved: 11
2025-07-07 10:47:47 DEBUG o.s.w.s.m.m.a.HttpEntityMethodProcessor - Using 'application/json', given [application/json, text/plain, */*] and supported [application/json, application/*+json]
2025-07-07 10:47:47 DEBUG o.s.web.servlet.DispatcherServlet - Completed 200 OK
2025-07-07 10:47:47 DEBUG o.s.w.s.m.m.a.HttpEntityMethodProcessor - Writing [StandardResponseOutDTO{status='SUCCESS', message='Fetched User Count', data=11}]
2025-07-07 10:47:47 DEBUG o.s.web.servlet.DispatcherServlet - Completed 200 OK
2025-07-07 10:47:47 DEBUG o.s.w.s.m.m.a.HttpEntityMethodProcessor - Using 'application/json', given [application/json, text/plain, */*] and supported [application/json, application/*+json]
2025-07-07 10:47:47 DEBUG o.s.w.s.m.m.a.HttpEntityMethodProcessor - Writing [StandardResponseOutDTO{status='SUCCESS', message='Fetched Enrollment Statistics', data=EnrollmentDas (truncated)...]
2025-07-07 10:47:47 DEBUG o.s.web.servlet.DispatcherServlet - Completed 200 OK
2025-07-07 11:18:30 WARN  com.zaxxer.hikari.pool.HikariPool - HikariPool-1 - Thread starvation or clock leap detected (housekeeper delta=23m34s223ms180µs300ns).
2025-07-07 11:39:28 DEBUG o.s.web.servlet.DispatcherServlet - GET "/api/service-api/admin/users/recent", parameters={}
2025-07-07 11:39:28 DEBUG o.s.web.servlet.DispatcherServlet - GET "/api/service-api/group/count", parameters={}
2025-07-07 11:39:28 DEBUG o.s.web.servlet.DispatcherServlet - GET "/api/service-api/enrollment/statistics", parameters={}
2025-07-07 11:39:28 DEBUG o.s.web.servlet.DispatcherServlet - GET "/api/service-api/admin/count", parameters={}
2025-07-07 11:39:28 DEBUG o.s.w.s.m.m.a.RequestMappingHandlerMapping - Mapped to com.nt.LMS.controller.EnrollmentController#getEnrollmentStatistics()
2025-07-07 11:39:28 DEBUG o.s.w.s.m.m.a.RequestMappingHandlerMapping - Mapped to com.nt.LMS.controller.AdminController#getRecentUsers()
2025-07-07 11:39:28 DEBUG o.s.w.s.m.m.a.RequestMappingHandlerMapping - Mapped to com.nt.LMS.controller.GroupController#getGroupCount()
2025-07-07 11:39:28 DEBUG o.s.w.s.m.m.a.RequestMappingHandlerMapping - Mapped to com.nt.LMS.controller.AdminController#getTotalUserCount()
2025-07-07 11:39:28 INFO  c.nt.LMS.controller.AdminController - Fetching total user count
2025-07-07 11:39:28 INFO  c.nt.LMS.controller.GroupController - Received request to get total Group count.
2025-07-07 11:39:28 INFO  c.nt.LMS.controller.GroupController - Total Group count retrieved: 2
2025-07-07 11:39:28 DEBUG o.s.w.s.m.m.a.HttpEntityMethodProcessor - Using 'application/json', given [application/json, text/plain, */*] and supported [application/json, application/*+json]
2025-07-07 11:39:28 DEBUG o.s.w.s.m.m.a.HttpEntityMethodProcessor - Using 'application/json', given [application/json, text/plain, */*] and supported [application/json, application/*+json]
2025-07-07 11:39:28 DEBUG o.s.w.s.m.m.a.HttpEntityMethodProcessor - Writing [MessageOutDto(message=2)]
2025-07-07 11:39:28 DEBUG o.s.w.s.m.m.a.HttpEntityMethodProcessor - Writing [StandardResponseOutDTO{status='SUCCESS', message='Fetched Recent Users', data=[UsersDetailsViewDTO(f (truncated)...]
2025-07-07 11:39:28 INFO  c.nt.LMS.controller.AdminController - Total user count retrieved: 11
2025-07-07 11:39:28 DEBUG o.s.w.s.m.m.a.HttpEntityMethodProcessor - Using 'application/json', given [application/json, text/plain, */*] and supported [application/json, application/*+json]
2025-07-07 11:39:28 DEBUG o.s.web.servlet.DispatcherServlet - Completed 200 OK
2025-07-07 11:39:28 DEBUG o.s.web.servlet.DispatcherServlet - Completed 200 OK
2025-07-07 11:39:28 DEBUG o.s.w.s.m.m.a.HttpEntityMethodProcessor - Using 'application/json', given [application/json, text/plain, */*] and supported [application/json, application/*+json]
2025-07-07 11:39:28 DEBUG o.s.w.s.m.m.a.HttpEntityMethodProcessor - Writing [StandardResponseOutDTO{status='SUCCESS', message='Fetched User Count', data=11}]
2025-07-07 11:39:28 DEBUG o.s.w.s.m.m.a.HttpEntityMethodProcessor - Writing [StandardResponseOutDTO{status='SUCCESS', message='Fetched Enrollment Statistics', data=EnrollmentDas (truncated)...]
2025-07-07 11:39:28 DEBUG o.s.web.servlet.DispatcherServlet - Completed 200 OK
2025-07-07 11:39:28 DEBUG o.s.web.servlet.DispatcherServlet - Completed 200 OK
2025-07-07 11:39:35 DEBUG o.s.web.servlet.DispatcherServlet - GET "/api/service-api/group/groups", parameters={}
2025-07-07 11:39:35 DEBUG o.s.w.s.m.m.a.RequestMappingHandlerMapping - Mapped to com.nt.LMS.controller.GroupController#getGroups()
2025-07-07 11:39:35 DEBUG o.s.web.servlet.DispatcherServlet - GET "/api/service-api/admin/active-employees", parameters={}
2025-07-07 11:39:35 DEBUG o.s.w.s.m.m.a.RequestMappingHandlerMapping - Mapped to com.nt.LMS.controller.AdminController#getAllEmployees()
2025-07-07 11:39:35 INFO  c.nt.LMS.controller.GroupController - Fetching groups for user: anil@nucleusteq.com
2025-07-07 11:39:35 INFO  c.nt.LMS.controller.AdminController - Fetching all employees
2025-07-07 11:39:35 INFO  c.n.L.s.serviceImpl.AdminServiceImpl - Fetching all users
2025-07-07 11:39:36 INFO  c.nt.LMS.controller.GroupController - Found 1 groups for user: anil@nucleusteq.com
2025-07-07 11:39:36 DEBUG o.s.w.s.m.m.a.HttpEntityMethodProcessor - Using 'application/json', given [application/json, text/plain, */*] and supported [application/json, application/*+json]
2025-07-07 11:39:36 DEBUG o.s.w.s.m.m.a.HttpEntityMethodProcessor - Writing [StandardResponseOutDTO{status='SUCCESS', message='Group fetched Successfully', data=[GroupOutDTO(gro (truncated)...]
2025-07-07 11:39:36 DEBUG o.s.web.servlet.DispatcherServlet - Completed 200 OK
2025-07-07 11:39:36 INFO  c.n.L.s.serviceImpl.AdminServiceImpl - Successfully fetched 11 users
2025-07-07 11:39:36 INFO  c.nt.LMS.controller.AdminController - Fetched 11 employees
2025-07-07 11:39:36 DEBUG o.s.w.s.m.m.a.HttpEntityMethodProcessor - Using 'application/json', given [application/json, text/plain, */*] and supported [application/json, application/*+json]
2025-07-07 11:39:36 DEBUG o.s.w.s.m.m.a.HttpEntityMethodProcessor - Writing [StandardResponseOutDTO{status='SUCCESS', message='User fetched Successfully', data=[UserOutDTO(userI (truncated)...]
2025-07-07 11:39:36 DEBUG o.s.web.servlet.DispatcherServlet - Completed 200 OK
2025-07-07 11:39:37 DEBUG o.s.web.servlet.DispatcherServlet - GET "/api/service-api/admin/active-employees", parameters={}
2025-07-07 11:39:37 DEBUG o.s.w.s.m.m.a.RequestMappingHandlerMapping - Mapped to com.nt.LMS.controller.AdminController#getAllEmployees()
2025-07-07 11:39:37 INFO  c.nt.LMS.controller.AdminController - Fetching all employees
2025-07-07 11:39:37 INFO  c.n.L.s.serviceImpl.AdminServiceImpl - Fetching all users
2025-07-07 11:39:37 INFO  c.n.L.s.serviceImpl.AdminServiceImpl - Successfully fetched 11 users
2025-07-07 11:39:37 INFO  c.nt.LMS.controller.AdminController - Fetched 11 employees
2025-07-07 11:39:37 DEBUG o.s.w.s.m.m.a.HttpEntityMethodProcessor - Using 'application/json', given [application/json, text/plain, */*] and supported [application/json, application/*+json]
2025-07-07 11:39:37 DEBUG o.s.w.s.m.m.a.HttpEntityMethodProcessor - Writing [StandardResponseOutDTO{status='SUCCESS', message='User fetched Successfully', data=[UserOutDTO(userI (truncated)...]
2025-07-07 11:39:37 DEBUG o.s.web.servlet.DispatcherServlet - Completed 200 OK
2025-07-07 11:39:37 DEBUG o.s.web.servlet.DispatcherServlet - GET "/api/service-api/admin/inactive-employees", parameters={}
2025-07-07 11:39:37 DEBUG o.s.w.s.m.m.a.RequestMappingHandlerMapping - Mapped to com.nt.LMS.controller.AdminController#getAllInactiveEmployees()
2025-07-07 11:39:37 INFO  c.nt.LMS.controller.AdminController - Fetching all inactive employees
2025-07-07 11:39:37 INFO  c.n.L.s.serviceImpl.AdminServiceImpl - Fetching all  inactive users
2025-07-07 11:39:38 INFO  c.n.L.s.serviceImpl.AdminServiceImpl - Successfully fetched 6 inactive users
2025-07-07 11:39:38 INFO  c.nt.LMS.controller.AdminController - Fetched 6 inactive employees
2025-07-07 11:39:38 DEBUG o.s.w.s.m.m.a.HttpEntityMethodProcessor - Using 'application/json', given [application/json, text/plain, */*] and supported [application/json, application/*+json]
2025-07-07 11:39:38 DEBUG o.s.w.s.m.m.a.HttpEntityMethodProcessor - Writing [StandardResponseOutDTO{status='SUCCESS', message='User fetched Successfully', data=[UserOutDTO(userI (truncated)...]
2025-07-07 11:39:38 DEBUG o.s.web.servlet.DispatcherServlet - Completed 200 OK
2025-07-07 11:39:39 DEBUG o.s.web.servlet.DispatcherServlet - GET "/api/service-api/enrollment/statistics", parameters={}
2025-07-07 11:39:39 DEBUG o.s.w.s.m.m.a.RequestMappingHandlerMapping - Mapped to com.nt.LMS.controller.EnrollmentController#getEnrollmentStatistics()
2025-07-07 11:39:39 DEBUG o.s.web.servlet.DispatcherServlet - GET "/api/service-api/admin/active-employees", parameters={}
2025-07-07 11:39:39 DEBUG o.s.w.s.m.m.a.RequestMappingHandlerMapping - Mapped to com.nt.LMS.controller.AdminController#getAllEmployees()
2025-07-07 11:39:39 INFO  c.nt.LMS.controller.AdminController - Fetching all employees
2025-07-07 11:39:39 INFO  c.n.L.s.serviceImpl.AdminServiceImpl - Fetching all users
2025-07-07 11:39:39 DEBUG o.s.w.s.m.m.a.HttpEntityMethodProcessor - Using 'application/json', given [application/json, text/plain, */*] and supported [application/json, application/*+json]
2025-07-07 11:39:39 DEBUG o.s.w.s.m.m.a.HttpEntityMethodProcessor - Writing [StandardResponseOutDTO{status='SUCCESS', message='Fetched Enrollment Statistics', data=EnrollmentDas (truncated)...]
2025-07-07 11:39:39 DEBUG o.s.web.servlet.DispatcherServlet - Completed 200 OK
2025-07-07 11:39:39 DEBUG o.s.web.servlet.DispatcherServlet - GET "/api/service-api/enrollment/user-enrollments", parameters={}
2025-07-07 11:39:39 DEBUG o.s.w.s.m.m.a.RequestMappingHandlerMapping - Mapped to com.nt.LMS.controller.EnrollmentController#getUserEnrollments()
2025-07-07 11:39:39 INFO  c.n.L.s.serviceImpl.AdminServiceImpl - Successfully fetched 11 users
2025-07-07 11:39:39 INFO  c.nt.LMS.controller.AdminController - Fetched 11 employees
2025-07-07 11:39:39 DEBUG o.s.w.s.m.m.a.HttpEntityMethodProcessor - Using 'application/json', given [application/json, text/plain, */*] and supported [application/json, application/*+json]
2025-07-07 11:39:39 DEBUG o.s.w.s.m.m.a.HttpEntityMethodProcessor - Writing [StandardResponseOutDTO{status='SUCCESS', message='User fetched Successfully', data=[UserOutDTO(userI (truncated)...]
2025-07-07 11:39:39 DEBUG o.s.web.servlet.DispatcherServlet - Completed 200 OK
2025-07-07 11:39:40 DEBUG o.s.w.c.HttpMessageConverterExtractor - Reading to [java.util.List<java.lang.Long>]
2025-07-07 11:39:40 DEBUG o.s.w.c.HttpMessageConverterExtractor - Reading to [java.lang.String] as "text/plain;charset=UTF-8"
2025-07-07 11:39:40 DEBUG o.s.w.c.HttpMessageConverterExtractor - Reading to [java.lang.String] as "text/plain;charset=UTF-8"
2025-07-07 11:39:41 DEBUG o.s.w.c.HttpMessageConverterExtractor - Reading to [com.nt.LMS.dto.outDTO.CourseProgressWithMetaDTO]
2025-07-07 11:39:41 DEBUG o.s.w.c.HttpMessageConverterExtractor - Reading to [com.nt.LMS.dto.outDTO.CourseProgressWithMetaDTO]
2025-07-07 11:39:41 DEBUG o.s.w.c.HttpMessageConverterExtractor - Reading to [com.nt.LMS.dto.outDTO.CourseProgressWithMetaDTO]
2025-07-07 11:39:41 DEBUG o.s.w.c.HttpMessageConverterExtractor - Reading to [com.nt.LMS.dto.outDTO.CourseProgressWithMetaDTO]
2025-07-07 11:39:41 DEBUG o.s.w.c.HttpMessageConverterExtractor - Reading to [com.nt.LMS.dto.outDTO.CourseProgressWithMetaDTO]
2025-07-07 11:39:41 DEBUG o.s.w.s.m.m.a.HttpEntityMethodProcessor - Using 'application/json', given [application/json, text/plain, */*] and supported [application/json, application/*+json]
2025-07-07 11:39:41 DEBUG o.s.w.s.m.m.a.HttpEntityMethodProcessor - Writing [StandardResponseOutDTO{status='SUCCESS', message='User Enrollment Fetched', data=[UserEnrollmentsOut (truncated)...]
2025-07-07 11:39:41 DEBUG o.s.web.servlet.DispatcherServlet - Completed 200 OK
2025-07-07 11:39:42 DEBUG o.s.web.servlet.DispatcherServlet - GET "/api/service-api/enrollment/user-enrollments", parameters={}
2025-07-07 11:39:42 DEBUG o.s.w.s.m.m.a.RequestMappingHandlerMapping - Mapped to com.nt.LMS.controller.EnrollmentController#getUserEnrollments()
2025-07-07 11:39:42 DEBUG o.s.w.c.HttpMessageConverterExtractor - Reading to [java.util.List<java.lang.Long>]
2025-07-07 11:39:42 DEBUG o.s.w.c.HttpMessageConverterExtractor - Reading to [java.lang.String] as "text/plain;charset=UTF-8"
2025-07-07 11:39:42 DEBUG o.s.w.c.HttpMessageConverterExtractor - Reading to [java.lang.String] as "text/plain;charset=UTF-8"
2025-07-07 11:39:42 DEBUG o.s.w.c.HttpMessageConverterExtractor - Reading to [com.nt.LMS.dto.outDTO.CourseProgressWithMetaDTO]
2025-07-07 11:39:43 DEBUG o.s.w.c.HttpMessageConverterExtractor - Reading to [com.nt.LMS.dto.outDTO.CourseProgressWithMetaDTO]
2025-07-07 11:39:43 DEBUG o.s.w.c.HttpMessageConverterExtractor - Reading to [com.nt.LMS.dto.outDTO.CourseProgressWithMetaDTO]
2025-07-07 11:39:43 DEBUG o.s.w.c.HttpMessageConverterExtractor - Reading to [com.nt.LMS.dto.outDTO.CourseProgressWithMetaDTO]
2025-07-07 11:39:43 DEBUG o.s.w.c.HttpMessageConverterExtractor - Reading to [com.nt.LMS.dto.outDTO.CourseProgressWithMetaDTO]
2025-07-07 11:39:43 DEBUG o.s.w.s.m.m.a.HttpEntityMethodProcessor - Using 'application/json', given [application/json, text/plain, */*] and supported [application/json, application/*+json]
2025-07-07 11:39:43 DEBUG o.s.w.s.m.m.a.HttpEntityMethodProcessor - Writing [StandardResponseOutDTO{status='SUCCESS', message='User Enrollment Fetched', data=[UserEnrollmentsOut (truncated)...]
2025-07-07 11:39:43 DEBUG o.s.web.servlet.DispatcherServlet - Completed 200 OK
2025-07-07 11:40:05 DEBUG o.s.web.servlet.DispatcherServlet - GET "/api/service-api/admin/active-employees", parameters={}
2025-07-07 11:40:05 DEBUG o.s.w.s.m.m.a.RequestMappingHandlerMapping - Mapped to com.nt.LMS.controller.AdminController#getAllEmployees()
2025-07-07 11:40:05 INFO  c.nt.LMS.controller.AdminController - Fetching all employees
2025-07-07 11:40:05 INFO  c.n.L.s.serviceImpl.AdminServiceImpl - Fetching all users
2025-07-07 11:40:05 INFO  c.n.L.s.serviceImpl.AdminServiceImpl - Successfully fetched 11 users
2025-07-07 11:40:05 INFO  c.nt.LMS.controller.AdminController - Fetched 11 employees
2025-07-07 11:40:05 DEBUG o.s.w.s.m.m.a.HttpEntityMethodProcessor - Using 'application/json', given [application/json, text/plain, */*] and supported [application/json, application/*+json]
2025-07-07 11:40:05 DEBUG o.s.w.s.m.m.a.HttpEntityMethodProcessor - Writing [StandardResponseOutDTO{status='SUCCESS', message='User fetched Successfully', data=[UserOutDTO(userI (truncated)...]
2025-07-07 11:40:05 DEBUG o.s.web.servlet.DispatcherServlet - Completed 200 OK
2025-07-07 11:40:05 DEBUG o.s.web.servlet.DispatcherServlet - GET "/api/service-api/admin/inactive-employees", parameters={}
2025-07-07 11:40:05 DEBUG o.s.w.s.m.m.a.RequestMappingHandlerMapping - Mapped to com.nt.LMS.controller.AdminController#getAllInactiveEmployees()
2025-07-07 11:40:05 INFO  c.nt.LMS.controller.AdminController - Fetching all inactive employees
2025-07-07 11:40:05 INFO  c.n.L.s.serviceImpl.AdminServiceImpl - Fetching all  inactive users
2025-07-07 11:40:05 INFO  c.n.L.s.serviceImpl.AdminServiceImpl - Successfully fetched 6 inactive users
2025-07-07 11:40:05 INFO  c.nt.LMS.controller.AdminController - Fetched 6 inactive employees
2025-07-07 11:40:05 DEBUG o.s.w.s.m.m.a.HttpEntityMethodProcessor - Using 'application/json', given [application/json, text/plain, */*] and supported [application/json, application/*+json]
2025-07-07 11:40:05 DEBUG o.s.w.s.m.m.a.HttpEntityMethodProcessor - Writing [StandardResponseOutDTO{status='SUCCESS', message='User fetched Successfully', data=[UserOutDTO(userI (truncated)...]
2025-07-07 11:40:05 DEBUG o.s.web.servlet.DispatcherServlet - Completed 200 OK
2025-07-07 11:40:10 DEBUG o.s.web.servlet.DispatcherServlet - GET "/api/service-api/group/groups", parameters={}
2025-07-07 11:40:10 DEBUG o.s.w.s.m.m.a.RequestMappingHandlerMapping - Mapped to com.nt.LMS.controller.GroupController#getGroups()
2025-07-07 11:40:10 INFO  c.nt.LMS.controller.GroupController - Fetching groups for user: anil@nucleusteq.com
2025-07-07 11:40:10 DEBUG o.s.web.servlet.DispatcherServlet - GET "/api/service-api/admin/active-employees", parameters={}
2025-07-07 11:40:10 DEBUG o.s.w.s.m.m.a.RequestMappingHandlerMapping - Mapped to com.nt.LMS.controller.AdminController#getAllEmployees()
2025-07-07 11:40:10 INFO  c.nt.LMS.controller.AdminController - Fetching all employees
2025-07-07 11:40:10 INFO  c.n.L.s.serviceImpl.AdminServiceImpl - Fetching all users
2025-07-07 11:40:10 INFO  c.nt.LMS.controller.GroupController - Found 1 groups for user: anil@nucleusteq.com
2025-07-07 11:40:10 DEBUG o.s.w.s.m.m.a.HttpEntityMethodProcessor - Using 'application/json', given [application/json, text/plain, */*] and supported [application/json, application/*+json]
2025-07-07 11:40:10 DEBUG o.s.w.s.m.m.a.HttpEntityMethodProcessor - Writing [StandardResponseOutDTO{status='SUCCESS', message='Group fetched Successfully', data=[GroupOutDTO(gro (truncated)...]
2025-07-07 11:40:10 DEBUG o.s.web.servlet.DispatcherServlet - Completed 200 OK
2025-07-07 11:40:10 INFO  c.n.L.s.serviceImpl.AdminServiceImpl - Successfully fetched 11 users
2025-07-07 11:40:10 INFO  c.nt.LMS.controller.AdminController - Fetched 11 employees
2025-07-07 11:40:10 DEBUG o.s.w.s.m.m.a.HttpEntityMethodProcessor - Using 'application/json', given [application/json, text/plain, */*] and supported [application/json, application/*+json]
2025-07-07 11:40:10 DEBUG o.s.w.s.m.m.a.HttpEntityMethodProcessor - Writing [StandardResponseOutDTO{status='SUCCESS', message='User fetched Successfully', data=[UserOutDTO(userI (truncated)...]
2025-07-07 11:40:10 DEBUG o.s.web.servlet.DispatcherServlet - Completed 200 OK
2025-07-07 11:40:21 DEBUG o.s.web.servlet.DispatcherServlet - GET "/api/service-api/admin/count", parameters={}
2025-07-07 11:40:21 DEBUG o.s.web.servlet.DispatcherServlet - GET "/api/service-api/group/count", parameters={}
2025-07-07 11:40:21 DEBUG o.s.w.s.m.m.a.RequestMappingHandlerMapping - Mapped to com.nt.LMS.controller.AdminController#getTotalUserCount()
2025-07-07 11:40:21 INFO  c.nt.LMS.controller.AdminController - Fetching total user count
2025-07-07 11:40:21 DEBUG o.s.w.s.m.m.a.RequestMappingHandlerMapping - Mapped to com.nt.LMS.controller.GroupController#getGroupCount()
2025-07-07 11:40:21 INFO  c.nt.LMS.controller.GroupController - Received request to get total Group count.
2025-07-07 11:40:21 DEBUG o.s.web.servlet.DispatcherServlet - GET "/api/service-api/enrollment/statistics", parameters={}
2025-07-07 11:40:21 DEBUG o.s.w.s.m.m.a.RequestMappingHandlerMapping - Mapped to com.nt.LMS.controller.EnrollmentController#getEnrollmentStatistics()
2025-07-07 11:40:21 INFO  c.nt.LMS.controller.GroupController - Total Group count retrieved: 2
2025-07-07 11:40:21 DEBUG o.s.w.s.m.m.a.HttpEntityMethodProcessor - Using 'application/json', given [application/json, text/plain, */*] and supported [application/json, application/*+json]
2025-07-07 11:40:21 DEBUG o.s.w.s.m.m.a.HttpEntityMethodProcessor - Writing [MessageOutDto(message=2)]
2025-07-07 11:40:21 DEBUG o.s.web.servlet.DispatcherServlet - Completed 200 OK
2025-07-07 11:40:21 INFO  c.nt.LMS.controller.AdminController - Total user count retrieved: 11
2025-07-07 11:40:21 DEBUG o.s.w.s.m.m.a.HttpEntityMethodProcessor - Using 'application/json', given [application/json, text/plain, */*] and supported [application/json, application/*+json]
2025-07-07 11:40:21 DEBUG o.s.web.servlet.DispatcherServlet - GET "/api/service-api/admin/users/recent", parameters={}
2025-07-07 11:40:21 DEBUG o.s.w.s.m.m.a.HttpEntityMethodProcessor - Writing [StandardResponseOutDTO{status='SUCCESS', message='Fetched User Count', data=11}]
2025-07-07 11:40:21 DEBUG o.s.web.servlet.DispatcherServlet - Completed 200 OK
2025-07-07 11:40:21 DEBUG o.s.w.s.m.m.a.RequestMappingHandlerMapping - Mapped to com.nt.LMS.controller.AdminController#getRecentUsers()
2025-07-07 11:40:21 DEBUG o.s.w.s.m.m.a.HttpEntityMethodProcessor - Using 'application/json', given [application/json, text/plain, */*] and supported [application/json, application/*+json]
2025-07-07 11:40:21 DEBUG o.s.w.s.m.m.a.HttpEntityMethodProcessor - Writing [StandardResponseOutDTO{status='SUCCESS', message='Fetched Enrollment Statistics', data=EnrollmentDas (truncated)...]
2025-07-07 11:40:21 DEBUG o.s.web.servlet.DispatcherServlet - Completed 200 OK
2025-07-07 11:40:21 DEBUG o.s.w.s.m.m.a.HttpEntityMethodProcessor - Using 'application/json', given [application/json, text/plain, */*] and supported [application/json, application/*+json]
2025-07-07 11:40:21 DEBUG o.s.w.s.m.m.a.HttpEntityMethodProcessor - Writing [StandardResponseOutDTO{status='SUCCESS', message='Fetched Recent Users', data=[UsersDetailsViewDTO(f (truncated)...]
2025-07-07 11:40:21 DEBUG o.s.web.servlet.DispatcherServlet - Completed 200 OK
